# Group-averaged damage energy (MF3 MT444, eV b) and total (MT1, b) cross sections of
# natural elements, ENDF/B-VIII.0 processed with NJOY-2016 by the IAEA NDS (CRP
# Primary Radiation Damage Cross Sections), 50 groups per decade, flat in lethargy.
# Made by verification/correlations/extract_damage_energy.py.
lower_eV,upper_eV,C_damage_eV_b,C_total_b,Al_damage_eV_b,Al_total_b,Si_damage_eV_b,Si_total_b,Ti_damage_eV_b,Ti_total_b,Cr_damage_eV_b,Cr_total_b,Fe_damage_eV_b,Fe_total_b,Ni_damage_eV_b,Ni_total_b,Zr_damage_eV_b,Zr_total_b,Nb_damage_eV_b,Nb_total_b,Mo_damage_eV_b,Mo_total_b,W_damage_eV_b,W_total_b,U_damage_eV_b,U_total_b
1.000000e-05,1.047133e-05,1.448142e+02,7.770556e+01,1.041856e+04,2.712674e+01,8.570741e+03,2.954961e+01,4.054493e+04,3.485405e+02,1.090581e+05,1.820789e+02,2.057837e+04,2.135714e+02,2.961048e+04,3.348189e+02,4.445759e+02,4.895801e+01,1.454828e+04,9.423769e+01,8.788224e+03,1.593548e+02,5.251621e+02,9.204417e+02,1.528362e+06,4.282663e+02
1.047133e-05,1.096487e-05,1.415166e+02,7.594182e+01,1.018132e+04,2.651159e+01,8.375575e+03,2.888041e+01,3.962167e+04,3.406124e+02,1.065747e+05,1.779414e+02,2.010978e+04,2.087371e+02,2.893621e+04,3.272411e+02,4.344554e+02,4.786501e+01,1.421699e+04,9.211275e+01,8.588104e+03,1.557453e+02,5.132035e+02,8.995071e+02,1.493557e+06,4.185622e+02
1.096487e-05,1.148167e-05,1.382952e+02,7.421900e+01,9.949561e+03,2.591072e+01,8.184921e+03,2.822676e+01,3.871977e+04,3.328679e+02,1.041488e+05,1.738997e+02,1.965201e+04,2.040154e+02,2.827753e+04,3.198395e+02,4.245692e+02,4.679778e+01,1.389337e+04,9.003742e+01,8.392613e+03,1.522197e+02,5.015214e+02,8.790573e+02,1.459556e+06,4.090836e+02
1.148167e-05,1.202283e-05,1.351454e+02,7.253456e+01,9.722947e+03,2.532326e+01,7.998501e+03,2.758770e+01,3.783787e+04,3.252956e+02,1.017766e+05,1.699480e+02,1.920442e+04,1.993991e+02,2.763348e+04,3.126034e+02,4.149024e+02,4.575477e+01,1.357693e+04,8.800867e+01,8.201460e+03,1.487728e+02,4.900989e+02,8.590622e+02,1.426311e+06,3.998165e+02
1.202283e-05,1.258950e-05,1.320686e+02,7.088930e+01,9.501587e+03,2.474947e+01,7.816399e+03,2.696355e+01,3.697642e+04,3.178988e+02,9.945949e+04,1.660880e+02,1.876720e+04,1.948905e+02,2.700435e+04,3.055360e+02,4.054598e+02,4.473644e+01,1.326783e+04,8.602742e+01,8.014740e+03,1.454062e+02,4.789410e+02,8.395308e+02,1.393836e+06,3.907652e+02
1.258950e-05,1.318287e-05,1.290618e+02,6.928164e+01,9.285267e+03,2.418882e+01,7.638446e+03,2.635371e+01,3.613460e+04,3.106709e+02,9.719513e+04,1.623162e+02,1.833993e+04,1.904853e+02,2.638955e+04,2.986308e+02,3.962322e+02,4.374184e+01,1.296577e+04,8.409181e+01,7.832271e+03,1.421168e+02,4.680371e+02,8.204450e+02,1.362100e+06,3.819213e+02
1.318287e-05,1.380422e-05,1.261235e+02,6.771077e+01,9.073876e+03,2.364100e+01,7.464548e+03,2.575785e+01,3.531195e+04,3.036078e+02,9.498235e+04,1.586305e+02,1.792239e+04,1.861812e+02,2.578876e+04,2.918841e+02,3.872150e+02,4.277046e+01,1.267058e+04,8.220082e+01,7.653958e+03,1.389028e+02,4.573817e+02,8.017946e+02,1.331087e+06,3.732799e+02
1.380422e-05,1.445484e-05,1.232630e+02,6.618160e+01,8.868078e+03,2.310774e+01,7.295248e+03,2.517785e+01,3.451106e+04,2.967317e+02,9.282810e+04,1.550426e+02,1.751591e+04,1.819917e+02,2.520386e+04,2.853171e+02,3.784364e+02,4.182535e+01,1.238321e+04,8.036042e+01,7.480364e+03,1.357743e+02,4.470081e+02,7.836383e+02,1.300894e+06,3.648685e+02
1.445484e-05,1.513614e-05,1.204554e+02,6.468084e+01,8.666111e+03,2.258449e+01,7.129103e+03,2.460875e+01,3.372509e+04,2.899840e+02,9.071400e+04,1.515217e+02,1.711698e+04,1.778810e+02,2.462985e+04,2.788736e+02,3.698213e+02,4.089839e+01,1.210119e+04,7.855482e+01,7.310002e+03,1.327046e+02,4.368278e+02,7.658207e+02,1.271265e+06,3.566149e+02
1.513614e-05,1.584954e-05,1.177078e+02,6.321238e+01,8.468779e+03,2.207330e+01,6.966769e+03,2.405281e+01,3.295715e+04,2.833914e+02,8.864839e+04,1.480819e+02,1.672723e+04,1.738654e+02,2.406902e+04,2.725791e+02,3.614041e+02,3.999327e+01,1.182564e+04,7.679121e+01,7.143549e+03,1.297059e+02,4.268810e+02,7.484126e+02,1.242315e+06,3.485518e+02
1.584954e-05,1.659657e-05,1.150264e+02,6.177946e+01,8.275946e+03,2.157384e+01,6.808137e+03,2.350964e+01,3.220672e+04,2.769493e+02,8.662989e+04,1.447206e+02,1.634635e+04,1.699422e+02,2.352097e+04,2.664295e+02,3.531788e+02,3.910939e+01,1.155636e+04,7.506838e+01,6.980892e+03,1.267760e+02,4.171611e+02,7.314020e+02,1.214024e+06,3.406739e+02
1.659657e-05,1.737881e-05,1.124053e+02,6.037885e+01,8.087457e+03,2.108571e+01,6.653078e+03,2.297881e+01,3.147320e+04,2.706524e+02,8.465684e+04,1.414354e+02,1.597405e+04,1.661081e+02,2.298527e+04,2.604196e+02,3.451390e+02,3.824602e+01,1.129316e+04,7.338494e+01,6.821898e+03,1.239126e+02,4.076600e+02,7.147754e+02,1.186370e+06,3.329747e+02
1.737881e-05,1.819792e-05,1.098509e+02,5.901405e+01,7.903175e+03,2.060855e+01,6.501480e+03,2.245994e+01,3.075605e+04,2.644965e+02,8.272784e+04,1.382237e+02,1.561007e+04,1.623604e+02,2.246152e+04,2.545452e+02,3.372786e+02,3.740254e+01,1.103584e+04,7.173966e+01,6.666453e+03,1.211137e+02,3.983711e+02,6.985206e+02,1.159335e+06,3.254487e+02
1.819792e-05,1.905564e-05,1.073513e+02,5.767876e+01,7.723317e+03,2.014292e+01,6.353522e+03,2.195364e+01,3.005611e+04,2.584886e+02,8.084514e+04,1.350894e+02,1.525482e+04,1.587036e+02,2.195036e+04,2.488133e+02,3.296071e+02,3.657997e+01,1.078468e+04,7.013451e+01,6.514740e+03,1.183826e+02,3.893051e+02,6.826567e+02,1.132948e+06,3.181046e+02
1.905564e-05,1.995378e-05,1.049067e+02,5.637304e+01,7.547445e+03,1.968768e+01,6.208843e+03,2.145867e+01,2.937169e+04,2.526141e+02,7.900417e+04,1.320248e+02,1.490744e+04,1.551287e+02,2.145051e+04,2.432098e+02,3.221055e+02,3.577626e+01,1.053910e+04,6.856555e+01,6.366389e+03,1.157125e+02,3.804401e+02,6.671451e+02,1.107146e+06,3.109247e+02
1.995378e-05,2.089425e-05,1.025212e+02,5.509905e+01,7.376095e+03,1.924424e+01,6.067883e+03,2.097654e+01,2.870487e+04,2.468909e+02,7.721053e+04,1.290393e+02,1.456900e+04,1.516467e+02,2.096352e+04,2.377519e+02,3.147971e+02,3.499391e+01,1.029983e+04,6.703760e+01,6.221654e+03,1.131045e+02,3.718030e+02,6.520331e+02,1.081919e+06,3.039159e+02
2.089425e-05,2.187905e-05,1.001872e+02,5.385274e+01,7.208070e+03,1.880948e+01,5.929658e+03,2.050387e+01,2.805098e+04,2.412790e+02,7.545170e+04,1.261119e+02,1.423712e+04,1.482330e+02,2.048598e+04,2.324012e+02,3.076305e+02,3.422739e+01,1.006520e+04,6.553990e+01,6.079951e+03,1.105558e+02,3.633334e+02,6.372149e+02,1.057281e+06,2.970611e+02
2.187905e-05,2.291027e-05,9.790655e+01,5.263508e+01,7.043899e+03,1.838476e+01,5.794603e+03,2.004218e+01,2.741208e+04,2.357961e+02,7.373320e+04,1.232520e+02,1.391285e+04,1.448986e+02,2.001939e+04,2.271747e+02,3.006283e+02,3.347913e+01,9.835957e+03,6.407722e+01,5.941671e+03,1.080726e+02,3.550582e+02,6.227376e+02,1.033209e+06,2.903656e+02
2.291027e-05,2.399009e-05,9.567689e+01,5.144485e+01,6.883519e+03,1.796995e+01,5.662669e+03,1.959126e+01,2.678795e+04,2.304402e+02,7.205439e+04,1.204585e+02,1.359608e+04,1.416422e+02,1.956357e+04,2.220705e+02,2.937881e+02,3.274887e+01,9.612007e+03,6.264901e+01,5.806372e+03,1.056394e+02,3.469741e+02,6.085953e+02,1.009680e+06,2.838238e+02
2.399009e-05,2.512080e-05,9.349677e+01,5.028125e+01,6.726805e+03,1.756470e+01,5.533749e+03,1.915078e+01,2.617809e+04,2.252068e+02,7.041397e+04,1.177290e+02,1.328654e+04,1.384612e+02,1.911818e+04,2.170845e+02,2.871043e+02,3.203602e+01,9.393175e+03,6.125413e+01,5.674163e+03,1.032625e+02,3.390748e+02,5.947769e+02,9.867175e+05,2.774378e+02
2.512080e-05,2.630481e-05,9.136927e+01,4.914593e+01,6.573626e+03,1.716869e+01,5.407738e+03,1.872035e+01,2.558197e+04,2.200920e+02,6.881054e+04,1.150614e+02,1.298399e+04,1.353529e+02,1.868283e+04,2.122125e+02,2.805714e+02,3.133999e+01,9.179278e+03,5.989143e+01,5.544966e+03,1.009409e+02,3.313536e+02,5.812711e+02,9.643133e+05,2.712043e+02
2.630481e-05,2.754462e-05,8.928813e+01,4.803557e+01,6.423840e+03,1.678153e+01,5.284517e+03,1.829959e+01,2.499906e+04,2.150907e+02,6.724263e+04,1.124533e+02,1.268814e+04,1.323145e+02,1.825713e+04,2.074502e+02,2.741832e+02,3.066012e+01,8.970120e+03,5.855961e+01,5.418659e+03,9.867234e+01,3.238035e+02,5.680654e+02,9.423484e+05,2.651007e+02
2.754462e-05,2.884287e-05,8.725646e+01,4.695181e+01,6.277610e+03,1.640366e+01,5.164222e+03,1.788896e+01,2.442999e+04,2.102084e+02,6.571193e+04,1.099073e+02,1.239931e+04,1.293493e+02,1.784153e+04,2.028025e+02,2.679468e+02,2.999716e+01,8.765926e+03,5.726016e+01,5.295358e+03,9.645870e+01,3.164326e+02,5.551741e+02,9.208839e+05,2.591400e+02
2.884287e-05,3.020231e-05,8.526997e+01,4.589238e+01,6.134693e+03,1.603445e+01,5.046653e+03,1.748777e+01,2.387382e+04,2.054371e+02,6.421593e+04,1.074193e+02,1.211702e+04,1.264523e+02,1.743534e+04,1.982618e+02,2.618519e+02,2.935001e+01,8.566361e+03,5.599091e+01,5.174810e+03,9.429442e+01,3.092287e+02,5.425757e+02,8.998755e+05,2.533109e+02
3.020231e-05,3.162583e-05,8.332753e+01,4.485666e+01,5.994945e+03,1.567352e+01,4.931690e+03,1.709561e+01,2.332998e+04,2.007718e+02,6.275310e+04,1.049869e+02,1.184100e+04,1.236206e+02,1.703817e+04,1.938236e+02,2.558922e+02,2.871800e+01,8.371220e+03,5.475056e+01,5.056938e+03,9.217885e+01,3.021845e+02,5.302574e+02,8.793727e+05,2.476194e+02
3.162583e-05,3.311643e-05,8.143077e+01,4.384552e+01,5.858485e+03,1.532118e+01,4.819433e+03,1.671282e+01,2.279893e+04,1.962167e+02,6.132467e+04,1.026120e+02,1.157147e+04,1.208567e+02,1.665034e+04,1.894914e+02,2.500728e+02,2.810168e+01,8.180668e+03,5.354018e+01,4.941802e+03,9.011245e+01,2.953061e+02,5.182298e+02,8.593416e+05,2.420615e+02
3.311643e-05,3.467730e-05,7.957662e+01,4.285731e+01,5.725088e+03,1.497686e+01,4.709695e+03,1.633876e+01,2.227980e+04,1.917642e+02,5.992832e+04,1.002907e+02,1.130799e+04,1.181560e+02,1.627122e+04,1.852584e+02,2.443842e+02,2.750002e+01,7.994395e+03,5.235776e+01,4.829259e+03,8.809344e+01,2.885821e+02,5.064732e+02,8.397738e+05,2.366325e+02
3.467730e-05,3.631173e-05,7.776640e+01,4.189276e+01,5.594711e+03,1.464043e+01,4.602441e+03,1.597333e+01,2.177243e+04,1.874129e+02,5.856357e+04,9.802235e+01,1.105047e+04,1.155175e+02,1.590067e+04,1.811231e+02,2.388244e+02,2.691283e+01,7.812338e+03,5.120292e+01,4.719298e+03,8.612221e+01,2.820103e+02,4.949835e+02,8.206506e+05,2.313284e+02
3.631173e-05,3.802319e-05,7.599643e+01,4.094989e+01,5.467340e+03,1.431187e+01,4.497661e+03,1.561648e+01,2.127675e+04,1.831622e+02,5.723030e+04,9.580664e+01,1.079889e+04,1.129410e+02,1.553867e+04,1.770849e+02,2.333930e+02,2.634006e+01,7.634481e+03,5.007555e+01,4.611863e+03,8.419675e+01,2.755900e+02,4.837598e+02,8.019607e+05,2.261470e+02
3.802319e-05,3.981532e-05,7.426636e+01,4.002854e+01,5.342866e+03,1.399089e+01,4.395264e+03,1.526789e+01,2.079235e+04,1.790086e+02,5.592734e+04,9.364169e+01,1.055303e+04,1.104244e+02,1.518491e+04,1.731406e+02,2.280853e+02,2.578118e+01,7.460668e+03,4.897466e+01,4.506862e+03,8.231558e+01,2.693158e+02,4.727923e+02,7.837681e+05,2.210976e+02
3.981532e-05,4.169192e-05,7.257441e+01,3.912772e+01,5.221524e+03,1.367810e+01,4.295443e+03,1.492825e+01,2.032014e+04,1.749598e+02,5.465718e+04,9.153160e+01,1.031337e+04,1.079724e+02,1.484005e+04,1.692975e+02,2.229112e+02,2.523730e+01,7.291229e+03,4.790236e+01,4.404401e+03,8.047876e+01,2.631995e+02,4.621017e+02,7.659111e+05,2.161561e+02
4.169192e-05,4.365697e-05,7.092559e+01,3.825014e+01,5.102816e+03,1.337221e+01,4.197788e+03,1.459613e+01,1.985817e+04,1.709993e+02,5.341457e+04,8.946765e+01,1.007890e+04,1.055748e+02,1.450267e+04,1.655398e+02,2.178496e+02,2.470612e+01,7.125466e+03,4.685420e+01,4.304237e+03,7.868536e+01,2.572158e+02,4.516442e+02,7.484652e+05,2.113277e+02
4.365697e-05,4.571464e-05,6.931192e+01,3.739151e+01,4.986601e+03,1.307285e+01,4.102185e+03,1.427115e+01,1.940592e+04,1.671223e+02,5.219808e+04,8.744745e+01,9.849356e+03,1.032288e+02,1.417237e+04,1.618630e+02,2.128944e+02,2.418701e+01,6.963186e+03,4.582893e+01,4.206202e+03,7.693127e+01,2.513579e+02,4.414073e+02,7.314153e+05,2.066076e+02
4.571464e-05,4.786929e-05,6.773317e+01,3.655173e+01,4.873019e+03,1.278040e+01,4.008748e+03,1.395371e+01,1.896390e+04,1.633336e+02,5.100913e+04,8.547339e+01,9.625012e+03,1.009372e+02,1.384956e+04,1.582716e+02,2.080516e+02,2.368061e+01,6.804582e+03,4.482780e+01,4.110410e+03,7.521857e+01,2.456327e+02,4.314032e+02,7.147557e+05,2.019968e+02
4.786929e-05,5.012549e-05,6.619001e+01,3.573115e+01,4.761997e+03,1.249467e+01,3.917417e+03,1.364360e+01,1.853184e+04,1.596308e+02,4.984700e+04,8.354424e+01,9.405727e+03,9.869872e+01,1.353403e+04,1.547633e+02,2.033181e+02,2.318659e+01,6.649553e+03,4.385016e+01,4.016778e+03,7.354537e+01,2.400365e+02,4.216258e+02,6.984637e+05,1.974906e+02
5.012549e-05,5.248803e-05,6.468198e+01,3.492956e+01,4.653504e+03,1.221557e+01,3.828166e+03,1.334072e+01,1.810963e+04,1.560126e+02,4.871132e+04,8.165942e+01,9.191435e+03,9.651254e+01,1.322568e+04,1.513371e+02,1.986926e+02,2.270482e+01,6.498056e+03,4.289573e+01,3.925302e+03,7.191201e+01,2.345679e+02,4.120720e+02,6.825554e+05,1.930910e+02
5.248803e-05,5.496193e-05,6.320868e+01,3.414670e+01,4.547508e+03,1.194301e+01,3.740969e+03,1.304500e+01,1.769713e+04,1.524781e+02,4.760179e+04,7.981841e+01,8.982076e+03,9.437806e+01,1.292444e+04,1.479920e+02,1.941737e+02,2.223514e+01,6.350045e+03,4.196424e+01,3.835893e+03,7.031568e+01,2.292250e+02,4.027392e+02,6.670030e+05,1.887929e+02
5.496193e-05,5.755243e-05,6.177007e+01,3.338257e+01,4.444008e+03,1.167701e+01,3.655826e+03,1.275643e+01,1.729435e+04,1.490273e+02,4.651839e+04,7.802117e+01,8.777646e+03,9.229529e+01,1.263028e+04,1.447278e+02,1.897614e+02,2.177755e+01,6.205520e+03,4.105568e+01,3.748589e+03,6.875785e+01,2.240080e+02,3.936272e+02,6.518164e+05,1.845979e+02
5.755243e-05,6.026502e-05,6.036321e+01,3.263560e+01,4.342793e+03,1.141700e+01,3.572562e+03,1.247441e+01,1.690046e+04,1.456531e+02,4.545889e+04,7.626404e+01,8.577728e+03,9.025991e+01,1.234262e+04,1.415381e+02,1.854465e+02,2.133110e+01,6.064183e+03,4.016816e+01,3.663211e+03,6.723530e+01,2.189062e+02,3.847174e+02,6.369651e+05,1.804974e+02
6.026502e-05,6.310547e-05,5.898882e+01,3.190618e+01,4.243913e+03,1.116314e+01,3.491219e+03,1.219911e+01,1.651567e+04,1.423572e+02,4.442386e+04,7.454790e+01,8.382426e+03,8.827300e+01,1.206159e+04,1.384244e+02,1.812315e+02,2.089602e+01,5.926109e+03,3.930215e+01,3.579806e+03,6.574884e+01,2.139221e+02,3.760145e+02,6.224566e+05,1.764935e+02
6.310547e-05,6.607979e-05,5.764584e+01,3.119375e+01,4.147294e+03,1.091521e+01,3.411736e+03,1.193028e+01,1.613967e+04,1.391372e+02,4.341247e+04,7.287143e+01,8.191586e+03,8.633300e+01,1.178699e+04,1.353842e+02,1.771129e+02,2.047196e+01,5.791193e+03,3.845696e+01,3.498305e+03,6.429729e+01,2.090519e+02,3.675114e+02,6.082794e+05,1.725831e+02
6.607979e-05,6.919430e-05,5.633360e+01,3.049794e+01,4.052886e+03,1.067310e+01,3.334073e+03,1.166781e+01,1.577226e+04,1.359912e+02,4.242424e+04,7.123380e+01,8.005115e+03,8.443895e+01,1.151867e+04,1.324160e+02,1.730888e+02,2.005870e+01,5.659364e+03,3.763217e+01,3.418670e+03,6.287992e+01,2.042931e+02,3.592041e+02,5.944264e+05,1.687641e+02
6.919430e-05,7.245561e-05,5.505588e+01,2.982078e+01,3.960961e+03,1.043751e+01,3.258452e+03,1.141246e+01,1.541453e+04,1.329285e+02,4.146200e+04,6.963972e+01,7.823547e+03,8.259634e+01,1.125742e+04,1.295284e+02,1.691706e+02,1.965748e+01,5.531001e+03,3.683019e+01,3.341130e+03,6.150084e+01,1.996596e+02,3.511165e+02,5.809379e+05,1.650477e+02
7.245561e-05,7.587063e-05,5.380180e+01,2.915647e+01,3.870754e+03,1.020646e+01,3.184243e+03,1.116208e+01,1.506348e+04,1.299235e+02,4.051774e+04,6.807588e+01,7.645373e+03,8.078967e+01,1.100104e+04,1.266973e+02,1.653258e+02,1.926484e+01,5.405036e+03,3.604422e+01,3.265039e+03,6.014847e+01,1.951127e+02,3.431811e+02,5.677012e+05,1.614026e+02
7.587063e-05,7.944661e-05,5.257512e+01,2.850701e+01,3.782613e+03,9.980853e+00,3.111735e+03,1.091766e+01,1.472048e+04,1.269879e+02,3.959511e+04,6.654836e+01,7.471282e+03,7.902602e+01,1.075054e+04,1.239336e+02,1.615693e+02,1.888234e+01,5.281959e+03,3.527738e+01,3.190691e+03,5.882810e+01,1.906699e+02,3.354287e+02,5.547674e+05,1.578431e+02
7.944661e-05,8.319113e-05,5.138112e+01,2.787522e+01,3.696478e+03,9.760534e+00,3.040877e+03,1.067902e+01,1.438528e+04,1.241195e+02,3.869348e+04,6.505610e+01,7.301151e+03,7.730414e+01,1.050574e+04,1.212353e+02,1.578984e+02,1.850970e+01,5.161682e+03,3.452909e+01,3.118034e+03,5.753878e+01,1.863281e+02,3.278538e+02,5.421278e+05,1.543665e+02
8.319113e-05,8.711215e-05,5.021095e+01,2.725639e+01,3.612279e+03,9.545321e+00,2.971612e+03,1.044596e+01,1.405760e+04,1.213161e+02,3.781210e+04,6.359785e+01,7.134843e+03,7.562264e+01,1.026643e+04,1.186005e+02,1.543101e+02,1.814664e+01,5.044106e+03,3.379875e+01,3.047010e+03,5.627947e+01,1.820840e+02,3.204503e+02,5.297723e+05,1.509701e+02
8.711215e-05,9.121797e-05,4.906541e+01,2.665094e+01,3.529979e+03,9.335122e+00,2.903907e+03,1.021839e+01,1.373732e+04,1.185765e+02,3.695061e+04,6.217302e+01,6.972287e+03,7.398077e+01,1.003253e+04,1.160277e+02,1.508030e+02,1.779296e+01,4.929184e+03,3.308604e+01,2.977589e+03,5.504962e+01,1.779356e+02,3.132150e+02,5.176953e+05,1.476524e+02
9.121797e-05,9.551731e-05,4.794892e+01,2.606123e+01,3.449655e+03,9.130137e+00,2.837829e+03,9.996512e+00,1.342473e+04,1.159031e+02,3.610981e+04,6.078293e+01,6.813634e+03,7.238012e+01,9.804245e+03,1.135196e+02,1.473803e+02,1.744902e+01,4.817021e+03,3.239165e+01,2.909834e+03,5.385039e+01,1.738869e+02,3.061546e+02,5.059079e+05,1.444164e+02
9.551731e-05,1.000193e-04,4.685672e+01,2.548473e+01,3.371077e+03,8.929773e+00,2.773188e+03,9.779697e+00,1.311895e+04,1.132885e+02,3.528729e+04,5.942359e+01,6.658430e+03,7.081601e+01,9.580920e+03,1.110687e+02,1.440322e+02,1.711378e+01,4.707298e+03,3.171352e+01,2.843553e+03,5.267829e+01,1.699261e+02,2.992489e+02,4.943768e+05,1.412528e+02
1.000193e-04,1.047335e-04,4.578985e+01,2.492200e+01,3.294323e+03,8.734227e+00,2.710047e+03,9.568157e+00,1.282025e+04,1.107350e+02,3.448384e+04,5.809633e+01,6.506828e+03,6.929000e+01,9.362778e+03,1.086777e+02,1.407619e+02,1.678760e+01,4.600119e+03,3.105233e+01,2.778809e+03,5.153449e+01,1.660573e+02,2.925046e+02,4.831130e+05,1.381646e+02
1.047335e-04,1.096698e-04,4.474714e+01,2.437240e+01,3.219305e+03,8.543278e+00,2.648334e+03,9.361651e+00,1.252830e+04,1.082399e+02,3.369857e+04,5.679965e+01,6.358655e+03,6.780036e+01,9.149571e+03,1.063436e+02,1.375659e+02,1.647006e+01,4.495364e+03,3.040732e+01,2.715530e+03,5.041768e+01,1.622760e+02,2.859142e+02,4.721039e+05,1.351484e+02
1.096698e-04,1.148388e-04,4.372856e+01,2.383594e+01,3.146025e+03,8.356932e+00,2.588050e+03,9.160183e+00,1.224313e+04,1.058031e+02,3.293150e+04,5.553358e+01,6.213915e+03,6.634711e+01,8.941303e+03,1.040667e+02,1.344440e+02,1.616118e+01,4.393037e+03,2.977851e+01,2.653717e+03,4.932788e+01,1.585822e+02,2.794776e+02,4.613496e+05,1.322041e+02
1.148388e-04,1.202515e-04,4.273260e+01,2.331180e+01,3.074370e+03,8.174898e+00,2.529105e+03,8.963440e+00,1.196429e+04,1.034211e+02,3.218144e+04,5.429616e+01,6.072386e+03,6.492798e+01,8.737656e+03,1.018432e+02,1.313916e+02,1.586046e+01,4.292981e+03,2.916489e+01,2.593275e+03,4.826337e+01,1.549704e+02,2.731851e+02,4.508337e+05,1.293272e+02
1.202515e-04,1.259192e-04,4.175971e+01,2.280024e+01,3.004376e+03,7.997267e+00,2.471524e+03,8.771519e+00,1.169189e+04,1.010948e+02,3.144877e+04,5.308799e+01,5.934136e+03,6.354368e+01,8.538727e+03,9.967431e+01,1.284101e+02,1.556804e+01,4.195241e+03,2.856676e+01,2.534234e+03,4.722469e+01,1.514423e+02,2.670395e+02,4.405614e+05,1.265190e+02
1.259192e-04,1.318541e-04,4.080897e+01,2.230075e+01,2.935976e+03,7.823870e+00,2.415256e+03,8.584239e+00,1.142571e+04,9.882200e+01,3.073278e+04,5.190793e+01,5.799036e+03,6.219288e+01,8.344329e+03,9.755799e+01,1.254966e+02,1.528363e+01,4.099730e+03,2.798354e+01,2.476537e+03,4.621085e+01,1.479946e+02,2.610352e+02,4.305228e+05,1.237767e+02
1.318541e-04,1.380688e-04,3.987991e+01,2.181312e+01,2.869135e+03,7.654616e+00,2.360271e+03,8.401501e+00,1.116560e+04,9.660168e+01,3.003311e+04,5.075537e+01,5.667014e+03,6.087486e+01,8.154363e+03,9.549303e+01,1.226499e+02,1.500704e+01,4.006394e+03,2.741492e+01,2.420156e+03,4.522128e+01,1.446255e+02,2.551689e+02,4.207128e+05,1.210990e+02
1.380688e-04,1.445763e-04,3.897541e+01,2.133884e+01,2.804062e+03,7.490044e+00,2.306738e+03,8.223887e+00,1.091236e+04,9.444070e+01,2.935194e+04,4.963392e+01,5.538484e+03,5.959382e+01,7.969419e+03,9.348610e+01,1.198785e+02,1.473922e+01,3.915527e+03,2.686270e+01,2.365266e+03,4.425914e+01,1.413455e+02,2.494591e+02,4.111621e+05,1.184943e+02
1.445763e-04,1.513906e-04,3.808764e+01,2.087377e+01,2.740201e+03,7.328724e+00,2.254203e+03,8.049850e+00,1.066384e+04,9.232062e+01,2.868347e+04,4.853396e+01,5.412348e+03,5.833858e+01,7.787922e+03,9.151960e+01,1.171590e+02,1.447769e+01,3.826353e+03,2.632202e+01,2.311398e+03,4.331605e+01,1.381265e+02,2.438568e+02,4.017890e+05,1.159399e+02
1.513906e-04,1.585260e-04,3.721887e+01,2.041913e+01,2.677805e+03,7.171307e+00,2.202874e+03,7.880095e+00,1.042102e+04,9.024978e+01,2.803033e+04,4.745985e+01,5.289106e+03,5.711423e+01,7.610589e+03,8.960153e+01,1.145022e+02,1.422356e+01,3.739224e+03,2.579509e+01,2.258766e+03,4.239581e+01,1.349815e+02,2.383843e+02,3.926308e+05,1.134461e+02
1.585260e-04,1.659977e-04,3.637105e+01,1.997594e+01,2.616832e+03,7.017686e+00,2.152715e+03,7.714505e+00,1.018374e+04,8.822681e+01,2.739208e+04,4.641087e+01,5.168673e+03,5.591991e+01,7.437297e+03,8.773055e+01,1.119060e+02,1.397664e+01,3.654081e+03,2.528152e+01,2.207333e+03,4.149778e+01,1.319081e+02,2.330377e+02,3.836811e+05,1.110111e+02
1.659977e-04,1.738216e-04,3.554224e+01,1.954317e+01,2.557232e+03,6.867734e+00,2.103685e+03,7.552941e+00,9.951796e+03,8.625006e+01,2.676820e+04,4.538614e+01,5.050953e+03,5.475462e+01,7.267909e+03,8.590505e+01,1.093686e+02,1.373670e+01,3.570858e+03,2.478087e+01,2.157059e+03,4.062118e+01,1.289039e+02,2.278127e+02,3.749328e+05,1.086329e+02
1.738216e-04,1.820143e-04,3.473452e+01,1.912195e+01,2.498963e+03,6.721343e+00,2.055750e+03,7.395290e+00,9.725037e+03,8.431814e+01,2.615825e+04,4.438497e+01,4.935862e+03,5.361751e+01,7.102303e+03,8.412378e+01,1.068880e+02,1.350354e+01,3.489490e+03,2.429276e+01,2.107908e+03,3.976540e+01,1.259668e+02,2.227056e+02,3.663796e+05,1.063097e+02
1.820143e-04,1.905931e-04,3.394417e+01,1.871030e+01,2.442093e+03,6.578691e+00,2.008966e+03,7.241743e+00,9.503721e+03,8.243328e+01,2.556296e+04,4.340851e+01,4.823535e+03,5.250996e+01,6.940675e+03,8.238887e+01,1.044672e+02,1.327745e+01,3.410079e+03,2.381779e+01,2.059938e+03,3.893146e+01,1.231003e+02,2.177224e+02,3.580317e+05,1.040442e+02
1.905931e-04,1.995763e-04,3.317120e+01,1.830821e+01,2.386482e+03,6.439415e+00,1.963219e+03,7.091907e+00,9.287307e+03,8.059084e+01,2.498084e+04,4.245433e+01,4.713693e+03,5.142914e+01,6.782623e+03,8.069583e+01,1.021002e+02,1.305781e+01,3.332424e+03,2.335470e+01,2.013028e+03,3.811720e+01,1.202972e+02,2.128507e+02,3.498682e+05,1.018307e+02
1.995763e-04,2.089828e-04,3.241694e+01,1.791641e+01,2.332302e+03,6.303960e+00,1.918649e+03,6.946263e+00,9.076464e+03,7.879655e+01,2.441370e+04,4.152542e+01,4.606679e+03,5.037847e+01,6.628641e+03,7.905010e+01,9.979434e+01,1.284534e+01,3.256768e+03,2.290498e+01,1.967264e+03,3.732294e+01,1.175663e+02,2.081056e+02,3.419147e+05,9.967612e+01
2.089828e-04,2.188327e-04,3.167894e+01,1.753360e+01,2.279172e+03,6.171349e+00,1.874942e+03,6.803754e+00,8.869708e+03,7.703770e+01,2.385756e+04,4.061518e+01,4.501740e+03,4.935035e+01,6.477643e+03,7.743970e+01,9.753339e+01,1.263840e+01,3.182578e+03,2.246531e+01,1.922458e+03,3.654784e+01,1.148883e+02,2.034536e+02,3.341150e+05,9.756495e+01
2.188327e-04,2.291468e-04,3.095779e+01,1.716008e+01,2.227262e+03,6.042016e+00,1.832239e+03,6.664850e+00,8.667695e+03,7.531994e+01,2.331418e+04,3.972652e+01,4.399210e+03,4.834816e+01,6.330112e+03,7.586994e+01,9.532454e+01,1.243768e+01,3.110092e+03,2.203715e+01,1.878734e+03,3.579383e+01,1.122718e+02,1.989096e+02,3.264942e+05,9.550403e+01
2.291468e-04,2.399471e-04,3.025277e+01,1.679549e+01,2.176551e+03,5.915908e+00,1.790521e+03,6.529493e+00,8.470348e+03,7.364258e+01,2.278335e+04,3.885909e+01,4.299046e+03,4.737143e+01,6.185986e+03,7.434012e+01,9.316692e+01,1.224309e+01,3.039278e+03,2.162030e+01,1.835953e+03,3.505604e+01,1.097157e+02,1.944716e+02,3.190491e+05,9.349242e+01
2.399471e-04,2.512565e-04,2.956342e+01,1.643959e+01,2.126998e+03,5.792923e+00,1.749757e+03,6.397574e+00,8.277509e+03,7.200428e+01,2.226464e+04,3.801220e+01,4.201171e+03,4.641938e+01,6.045153e+03,7.284899e+01,9.105878e+01,1.205443e+01,2.970084e+03,2.121438e+01,1.794149e+03,3.433637e+01,1.072180e+02,1.901362e+02,3.117738e+05,9.152847e+01
2.512565e-04,2.630988e-04,2.889070e+01,1.609288e+01,2.078562e+03,5.672957e+00,1.709913e+03,6.268978e+00,8.089020e+03,7.040366e+01,2.175764e+04,3.718514e+01,4.105503e+03,4.549119e+01,5.907497e+03,7.139523e+01,8.899842e+01,1.187150e+01,2.902450e+03,2.081904e+01,1.753297e+03,3.363455e+01,1.047767e+02,1.858996e+02,3.046623e+05,8.961046e+01
2.630988e-04,2.754994e-04,2.823265e+01,1.575432e+01,2.031201e+03,5.555897e+00,1.670950e+03,6.143585e+00,7.904705e+03,6.883926e+01,2.126186e+04,3.637710e+01,4.011956e+03,4.458593e+01,5.772890e+03,6.997744e+01,8.698392e+01,1.169411e+01,2.836314e+03,2.043386e+01,1.713357e+03,3.294984e+01,1.023894e+02,1.817579e+02,2.977081e+05,8.773654e+01
2.754994e-04,2.884844e-04,2.759025e+01,1.542445e+01,1.984964e+03,5.441875e+00,1.632914e+03,6.021537e+00,7.724774e+03,6.731281e+01,2.077787e+04,3.558903e+01,3.920631e+03,4.370465e+01,5.641483e+03,6.859723e+01,8.501752e+01,1.152244e+01,2.771750e+03,2.005928e+01,1.674371e+03,3.228281e+01,1.000589e+02,1.777159e+02,2.909189e+05,8.590874e+01
2.884844e-04,3.020814e-04,2.696211e+01,1.510253e+01,1.939773e+03,5.330689e+00,1.595738e+03,5.902615e+00,7.548910e+03,6.582163e+01,2.030483e+04,3.481952e+01,3.831371e+03,4.284572e+01,5.513048e+03,6.725206e+01,8.309581e+01,1.135614e+01,2.708647e+03,1.969458e+01,1.636254e+03,3.163168e+01,9.778110e+01,1.737663e+02,2.842830e+05,8.412381e+01
3.020814e-04,3.163192e-04,2.634793e+01,1.478840e+01,1.895586e+03,5.222232e+00,1.559388e+03,5.786703e+00,7.376954e+03,6.436435e+01,1.984229e+04,3.406784e+01,3.744095e+03,4.200832e+01,5.387466e+03,6.594061e+01,8.121698e+01,1.119500e+01,2.646944e+03,1.933938e+01,1.598984e+03,3.099626e+01,9.555390e+01,1.699054e+02,2.777943e+05,8.237999e+01
3.163192e-04,3.312282e-04,2.574816e+01,1.448230e+01,1.852436e+03,5.116590e+00,1.523891e+03,5.673894e+00,7.209036e+03,6.294208e+01,1.939062e+04,3.333457e+01,3.658868e+03,4.119307e+01,5.264832e+03,6.466389e+01,7.938248e+01,1.103915e+01,2.586691e+03,1.899394e+01,1.562577e+03,3.037666e+01,9.337899e+01,1.661362e+02,2.714576e+05,8.067857e+01
3.312282e-04,3.468398e-04,2.516190e+01,1.418376e+01,1.810258e+03,5.013592e+00,1.489193e+03,5.564003e+00,7.044895e+03,6.155258e+01,1.894910e+04,3.261856e+01,3.575558e+03,4.039864e+01,5.144958e+03,6.341979e+01,7.758948e+01,1.088827e+01,2.527793e+03,1.865768e+01,1.526991e+03,2.977232e+01,9.125302e+01,1.624528e+02,2.652631e+05,7.901680e+01
3.468398e-04,3.631873e-04,2.458951e+01,1.389298e+01,1.769032e+03,4.913194e+00,1.455279e+03,5.456983e+00,6.884464e+03,6.019528e+01,1.851757e+04,3.191948e+01,3.494132e+03,3.962465e+01,5.027792e+03,6.220772e+01,7.583722e+01,1.074226e+01,2.470227e+03,1.833040e+01,1.492222e+03,2.918332e+01,8.917510e+01,1.588536e+02,2.592084e+05,7.739394e+01
3.631873e-04,3.803052e-04,2.402986e+01,1.360936e+01,1.728758e+03,4.815389e+00,1.422149e+03,5.352825e+00,6.727734e+03,5.887009e+01,1.809599e+04,3.123731e+01,3.414582e+03,3.887104e+01,4.913331e+03,6.102758e+01,7.412558e+01,1.060108e+01,2.413989e+03,1.801207e+01,1.458251e+03,2.860900e+01,8.714513e+01,1.553385e+02,2.532930e+05,7.580982e+01
3.803052e-04,3.982300e-04,2.348280e+01,1.333282e+01,1.689400e+03,4.720089e+00,1.389771e+03,5.251434e+00,6.574570e+03,5.757584e+01,1.768399e+04,3.057142e+01,3.336845e+03,3.813708e+01,4.801473e+03,5.987822e+01,7.245309e+01,1.046456e+01,2.359029e+03,1.770235e+01,1.425050e+03,2.804889e+01,8.516135e+01,1.519042e+02,2.475119e+05,7.426298e+01
3.982300e-04,4.169996e-04,2.294782e+01,1.306310e+01,1.651033e+03,4.627482e+00,1.358209e+03,5.153012e+00,6.425264e+03,5.631503e+01,1.728238e+04,2.992310e+01,3.261064e+03,3.742421e+01,4.692432e+03,5.876190e+01,7.082295e+01,1.033296e+01,2.305454e+03,1.740184e+01,1.392653e+03,2.750295e+01,8.322754e+01,1.485573e+02,2.418762e+05,7.275635e+01
4.169996e-04,4.366539e-04,2.242647e+01,1.280103e+01,1.613496e+03,4.537161e+00,1.327329e+03,5.057119e+00,6.279188e+03,5.508229e+01,1.688947e+04,2.928957e+01,3.186923e+03,3.672924e+01,4.585751e+03,5.767362e+01,6.922829e+01,1.020560e+01,2.253038e+03,1.710916e+01,1.360980e+03,2.697091e+01,8.133558e+01,1.452837e+02,2.363619e+05,7.128345e+01
4.366539e-04,4.572345e-04,2.191622e+01,1.254526e+01,1.576750e+03,4.449023e+00,1.297100e+03,4.963645e+00,6.136186e+03,5.387629e+01,1.650481e+04,2.867013e+01,3.114342e+03,3.605136e+01,4.481315e+03,5.661210e+01,6.766737e+01,1.008229e+01,2.201726e+03,1.682393e+01,1.329981e+03,2.645146e+01,7.948342e+01,1.420798e+02,2.309634e+05,6.984263e+01
4.572345e-04,4.787852e-04,2.141702e+01,1.229577e+01,1.540835e+03,4.363174e+00,1.267555e+03,4.872703e+00,5.996424e+03,5.269840e+01,1.612887e+04,2.806549e+01,3.043404e+03,3.539135e+01,4.379243e+03,5.557856e+01,6.614200e+01,9.963155e+00,2.151575e+03,1.654647e+01,1.299692e+03,2.594522e+01,7.767323e+01,1.389493e+02,2.256869e+05,6.843550e+01
4.787852e-04,5.013515e-04,2.092908e+01,1.205268e+01,1.505730e+03,4.279556e+00,1.238677e+03,4.784230e+00,5.859813e+03,5.154789e+01,1.576140e+04,2.747525e+01,2.974068e+03,3.474873e+01,4.279475e+03,5.457227e+01,6.465123e+01,9.848077e+00,2.102556e+03,1.627658e+01,1.270086e+03,2.545154e+01,7.590388e+01,1.358902e+02,2.205290e+05,6.706113e+01
5.013515e-04,5.249815e-04,2.045225e+01,1.181592e+01,1.471425e+03,4.198143e+00,1.210456e+03,4.698197e+00,5.726315e+03,5.042442e+01,1.540231e+04,2.689925e+01,2.906310e+03,3.412327e+01,4.181980e+03,5.359284e+01,6.319463e+01,9.736970e+00,2.054653e+03,1.601411e+01,1.241162e+03,2.497054e+01,7.417483e+01,1.329015e+02,2.154883e+05,6.571906e+01
5.249815e-04,5.497253e-04,1.998639e+01,1.158540e+01,1.437910e+03,4.118905e+00,1.182885e+03,4.614571e+00,5.595886e+03,4.932758e+01,1.505147e+04,2.633727e+01,2.840111e+03,3.351470e+01,4.086724e+03,5.263985e+01,6.177171e+01,9.629752e+00,2.007852e+03,1.575893e+01,1.212890e+03,2.450127e+01,7.248553e+01,1.299823e+02,2.105631e+05,6.440877e+01
5.497253e-04,5.756353e-04,1.953151e+01,1.136114e+01,1.405184e+03,4.041843e+00,1.155962e+03,4.533351e+00,5.468531e+03,4.825742e+01,1.470890e+04,2.578931e+01,2.775471e+03,3.292300e+01,3.993715e+03,5.171326e+01,6.038251e+01,9.526381e+00,1.962153e+03,1.551103e+01,1.185285e+03,2.404418e+01,7.083607e+01,1.271326e+02,2.057536e+05,6.313027e+01
5.756353e-04,6.027664e-04,1.908667e+01,1.114264e+01,1.373180e+03,3.966785e+00,1.129635e+03,4.454354e+00,5.343987e+03,4.721168e+01,1.437389e+04,2.525420e+01,2.712258e+03,3.234682e+01,3.902759e+03,5.081095e+01,5.902416e+01,9.426560e+00,1.917463e+03,1.526979e+01,1.158289e+03,2.359823e+01,6.922301e+01,1.243465e+02,2.010499e+05,6.188082e+01
6.027664e-04,6.311764e-04,1.865208e+01,1.093003e+01,1.341914e+03,3.893770e+00,1.103914e+03,4.377619e+00,5.222317e+03,4.619089e+01,1.404662e+04,2.473222e+01,2.650504e+03,3.178640e+01,3.813901e+03,4.993333e+01,5.769733e+01,9.330304e+00,1.873804e+03,1.503531e+01,1.131916e+03,2.316364e+01,6.764718e+01,1.216253e+02,1.964543e+05,6.066103e+01
6.311764e-04,6.609253e-04,1.822744e+01,1.072313e+01,1.311363e+03,3.822736e+00,1.078782e+03,4.303078e+00,5.103428e+03,4.519424e+01,1.372682e+04,2.422292e+01,2.590161e+03,3.124124e+01,3.727074e+03,4.907957e+01,5.640101e+01,9.237478e+00,1.831144e+03,1.480736e+01,1.106145e+03,2.274001e+01,6.610739e+01,1.189670e+02,1.919635e+05,5.946989e+01
6.609253e-04,6.920765e-04,1.781253e+01,1.052186e+01,1.281512e+03,3.753642e+00,1.054225e+03,4.230686e+00,4.987261e+03,4.422121e+01,1.341434e+04,2.372605e+01,2.531200e+03,3.071099e+01,3.642236e+03,4.824913e+01,5.513455e+01,9.147981e+00,1.789460e+03,1.458576e+01,1.080965e+03,2.232709e+01,6.460286e+01,1.163702e+02,1.875751e+05,5.830676e+01
6.920765e-04,7.246958e-04,1.740849e+01,1.032676e+01,1.252445e+03,3.686695e+00,1.030313e+03,4.160663e+00,4.874148e+03,4.327459e+01,1.311008e+04,2.324301e+01,2.473789e+03,3.019720e+01,3.559628e+03,4.744443e+01,5.390155e+01,9.062063e+00,1.748872e+03,1.437115e+01,1.056447e+03,2.192605e+01,6.313790e+01,1.138423e+02,1.833016e+05,5.717493e+01
7.246958e-04,7.588526e-04,1.701196e+01,1.013612e+01,1.223922e+03,3.621296e+00,1.006849e+03,4.092368e+00,4.763150e+03,4.234641e+01,1.281151e+04,2.276971e+01,2.417451e+03,2.969523e+01,3.478564e+03,4.665823e+01,5.269176e+01,8.978825e+00,1.709042e+03,1.416156e+01,1.032387e+03,2.153341e+01,6.170032e+01,1.113621e+02,1.791076e+05,5.606488e+01
7.588526e-04,7.946193e-04,1.662409e+01,9.950545e+00,1.196052e+03,3.557715e+00,9.839224e+02,4.026085e+00,4.654694e+03,4.144029e+01,1.251978e+04,2.230798e+01,2.362403e+03,2.920711e+01,3.399357e+03,4.589367e+01,5.150985e+01,8.898610e+00,1.670125e+03,1.395783e+01,1.008878e+03,2.115068e+01,6.029566e+01,1.089393e+02,1.750093e+05,5.498089e+01
7.946193e-04,8.320718e-04,1.624655e+01,9.770877e+00,1.168817e+03,3.495898e+00,9.615170e+02,3.961758e+00,4.548706e+03,4.055555e+01,1.223468e+04,2.185749e+01,2.308608e+03,2.873239e+01,3.321952e+03,4.515010e+01,5.035497e+01,8.821302e+00,1.632093e+03,1.375975e+01,9.859042e+02,2.077757e+01,5.892301e+01,1.065721e+02,1.710039e+05,5.392218e+01
8.320718e-04,8.712894e-04,1.587654e+01,9.595682e+00,1.142192e+03,3.435787e+00,9.396150e+02,3.899323e+00,4.445100e+03,3.969145e+01,1.195598e+04,2.141782e+01,2.256021e+03,2.827062e+01,3.246287e+03,4.442672e+01,4.922620e+01,8.746776e+00,1.594915e+03,1.356711e+01,9.634461e+02,2.041371e+01,5.758117e+01,1.042587e+02,1.670880e+05,5.288780e+01
8.712894e-04,9.123556e-04,1.551433e+01,9.425095e+00,1.116170e+03,3.377354e+00,9.182077e+02,3.838747e+00,4.343833e+03,3.884763e+01,1.168358e+04,2.098879e+01,2.204622e+03,2.782151e+01,3.172329e+03,4.372314e+01,4.812307e+01,8.674954e+00,1.558578e+03,1.337978e+01,9.414953e+02,2.005891e+01,5.626966e+01,1.019979e+02,1.632601e+05,5.187733e+01
9.123556e-04,9.553573e-04,1.516130e+01,9.259818e+00,1.090772e+03,3.320648e+00,8.973142e+02,3.780081e+00,4.244997e+03,3.802482e+01,1.141772e+04,2.057076e+01,2.154457e+03,2.738541e+01,3.100148e+03,4.303990e+01,4.704657e+01,8.605860e+00,1.523112e+03,1.319789e+01,9.200715e+02,1.971346e+01,5.498964e+01,9.979190e+01,1.595237e+05,5.089162e+01
9.553573e-04,1.000386e-03,1.481594e+01,9.099082e+00,1.065925e+03,3.265488e+00,8.768743e+02,3.723130e+00,4.148307e+03,3.722061e+01,1.115764e+04,2.016249e+01,2.105381e+03,2.696090e+01,3.029534e+03,4.237478e+01,4.599356e+01,8.539205e+00,1.488417e+03,1.302084e+01,8.991127e+02,1.937629e+01,5.373742e+01,9.763419e+01,1.558680e+05,4.992780e+01
1.000386e-03,1.047536e-03,1.447861e+01,8.943064e+00,1.041656e+03,3.211933e+00,8.569097e+02,3.667954e+00,4.053865e+03,3.643583e+01,1.090360e+04,1.976438e+01,2.057446e+03,2.654841e+01,2.960561e+03,4.172840e+01,4.496519e+01,8.475030e+00,1.454527e+03,1.284878e+01,8.786412e+02,1.904773e+01,5.251432e+01,9.552710e+01,1.522969e+05,4.898684e+01
1.047536e-03,1.096910e-03,1.414890e+01,8.791549e+00,1.017935e+03,3.159903e+00,8.373958e+02,3.614468e+00,3.961555e+03,3.566947e+01,1.065529e+04,1.937592e+01,2.010593e+03,2.614727e+01,2.893145e+03,4.109979e+01,4.396014e+01,8.413192e+00,1.421404e+03,1.268144e+01,8.586319e+02,1.872732e+01,5.131885e+01,9.346797e+01,1.488059e+05,4.806755e+01
1.096910e-03,1.148610e-03,1.382683e+01,8.644549e+00,9.947640e+02,3.109400e+00,8.183346e+02,3.562668e+00,3.871388e+03,3.492161e+01,1.041275e+04,1.899711e+01,1.964827e+03,2.575748e+01,2.827294e+03,4.048889e+01,4.297854e+01,8.353652e+00,1.389049e+03,1.251880e+01,8.390867e+02,1.841506e+01,5.015113e+01,9.145700e+01,1.453955e+05,4.717001e+01
1.148610e-03,1.202747e-03,1.351191e+01,8.501804e+00,9.721074e+02,3.060329e+00,7.996960e+02,3.512455e+00,3.783218e+03,3.419100e+01,1.017558e+04,1.862733e+01,1.920076e+03,2.537829e+01,2.762903e+03,3.989453e+01,4.201883e+01,8.296251e+00,1.357410e+03,1.236053e+01,8.199748e+02,1.811040e+01,4.900931e+01,8.949099e+01,1.420603e+05,4.629273e+01
1.202747e-03,1.259435e-03,1.320429e+01,8.363391e+00,9.499750e+02,3.012712e+00,7.814892e+02,3.463845e+00,3.697094e+03,3.347800e+01,9.943909e+03,1.826673e+01,1.876361e+03,2.500982e+01,2.700002e+03,3.931690e+01,4.108147e+01,8.240981e+00,1.326505e+03,1.220668e+01,8.013058e+02,1.781345e+01,4.789394e+01,8.757089e+01,1.388019e+05,4.543614e+01
1.259435e-03,1.318796e-03,1.290367e+01,8.229144e+00,9.283471e+02,2.966491e+00,7.636972e+02,3.416778e+00,3.612929e+03,3.278190e+01,9.717514e+03,1.791495e+01,1.833642e+03,2.465161e+01,2.638537e+03,3.875530e+01,4.016557e+01,8.187734e+00,1.296303e+03,1.205705e+01,7.830620e+02,1.752390e+01,4.680401e+01,8.569485e+01,1.356172e+05,4.459940e+01
1.318796e-03,1.380954e-03,1.260990e+01,8.098987e+00,9.072124e+02,2.921633e+00,7.463109e+02,3.371214e+00,3.530685e+03,3.210231e+01,9.496280e+03,1.757177e+01,1.791898e+03,2.430338e+01,2.578472e+03,3.820929e+01,3.927066e+01,8.136435e+00,1.266791e+03,1.191152e+01,7.652340e+02,1.724156e+01,4.573893e+01,8.386193e+01,1.325048e+05,4.378207e+01
1.380954e-03,1.446042e-03,1.232389e+01,7.973351e+00,8.866363e+02,2.878282e+00,7.293841e+02,3.327303e+00,3.450614e+03,3.144135e+01,9.280895e+03,1.723826e+01,1.751256e+03,2.396621e+01,2.519994e+03,3.768054e+01,3.839950e+01,8.087230e+00,1.238058e+03,1.177053e+01,7.478773e+02,1.696728e+01,4.470201e+01,8.207776e+01,1.294741e+05,4.298665e+01
1.446042e-03,1.514198e-03,1.204318e+01,7.851023e+00,8.664437e+02,2.836023e+00,7.127729e+02,3.284605e+00,3.372037e+03,3.079327e+01,9.069525e+03,1.691148e+01,1.711372e+03,2.363692e+01,2.462608e+03,3.716409e+01,3.754469e+01,8.039574e+00,1.209861e+03,1.163277e+01,7.308440e+02,1.669863e+01,4.368442e+01,8.032712e+01,1.264994e+05,4.220630e+01
1.514198e-03,1.585566e-03,1.176848e+01,7.732345e+00,8.467142e+02,2.795035e+00,6.965427e+02,3.243304e+00,3.295262e+03,3.016066e+01,8.863002e+03,1.659274e+01,1.672404e+03,2.331684e+01,2.406537e+03,3.666201e+01,3.670956e+01,7.993661e+00,1.182311e+03,1.149877e+01,7.142014e+02,1.643668e+01,4.269019e+01,7.861692e+01,1.235925e+05,4.144411e+01
1.585566e-03,1.660297e-03,1.150040e+01,7.617604e+00,8.274344e+02,2.755277e+00,6.806823e+02,3.203354e+00,3.220237e+03,2.954303e+01,8.661186e+03,1.628177e+01,1.634323e+03,2.300567e+01,2.351744e+03,3.617382e+01,3.589357e+01,7.949414e+00,1.155388e+03,1.136841e+01,6.979380e+02,1.618121e+01,4.171861e+01,7.694595e+01,1.207512e+05,4.069954e+01
1.660297e-03,1.738552e-03,1.123833e+01,7.506488e+00,8.085887e+02,2.716706e+00,6.651790e+02,3.164707e+00,3.146900e+03,2.893987e+01,8.463914e+03,1.597830e+01,1.597099e+03,2.270304e+01,2.298185e+03,3.569897e+01,3.509602e+01,7.906755e+00,1.129072e+03,1.124154e+01,6.820408e+02,1.593197e+01,4.076893e+01,7.531288e+01,1.179735e+05,3.997194e+01
1.738552e-03,1.820494e-03,1.098293e+01,7.399305e+00,7.901641e+02,2.679282e+00,6.500222e+02,3.127320e+00,3.075202e+03,2.835073e+01,8.271050e+03,1.568210e+01,1.560708e+03,2.240865e+01,2.245823e+03,3.523698e+01,3.431638e+01,7.865616e+00,1.103343e+03,1.111803e+01,6.664988e+02,1.568877e+01,3.984046e+01,7.371653e+01,1.152574e+05,3.926081e+01
1.820494e-03,1.906299e-03,1.073302e+01,7.295471e+00,7.721823e+02,2.643045e+00,6.352296e+02,3.091229e+00,3.005229e+03,2.777628e+01,8.082819e+03,1.539350e+01,1.525190e+03,2.212280e+01,2.194719e+03,3.478832e+01,3.355554e+01,7.826017e+00,1.078233e+03,1.099801e+01,6.513302e+02,1.545186e+01,3.893432e+01,7.215876e+01,1.126060e+05,3.856696e+01
1.906299e-03,1.996147e-03,1.048861e+01,7.194971e+00,7.545977e+02,2.607884e+00,6.207637e+02,3.056314e+00,2.936801e+03,2.721501e+01,7.898748e+03,1.511171e+01,1.490457e+03,2.184464e+01,2.144744e+03,3.435166e+01,3.281160e+01,7.787808e+00,1.053677e+03,1.088112e+01,6.364965e+02,1.522061e+01,3.804819e+01,7.063562e+01,1.100126e+05,3.788860e+01
1.996147e-03,2.090231e-03,1.025011e+01,7.097995e+00,7.374664e+02,2.573913e+00,6.066709e+02,3.022690e+00,2.870138e+03,2.666873e+01,7.719422e+03,1.483764e+01,1.456620e+03,2.157503e+01,2.096057e+03,3.392835e+01,3.208690e+01,7.751100e+00,1.029754e+03,1.076773e+01,6.220255e+02,1.499503e+01,3.718491e+01,6.915196e+01,1.074856e+05,3.722789e+01
2.090231e-03,2.188749e-03,1.001676e+01,7.004160e+00,7.206669e+02,2.540852e+00,5.928508e+02,2.990066e+00,2.804765e+03,2.613346e+01,7.543569e+03,1.456928e+01,1.423438e+03,2.131185e+01,2.048314e+03,3.351508e+01,3.137630e+01,7.715552e+00,1.006294e+03,1.065696e+01,6.078569e+02,1.477500e+01,3.633835e+01,6.769724e+01,1.050072e+05,3.658013e+01
2.188749e-03,2.291910e-03,9.788736e+00,6.913532e+00,7.042533e+02,2.508813e+00,5.793482e+02,2.958552e+00,2.740893e+03,2.561095e+01,7.371754e+03,1.430748e+01,1.391019e+03,2.105595e+01,2.001667e+03,3.311317e+01,3.068209e+01,7.681277e+00,9.833736e+02,1.054916e+01,5.940309e+02,1.456100e+01,3.551125e+01,6.627610e+01,1.025850e+05,3.594737e+01
2.291910e-03,2.399934e-03,9.565803e+00,6.825989e+00,6.882183e+02,2.477769e+00,5.661572e+02,2.928116e+00,2.678496e+03,2.510093e+01,7.203903e+03,1.405211e+01,1.359347e+03,2.080714e+01,1.956096e+03,3.272233e+01,3.000396e+01,7.648228e+00,9.609814e+02,1.044426e+01,5.805027e+02,1.435153e+01,3.470324e+01,6.488795e+01,1.002182e+05,3.532932e+01
2.399934e-03,2.513049e-03,9.347835e+00,6.741448e+00,6.725496e+02,2.447684e+00,5.532676e+02,2.898717e+00,2.617524e+03,2.460299e+01,7.039888e+03,1.380294e+01,1.328398e+03,2.056515e+01,1.911566e+03,3.234213e+01,2.934138e+01,7.616349e+00,9.391008e+02,1.034214e+01,5.672836e+02,1.414719e+01,3.391370e+01,6.353171e+01,9.790509e+04,3.472551e+01
2.513049e-03,2.631496e-03,9.135128e+00,6.660026e+00,6.572343e+02,2.418517e+00,5.406686e+02,2.870312e+00,2.557928e+03,2.411666e+01,6.879571e+03,1.355975e+01,1.298147e+03,2.032969e+01,1.868042e+03,3.197213e+01,2.869379e+01,7.585581e+00,9.177136e+02,1.024269e+01,5.543653e+02,1.394788e+01,3.314198e+01,6.220620e+01,9.564360e+04,3.413542e+01
2.631496e-03,2.755525e-03,8.927046e+00,6.581411e+00,6.422584e+02,2.390232e+00,5.283488e+02,2.842857e+00,2.499652e+03,2.364151e+01,6.722806e+03,1.332229e+01,1.268567e+03,2.010047e+01,1.825481e+03,3.161189e+01,2.806061e+01,7.555871e+00,8.968001e+02,1.014579e+01,5.417358e+02,1.375339e+01,3.238736e+01,6.091025e+01,9.343178e+04,3.355850e+01
2.755525e-03,2.885400e-03,8.723929e+00,6.505732e+00,6.276389e+02,2.362853e+00,5.163221e+02,2.816373e+00,2.442765e+03,2.317803e+01,6.569773e+03,1.309081e+01,1.239691e+03,1.987772e+01,1.783934e+03,3.126174e+01,2.744255e+01,7.527235e+00,8.763843e+02,1.005155e+01,5.294077e+02,1.356386e+01,3.165072e+01,5.964532e+01,9.127222e+04,3.299541e+01
2.885400e-03,3.021396e-03,8.525316e+00,6.432762e+00,6.133492e+02,2.336312e+00,5.045669e+02,2.790789e+00,2.387159e+03,2.272537e+01,6.420192e+03,1.286486e+01,1.211466e+03,1.966094e+01,1.743324e+03,3.092093e+01,2.683849e+01,7.499587e+00,8.564292e+02,9.959754e+00,5.173540e+02,1.337874e+01,3.093072e+01,5.840911e+01,8.916092e+04,3.244510e+01
3.021396e-03,3.163802e-03,8.331119e+00,6.362436e+00,5.993776e+02,2.310576e+00,4.930733e+02,2.766066e+00,2.332793e+03,2.228312e+01,6.273941e+03,1.264423e+01,1.183870e+03,1.944989e+01,1.703618e+03,3.058906e+01,2.624792e+01,7.472882e+00,8.369181e+02,9.870307e+00,5.055684e+02,1.319801e+01,3.022677e+01,5.720055e+01,8.709625e+04,3.190710e+01
3.163802e-03,3.312921e-03,8.141475e+00,6.294785e+00,5.857336e+02,2.285655e+00,4.818491e+02,2.742210e+00,2.279701e+03,2.185157e+01,6.131117e+03,1.242907e+01,1.156920e+03,1.924465e+01,1.664844e+03,3.026630e+01,2.567124e+01,7.447121e+00,8.178644e+02,9.783254e+00,4.940557e+02,1.302166e+01,2.953934e+01,5.602050e+01,8.507964e+04,3.138179e+01
3.312921e-03,3.469067e-03,7.956100e+00,6.229662e+00,5.723970e+02,2.261495e+00,4.708779e+02,2.719165e+00,2.227807e+03,2.143006e+01,5.991515e+03,1.221903e+01,1.130578e+03,1.904488e+01,1.626943e+03,2.995207e+01,2.510760e+01,7.422238e+00,7.992404e+02,9.698445e+00,4.828032e+02,1.284955e+01,2.886743e+01,5.486720e+01,8.310808e+04,3.086839e+01
3.469067e-03,3.632573e-03,7.775094e+00,6.167081e+00,5.593614e+02,2.238075e+00,4.601543e+02,2.696903e+00,2.177083e+03,2.101835e+01,5.855062e+03,1.201400e+01,1.104830e+03,1.885040e+01,1.589897e+03,2.964612e+01,2.455672e+01,7.398204e+00,7.810364e+02,9.615816e+00,4.718084e+02,1.268170e+01,2.821070e+01,5.374008e+01,8.118071e+04,3.036662e+01
3.632573e-03,3.803786e-03,7.598136e+00,6.106876e+00,5.466267e+02,2.215384e+00,4.496782e+02,2.675412e+00,2.127531e+03,2.061643e+01,5.721759e+03,1.181394e+01,1.079677e+03,1.866117e+01,1.553707e+03,2.934838e+01,2.401860e+01,7.374998e+00,7.632526e+02,9.535353e+00,4.610659e+02,1.251789e+01,2.756915e+01,5.263911e+01,7.929746e+04,2.987647e+01
3.803786e-03,3.983068e-03,7.425172e+00,6.048996e+00,5.341817e+02,2.193390e+00,4.394404e+02,2.654655e+00,2.079106e+03,2.022393e+01,5.591488e+03,1.161868e+01,1.055096e+03,1.847697e+01,1.518340e+03,2.905851e+01,2.349276e+01,7.352582e+00,7.458735e+02,9.456965e+00,4.505671e+02,1.235799e+01,2.694221e+01,5.156332e+01,7.745674e+04,2.939751e+01
3.983068e-03,4.170800e-03,7.256010e+00,5.993330e+00,5.220506e+02,2.172131e+00,4.294609e+02,2.634665e+00,2.031902e+03,1.984160e+01,5.464504e+03,1.142858e+01,1.031135e+03,1.829812e+01,1.483866e+03,2.877702e+01,2.298023e+01,7.330989e+00,7.289326e+02,9.380795e+00,4.403227e+02,1.220197e+01,2.633111e+01,5.051480e+01,7.566212e+04,2.893064e+01
4.170800e-03,4.367381e-03,7.091152e+00,5.940052e+00,5.101811e+02,2.151494e+00,4.196966e+02,2.615329e+00,1.985718e+03,1.946775e+01,5.340259e+03,1.124279e+01,1.007691e+03,1.812379e+01,1.450135e+03,2.850259e+01,2.247879e+01,7.310095e+00,7.123570e+02,9.306487e+00,4.303071e+02,1.204979e+01,2.573320e+01,4.948900e+01,7.390593e+04,2.847387e+01
4.367381e-03,4.573227e-03,6.929804e+00,5.888806e+00,4.985618e+02,2.131448e+00,4.101381e+02,2.596612e+00,1.940507e+03,1.910203e+01,5.218632e+03,1.106112e+01,9.847405e+02,1.795374e+01,1.417116e+03,2.823486e+01,2.198794e+01,7.289862e+00,6.961309e+02,9.233953e+00,4.205047e+02,1.190107e+01,2.514790e+01,4.848493e+01,7.218643e+04,2.802673e+01
4.573227e-03,4.788775e-03,6.771957e+00,5.839560e+00,4.872056e+02,2.112010e+00,4.007960e+02,2.578527e+00,1.896320e+03,1.874481e+01,5.099760e+03,1.088376e+01,9.623102e+02,1.778814e+01,1.384844e+03,2.797411e+01,2.150823e+01,7.270305e+00,6.802721e+02,9.163265e+00,4.109268e+02,1.175598e+01,2.457588e+01,4.750371e+01,7.050559e+04,2.758971e+01
4.788775e-03,5.014482e-03,6.617673e+00,5.792307e+00,4.761057e+02,2.093159e+00,3.916648e+02,2.561051e+00,1.853131e+03,1.839586e+01,4.983570e+03,1.071059e+01,9.403859e+02,1.762686e+01,1.353301e+03,2.772011e+01,2.103939e+01,7.251397e+00,6.647713e+02,9.094366e+00,4.015647e+02,1.161433e+01,2.401678e+01,4.654474e+01,6.886243e+04,2.716256e+01
5.014482e-03,5.250828e-03,6.466919e+00,5.747000e+00,4.652588e+02,2.074880e+00,3.827416e+02,2.544166e+00,1.810926e+03,1.805507e+01,4.870029e+03,1.054155e+01,9.189615e+02,1.746980e+01,1.322477e+03,2.747273e+01,2.058126e+01,7.233119e+00,6.496240e+02,9.027224e+00,3.924187e+02,1.147616e+01,2.347043e+01,4.560773e+01,6.725656e+04,2.674513e+01
5.250828e-03,5.498313e-03,6.319607e+00,5.703572e+00,4.546609e+02,2.057158e+00,3.740233e+02,2.527852e+00,1.769691e+03,1.772231e+01,4.759094e+03,1.037657e+01,8.980289e+02,1.731687e+01,1.292361e+03,2.723183e+01,2.013369e+01,7.215449e+00,6.348241e+02,8.961801e+00,3.834786e+02,1.134118e+01,2.293666e+01,4.469234e+01,6.568736e+04,2.633729e+01
5.498313e-03,5.757463e-03,6.175774e+00,5.662001e+00,4.443129e+02,2.039985e+00,3.655107e+02,2.512101e+00,1.729429e+03,1.739759e+01,4.650776e+03,1.021565e+01,8.775901e+02,1.716806e+01,1.262955e+03,2.699738e+01,1.969669e+01,7.198381e+00,6.203733e+02,8.898093e+00,3.747494e+02,1.120952e+01,2.241551e+01,4.379867e+01,6.415511e+04,2.593907e+01
5.757463e-03,6.028827e-03,6.035256e+00,5.622189e+00,4.341934e+02,2.023315e+00,3.571860e+02,2.496865e+00,1.690056e+03,1.708022e+01,4.544849e+03,1.005844e+01,8.576023e+02,1.702301e+01,1.234199e+03,2.676881e+01,1.926937e+01,7.181859e+00,6.062416e+02,8.835951e+00,3.662130e+02,1.108092e+01,2.190589e+01,4.292483e+01,6.265663e+04,2.554965e+01
6.028827e-03,6.312981e-03,5.898425e+00,5.584236e+00,4.243072e+02,2.007149e+00,3.490533e+02,2.482142e+00,1.651591e+03,1.677033e+01,4.441365e+03,9.904996e+00,8.380756e+02,1.688176e+01,1.206106e+03,2.654621e+01,1.885193e+01,7.165884e+00,5.924356e+02,8.775398e+00,3.578734e+02,1.095542e+01,2.140806e+01,4.207126e+01,6.119274e+04,2.516922e+01
6.312981e-03,6.610528e-03,5.764078e+00,5.547674e+00,4.146471e+02,1.991467e+00,3.411064e+02,2.467910e+00,1.614005e+03,1.646770e+01,4.340247e+03,9.755210e+00,8.189953e+02,1.674418e+01,1.178655e+03,2.632936e+01,1.844405e+01,7.150432e+00,5.789453e+02,8.716376e+00,3.497243e+02,1.083292e+01,2.092164e+01,4.123732e+01,5.976229e+04,2.479748e+01
6.610528e-03,6.922099e-03,5.632779e+00,5.512672e+00,4.052083e+02,1.976253e+00,3.333418e+02,2.454151e+00,1.577281e+03,1.617216e+01,4.241445e+03,9.608994e+00,8.003519e+02,1.661016e+01,1.151834e+03,2.611810e+01,1.804554e+01,7.135484e+00,5.657639e+02,8.658847e+00,3.417620e+02,1.071334e+01,2.044639e+01,4.042258e+01,5.836463e+04,2.443426e+01
6.922099e-03,7.248356e-03,5.504478e+00,5.479181e+00,3.960175e+02,1.961548e+00,3.257810e+02,2.440901e+00,1.541522e+03,1.588454e+01,4.145239e+03,9.466755e+00,7.821982e+02,1.648008e+01,1.125717e+03,2.591303e+01,1.765751e+01,7.121080e+00,5.529286e+02,8.602969e+00,3.340085e+02,1.059702e+01,1.998364e+01,3.962933e+01,5.700371e+04,2.408055e+01
7.248356e-03,7.589989e-03,5.379096e+00,5.447138e+00,3.869985e+02,1.947211e+00,3.183615e+02,2.428024e+00,1.506433e+03,1.560243e+01,4.050831e+03,9.327295e+00,7.643842e+02,1.635279e+01,1.100088e+03,2.571233e+01,1.727675e+01,7.107073e+00,5.403331e+02,8.548256e+00,3.264000e+02,1.048298e+01,1.952956e+01,3.885098e+01,5.566828e+04,2.373343e+01
7.589989e-03,7.947725e-03,5.256463e+00,5.416455e+00,3.781861e+02,1.933299e+00,3.111121e+02,2.415571e+00,1.472148e+03,1.532691e+01,3.958586e+03,9.191148e+00,7.469779e+02,1.622879e+01,1.075047e+03,2.551677e+01,1.690473e+01,7.093517e+00,5.280259e+02,8.494918e+00,3.189656e+02,1.037166e+01,1.908588e+01,3.809052e+01,5.436341e+04,2.339423e+01
7.947725e-03,8.322322e-03,5.137076e+00,5.387256e+00,3.695742e+02,1.919793e+00,3.040277e+02,2.403523e+00,1.438642e+03,1.505780e+01,3.868438e+03,9.058213e+00,7.299677e+02,1.610794e+01,1.050576e+03,2.532618e+01,1.654119e+01,7.080395e+00,5.159986e+02,8.442909e+00,3.117001e+02,1.026297e+01,1.865231e+01,3.734740e+01,5.308827e+04,2.306269e+01
8.322322e-03,8.714575e-03,5.020079e+00,5.359234e+00,3.611557e+02,1.906678e+00,2.971023e+02,2.391863e+00,1.405890e+03,1.479486e+01,3.780316e+03,8.928372e+00,7.133393e+02,1.599014e+01,1.026655e+03,2.514037e+01,1.618583e+01,7.067687e+00,5.042410e+02,8.392179e+00,3.045977e+02,1.015681e+01,1.822848e+01,3.662102e+01,5.184178e+04,2.273857e+01
8.714575e-03,9.125315e-03,4.905562e+00,5.332389e+00,3.529276e+02,1.893942e+00,2.903335e+02,2.380579e+00,1.373878e+03,1.453798e+01,3.694186e+03,8.801572e+00,6.970871e+02,1.587532e+01,1.003274e+03,2.495924e+01,1.583851e+01,7.055380e+00,4.927492e+02,8.342702e+00,2.976558e+02,1.005315e+01,1.781424e+01,3.591112e+01,5.062353e+04,2.242173e+01
9.125315e-03,9.555415e-03,4.793930e+00,5.306813e+00,3.448968e+02,1.881592e+00,2.837270e+02,2.369674e+00,1.342636e+03,1.428738e+01,3.610122e+03,8.677914e+00,6.812246e+02,1.576356e+01,9.804541e+02,2.478292e+01,1.549953e+01,7.043480e+00,4.815327e+02,8.294516e+00,2.908802e+02,9.952057e+00,1.740996e+01,3.521830e+01,4.943459e+04,2.211245e+01
9.555415e-03,1.000579e-02,4.684730e+00,5.282335e+00,3.370402e+02,1.869585e+00,2.772639e+02,2.359106e+00,1.312071e+03,1.404231e+01,3.527882e+03,8.557034e+00,6.657064e+02,1.565450e+01,9.581299e+02,2.461085e+01,1.516793e+01,7.031939e+00,4.705598e+02,8.247470e+00,2.842516e+02,9.853242e+00,1.701446e+01,3.454058e+01,4.827154e+04,2.180985e+01
1.000579e-02,1.047738e-02,4.578071e+00,5.258959e+00,3.293667e+02,1.857930e+00,2.709514e+02,2.348883e+00,1.282219e+03,1.380308e+01,3.447560e+03,8.439063e+00,6.505499e+02,1.554828e+01,9.363264e+02,2.444322e+01,1.484407e+01,7.020768e+00,4.598424e+02,8.201614e+00,2.777774e+02,9.756812e+00,1.662821e+01,3.387874e+01,4.713572e+04,2.151428e+01
1.047738e-02,1.097121e-02,4.473813e+00,5.236614e+00,3.218660e+02,1.846607e+00,2.647811e+02,2.338983e+00,1.253039e+03,1.356932e+01,3.369047e+03,8.323836e+00,6.357348e+02,1.544470e+01,9.150145e+02,2.427975e+01,1.452752e+01,7.009942e+00,4.493666e+02,8.156881e+00,2.714492e+02,9.662631e+00,1.625071e+01,3.323191e+01,4.602561e+04,2.122534e+01
1.097121e-02,1.148831e-02,4.372181e+00,5.215333e+00,3.145397e+02,1.835613e+00,2.587541e+02,2.329402e+00,1.224540e+03,1.334110e+01,3.292359e+03,8.211371e+00,6.212641e+02,1.534379e+01,8.941981e+02,2.412047e+01,1.421836e+01,6.999461e+00,4.391343e+02,8.113273e+00,2.652681e+02,9.570715e+00,1.588202e+01,3.260022e+01,4.494143e+04,2.094310e+01
1.148831e-02,1.202979e-02,4.272956e+00,5.195027e+00,3.073757e+02,1.824925e+00,2.528607e+02,2.320117e+00,1.196672e+03,1.311802e+01,3.217371e+03,8.101478e+00,6.071141e+02,1.524534e+01,8.738435e+02,2.396507e+01,1.391606e+01,6.989296e+00,4.291290e+02,8.070711e+00,2.592242e+02,9.480905e+00,1.552157e+01,3.198265e+01,4.388137e+04,2.066709e+01
1.202979e-02,1.259678e-02,4.175654e+00,5.175535e+00,3.003776e+02,1.814546e+00,2.471037e+02,2.311129e+00,1.169450e+03,1.290020e+01,3.144119e+03,7.994206e+00,5.932921e+02,1.514941e+01,8.539608e+02,2.381363e+01,1.362079e+01,6.979451e+00,4.193558e+02,8.029215e+00,2.533203e+02,9.393245e+00,1.516952e+01,3.137951e+01,4.284595e+04,2.039746e+01
1.259678e-02,1.319050e-02,4.080542e+00,5.156908e+00,2.935388e+02,1.804460e+00,2.414779e+02,2.302423e+00,1.142848e+03,1.268742e+01,3.072538e+03,7.889452e+00,5.797850e+02,1.505589e+01,8.345316e+02,2.366597e+01,1.333226e+01,6.969909e+00,4.098053e+02,7.988738e+00,2.475511e+02,9.307647e+00,1.482556e+01,3.079022e+01,4.183415e+04,2.013396e+01
1.319050e-02,1.381220e-02,3.987587e+00,5.139112e+00,2.868561e+02,1.794659e+00,2.359806e+02,2.293990e+00,1.116855e+03,1.247958e+01,3.002590e+03,7.787156e+00,5.665860e+02,1.496471e+01,8.155457e+02,2.352199e+01,1.305032e+01,6.960660e+00,4.004727e+02,7.949255e+00,2.419135e+02,9.224062e+00,1.448948e+01,3.021448e+01,4.084529e+04,1.987642e+01
1.381220e-02,1.446321e-02,3.896757e+00,5.122115e+00,2.803501e+02,1.785172e+00,2.306284e+02,2.285853e+00,1.091548e+03,1.227730e+01,2.934490e+03,7.687632e+00,5.537358e+02,1.487614e+01,7.970618e+02,2.338214e+01,1.277584e+01,6.951730e+00,3.913865e+02,7.910885e+00,2.364247e+02,9.142746e+00,1.416232e+01,2.965401e+01,3.987888e+04,1.962503e+01
1.446321e-02,1.514490e-02,3.808038e+00,5.105890e+00,2.739652e+02,1.775908e+00,2.253759e+02,2.277932e+00,1.066713e+03,1.207886e+01,2.867658e+03,7.590022e+00,5.411249e+02,1.478940e+01,7.789225e+02,2.324515e+01,1.250648e+01,6.943032e+00,3.824693e+02,7.873289e+00,2.310381e+02,9.062995e+00,1.384126e+01,2.910403e+01,3.893725e+04,1.937949e+01
1.514490e-02,1.585871e-02,3.721901e+00,5.090524e+00,2.677267e+02,1.766905e+00,2.202439e+02,2.270257e+00,1.042449e+03,1.188504e+01,2.802359e+03,7.494709e+00,5.288030e+02,1.470484e+01,7.611992e+02,2.311157e+01,1.224331e+01,6.934598e+00,3.737563e+02,7.836615e+00,2.257747e+02,8.985122e+00,1.352757e+01,2.856668e+01,3.801314e+04,1.913887e+01
1.585871e-02,1.660618e-02,3.636956e+00,5.075666e+00,2.616303e+02,1.758153e+00,2.152288e+02,2.262818e+00,1.018738e+03,1.169570e+01,2.738546e+03,7.401625e+00,5.167616e+02,1.462237e+01,7.438796e+02,2.298131e+01,1.198612e+01,6.926419e+00,3.652414e+02,7.800834e+00,2.206310e+02,8.909068e+00,1.322103e+01,2.804159e+01,3.710940e+04,1.890361e+01
1.660618e-02,1.738887e-02,3.553599e+00,5.061398e+00,2.556711e+02,1.749641e+00,2.103265e+02,2.255605e+00,9.955602e+02,1.151069e+01,2.676170e+03,7.310691e+00,5.049910e+02,1.454192e+01,7.269498e+02,2.285422e+01,1.173472e+01,6.918484e+00,3.569176e+02,7.765911e+00,2.156027e+02,8.834770e+00,1.292141e+01,2.752833e+01,3.622516e+04,1.867353e+01
1.738887e-02,1.820845e-02,3.472764e+00,5.047910e+00,2.498452e+02,1.741361e+00,2.055339e+02,2.248609e+00,9.729006e+02,1.132986e+01,2.615188e+03,7.221842e+00,4.934834e+02,1.446342e+01,7.103985e+02,2.273022e+01,1.148894e+01,6.910781e+00,3.487797e+02,7.731821e+00,2.106866e+02,8.762175e+00,1.262849e+01,2.702659e+01,3.535975e+04,1.844847e+01
1.820845e-02,1.906666e-02,3.393746e+00,5.035020e+00,2.441594e+02,1.733320e+00,2.008565e+02,2.241837e+00,9.507866e+02,1.115344e+01,2.555672e+03,7.135180e+00,4.822521e+02,1.438697e+01,6.942451e+02,2.260941e+01,1.124907e+01,6.903320e+00,3.408368e+02,7.698600e+00,2.058884e+02,8.691366e+00,1.234266e+01,2.653697e+01,3.451406e+04,1.822870e+01
1.906666e-02,1.996532e-02,3.316463e+00,5.022694e+00,2.385988e+02,1.725494e+00,1.962822e+02,2.235263e+00,9.291602e+02,1.098095e+01,2.497469e+03,7.050479e+00,4.712684e+02,1.431234e+01,6.784483e+02,2.249150e+01,1.101449e+01,6.896075e+00,3.330690e+02,7.666160e+00,2.011959e+02,8.622157e+00,1.206316e+01,2.605821e+01,3.368588e+04,1.801364e+01
1.996532e-02,2.090634e-02,3.240946e+00,5.010923e+00,2.331657e+02,1.717884e+00,1.918126e+02,2.228890e+00,9.080298e+02,1.081246e+01,2.440600e+03,6.967767e+00,4.605361e+02,1.423956e+01,6.630133e+02,2.237648e+01,1.078529e+01,6.889045e+00,3.254787e+02,7.634507e+00,1.966109e+02,8.554571e+00,1.179010e+01,2.559050e+01,3.287539e+04,1.780338e+01
2.090634e-02,2.189171e-02,3.167439e+00,4.999737e+00,2.278589e+02,1.710486e+00,1.874470e+02,2.222711e+00,8.873914e+02,1.064795e+01,2.385057e+03,6.887025e+00,4.500533e+02,1.416860e+01,6.479376e+02,2.226435e+01,1.056143e+01,6.882227e+00,3.180649e+02,7.603635e+00,1.921322e+02,8.488594e+00,1.152344e+01,2.513373e+01,3.208232e+04,1.759787e+01
2.189171e-02,2.292352e-02,3.095517e+00,4.989035e+00,2.226679e+02,1.703281e+00,1.831767e+02,2.216711e+00,8.672043e+02,1.048708e+01,2.330730e+03,6.808097e+00,4.397995e+02,1.409933e+01,6.331918e+02,2.215485e+01,1.034245e+01,6.875602e+00,3.108130e+02,7.573478e+00,1.877515e+02,8.424092e+00,1.126265e+01,2.468702e+01,3.130502e+04,1.739669e+01
2.292352e-02,2.400397e-02,3.025093e+00,4.978783e+00,2.175990e+02,1.696278e+00,1.790068e+02,2.210896e+00,8.474930e+02,1.033004e+01,2.277686e+03,6.731070e+00,4.297869e+02,1.403179e+01,6.187931e+02,2.204811e+01,1.012864e+01,6.869177e+00,3.037314e+02,7.544071e+00,1.834737e+02,8.361140e+00,1.100803e+01,2.425088e+01,3.054421e+04,1.720007e+01
2.400397e-02,2.513534e-02,2.956170e+00,4.968972e+00,2.126451e+02,1.689464e+00,1.749315e+02,2.205253e+00,8.282299e+02,1.017661e+01,2.225848e+03,6.655837e+00,4.200017e+02,1.396591e+01,6.047217e+02,2.194396e+01,9.919690e+00,6.862938e+00,2.968108e+02,7.515369e+00,1.792929e+02,8.299650e+00,1.075924e+01,2.382472e+01,2.979869e+04,1.700771e+01
2.513534e-02,2.632003e-02,2.888785e+00,4.959596e+00,2.078193e+02,1.682856e+00,1.709617e+02,2.199796e+00,8.094662e+02,1.002718e+01,2.175356e+03,6.582599e+00,4.104697e+02,1.390185e+01,5.909760e+02,2.184241e+01,9.716130e+00,6.856899e+00,2.900690e+02,7.487448e+00,1.752151e+02,8.239598e+00,1.051694e+01,2.340966e+01,2.906747e+04,1.681963e+01
2.632003e-02,2.756056e-02,2.822969e+00,4.950647e+00,2.030865e+02,1.676401e+00,1.670683e+02,2.194480e+00,7.910650e+02,9.880676e+00,2.125844e+03,6.510814e+00,4.011215e+02,1.383912e+01,5.775755e+02,2.174353e+01,9.516530e+00,6.851016e+00,2.834573e+02,7.460099e+00,1.712268e+02,8.181113e+00,1.027935e+01,2.300267e+01,2.835312e+04,1.663581e+01
2.756056e-02,2.885956e-02,2.758673e+00,4.942102e+00,1.984607e+02,1.670119e+00,1.632630e+02,2.189318e+00,7.730812e+02,9.737530e+00,2.077457e+03,6.440694e+00,3.919853e+02,1.377791e+01,5.644399e+02,2.164677e+01,9.321486e+00,6.845305e+00,2.769953e+02,7.433402e+00,1.673236e+02,8.123794e+00,1.004719e+01,2.260497e+01,2.765111e+04,1.645565e+01
2.885956e-02,3.021979e-02,2.695847e+00,4.933941e+00,1.939427e+02,1.664008e+00,1.595464e+02,2.184311e+00,7.555176e+02,9.597761e+00,2.030202e+03,6.372248e+00,3.830621e+02,1.371822e+01,5.516038e+02,2.155235e+01,9.130982e+00,6.839759e+00,2.706843e+02,7.407359e+00,1.635102e+02,8.067795e+00,9.820515e+00,2.221665e+01,2.696262e+04,1.627940e+01
3.021979e-02,3.164412e-02,2.634457e+00,4.926146e+00,1.895280e+02,1.658061e+00,1.559148e+02,2.179451e+00,7.383568e+02,9.461224e+00,1.984030e+03,6.305404e+00,3.743432e+02,1.365999e+01,5.390658e+02,2.146026e+01,8.944845e+00,6.834372e+00,2.645178e+02,7.381944e+00,1.597846e+02,8.013117e+00,9.599110e+00,2.183735e+01,2.628699e+04,1.610687e+01
3.164412e-02,3.313559e-02,2.574464e+00,4.918701e+00,1.852125e+02,1.652270e+00,1.523646e+02,2.174730e+00,7.215821e+02,9.327781e+00,1.938898e+03,6.240094e+00,3.658201e+02,1.360316e+01,5.268132e+02,2.137040e+01,8.762898e+00,6.829137e+00,2.584899e+02,7.357129e+00,1.561434e+02,7.959716e+00,9.382758e+00,2.146669e+01,2.562459e+04,1.593810e+01
3.313559e-02,3.469736e-02,2.515813e+00,4.911586e+00,1.809922e+02,1.646629e+00,1.488929e+02,2.170144e+00,7.051791e+02,9.197320e+00,1.894764e+03,6.176256e+00,3.574854e+02,1.354766e+01,5.148341e+02,2.128266e+01,8.584975e+00,6.824048e+00,2.525952e+02,7.332889e+00,1.525830e+02,7.907533e+00,9.171246e+00,2.110431e+01,2.497459e+04,1.577285e+01
3.469736e-02,3.633274e-02,2.458515e+00,4.904792e+00,1.768699e+02,1.641139e+00,1.455018e+02,2.165692e+00,6.891574e+02,9.069918e+00,1.851654e+03,6.113926e+00,3.493440e+02,1.349353e+01,5.031176e+02,2.119696e+01,8.411176e+00,6.819105e+00,2.468367e+02,7.309236e+00,1.491062e+02,7.856618e+00,8.964666e+00,2.075036e+01,2.433708e+04,1.561117e+01
3.633274e-02,3.804519e-02,2.402688e+00,4.898327e+00,1.728419e+02,1.635795e+00,1.421882e+02,2.161369e+00,6.735020e+02,8.945447e+00,1.809528e+03,6.053043e+00,3.413881e+02,1.344071e+01,4.916825e+02,2.111343e+01,8.241350e+00,6.814305e+00,2.412090e+02,7.286146e+00,1.457064e+02,7.806816e+00,8.762811e+00,2.040448e+01,2.371363e+04,1.545328e+01
3.804519e-02,3.983836e-02,2.347955e+00,4.892125e+00,1.689065e+02,1.630593e+00,1.389508e+02,2.157171e+00,6.582069e+02,8.823866e+00,1.768367e+03,5.993580e+00,3.336148e+02,1.338918e+01,4.805090e+02,2.103192e+01,8.075395e+00,6.809637e+00,2.357100e+02,7.263607e+00,1.423838e+02,7.758149e+00,8.565610e+00,2.006656e+01,2.310051e+04,1.529850e+01
3.983836e-02,4.171605e-02,2.294483e+00,4.886202e+00,1.650608e+02,1.625528e+00,1.357871e+02,2.153093e+00,6.432611e+02,8.705077e+00,1.728143e+03,5.935492e+00,3.260183e+02,1.333888e+01,4.696133e+02,2.095253e+01,7.913214e+00,6.805100e+00,2.303358e+02,7.241602e+00,1.391371e+02,7.710624e+00,8.372945e+00,1.973639e+01,2.249936e+04,1.514709e+01
4.171605e-02,4.368223e-02,2.242229e+00,4.880546e+00,1.613148e+02,1.620612e+00,1.327056e+02,2.149146e+00,6.287034e+02,8.589389e+00,1.688960e+03,5.878931e+00,3.186185e+02,1.328996e+01,4.589597e+02,2.087501e+01,7.755219e+00,6.800704e+00,2.251006e+02,7.220189e+00,1.359712e+02,7.664238e+00,8.185338e+00,1.941486e+01,2.190914e+04,1.499899e+01
4.368223e-02,4.574109e-02,2.191177e+00,4.875144e+00,1.576432e+02,1.615811e+00,1.296852e+02,2.145297e+00,6.144352e+02,8.476021e+00,1.650554e+03,5.823509e+00,3.113656e+02,1.324206e+01,4.485294e+02,2.079921e+01,7.600376e+00,6.796419e+00,2.199690e+02,7.199220e+00,1.328710e+02,7.618884e+00,8.001519e+00,1.909980e+01,2.132968e+04,1.485384e+01
4.574109e-02,4.789698e-02,2.141518e+00,4.870014e+00,1.540520e+02,1.611129e+00,1.267310e+02,2.141555e+00,6.004804e+02,8.365157e+00,1.612986e+03,5.769319e+00,3.042715e+02,1.319528e+01,4.383336e+02,2.072519e+01,7.448933e+00,6.792249e+00,2.149497e+02,7.178729e+00,1.298387e+02,7.574544e+00,7.821795e+00,1.879173e+01,2.076140e+04,1.471179e+01
4.789698e-02,5.015449e-02,2.093017e+00,4.865119e+00,1.505420e+02,1.606568e+00,1.238436e+02,2.137917e+00,5.868426e+02,8.256823e+00,1.576269e+03,5.716374e+00,2.973378e+02,1.314961e+01,4.283689e+02,2.065293e+01,7.300923e+00,6.788194e+00,2.100441e+02,7.158719e+00,1.268751e+02,7.531223e+00,7.646210e+00,1.849072e+01,2.020442e+04,1.457285e+01
5.015449e-02,5.251840e-02,2.044902e+00,4.860347e+00,1.471112e+02,1.602125e+00,1.210212e+02,2.134381e+00,5.735128e+02,8.150950e+00,1.540378e+03,5.664638e+00,2.905604e+02,1.310503e+01,4.186409e+02,2.058247e+01,7.156251e+00,6.784251e+00,2.052487e+02,7.139178e+00,1.239808e+02,7.488980e+00,7.474643e+00,1.819656e+01,1.965899e+04,1.443702e+01
5.251840e-02,5.499373e-02,1.998340e+00,4.855848e+00,1.437598e+02,1.597799e+00,1.182642e+02,2.130945e+00,5.604937e+02,8.047555e+00,1.505319e+03,5.614118e+00,2.839403e+02,1.306152e+01,4.091326e+02,2.051367e+01,7.014937e+00,6.780416e+00,2.005643e+02,7.120105e+00,1.211512e+02,7.447649e+00,7.307124e+00,1.790932e+01,1.912343e+04,1.430403e+01
5.499373e-02,5.758573e-02,1.952840e+00,4.851551e+00,1.404879e+02,1.593588e+00,1.155725e+02,2.127609e+00,5.477839e+02,7.946628e+00,1.471090e+03,5.564810e+00,2.774769e+02,1.301911e+01,3.998418e+02,2.044652e+01,6.876970e+00,6.776691e+00,1.959907e+02,7.101499e+00,1.183885e+02,7.407304e+00,7.143637e+00,1.762895e+01,1.859905e+04,1.417407e+01
5.758573e-02,6.029989e-02,1.908342e+00,4.847442e+00,1.372883e+02,1.589482e+00,1.129405e+02,2.124363e+00,5.353570e+02,7.847956e+00,1.437620e+03,5.516610e+00,2.711570e+02,1.297768e+01,3.907579e+02,2.038093e+01,6.742068e+00,6.773065e+00,1.915183e+02,7.083320e+00,1.156867e+02,7.367860e+00,6.983849e+00,1.735487e+01,1.808496e+04,1.404692e+01
6.029989e-02,6.314198e-02,1.864853e+00,4.843516e+00,1.341626e+02,1.585484e+00,1.103692e+02,2.121209e+00,5.232191e+02,7.751587e+00,1.404923e+03,5.469540e+00,2.649834e+02,1.293724e+01,3.818912e+02,2.031697e+01,6.610313e+00,6.769542e+00,1.871495e+02,7.065576e+00,1.130476e+02,7.329337e+00,6.827859e+00,1.708725e+01,1.758163e+04,1.392264e+01
6.314198e-02,6.611803e-02,1.822608e+00,4.839795e+00,1.311085e+02,1.581589e+00,1.078569e+02,2.118142e+00,5.113611e+02,7.657447e+00,1.372977e+03,5.423564e+00,2.589517e+02,1.289779e+01,3.732223e+02,2.025450e+01,6.481575e+00,6.766113e+00,1.828813e+02,7.048254e+00,1.104692e+02,7.291710e+00,6.675587e+00,1.682595e+01,1.708895e+04,1.380121e+01
6.611803e-02,6.923434e-02,1.781090e+00,4.836213e+00,1.281245e+02,1.577794e+00,1.054022e+02,2.115161e+00,4.997768e+02,7.565487e+00,1.341765e+03,5.378659e+00,2.530587e+02,1.285928e+01,3.647478e+02,2.019350e+01,6.355807e+00,6.762777e+00,1.787114e+02,7.031344e+00,1.079502e+02,7.254957e+00,6.527239e+00,1.657108e+01,1.660683e+04,1.368259e+01
6.923434e-02,7.249753e-02,1.740527e+00,4.832792e+00,1.252188e+02,1.574109e+00,1.030119e+02,2.112272e+00,4.884976e+02,7.475955e+00,1.311371e+03,5.334943e+00,2.473202e+02,1.282183e+01,3.565040e+02,2.013421e+01,6.233324e+00,6.759542e+00,1.746507e+02,7.014889e+00,1.054972e+02,7.219175e+00,6.382136e+00,1.632237e+01,1.613531e+04,1.356686e+01
7.249753e-02,7.591453e-02,1.700908e+00,4.829526e+00,1.223673e+02,1.570503e+00,1.006663e+02,2.109449e+00,4.774299e+02,7.388105e+00,1.281542e+03,5.292052e+00,2.416887e+02,1.278510e+01,3.484058e+02,2.007602e+01,6.113131e+00,6.756380e+00,1.706651e+02,6.998749e+00,1.030895e+02,7.184060e+00,6.240119e+00,1.607861e+01,1.567445e+04,1.345372e+01
7.591453e-02,7.949258e-02,1.662430e+00,4.826431e+00,1.195810e+02,1.566989e+00,9.837415e+01,2.106704e+00,4.666153e+02,7.302269e+00,1.252392e+03,5.250148e+00,2.361852e+02,1.274925e+01,3.405043e+02,2.001929e+01,5.995661e+00,6.753305e+00,1.667695e+02,6.982985e+00,1.007362e+02,7.149743e+00,6.101392e+00,1.584041e+01,1.522439e+04,1.334331e+01
7.949258e-02,8.323927e-02,1.624504e+00,4.823440e+00,1.168578e+02,1.563563e+00,9.613398e+01,2.104034e+00,4.560465e+02,7.218386e+00,1.223899e+03,5.209202e+00,2.308059e+02,1.271424e+01,3.327766e+02,1.996385e+01,5.880838e+00,6.750310e+00,1.629614e+02,6.967585e+00,9.843573e+01,7.116203e+00,5.965885e+00,1.560769e+01,1.478599e+04,1.323577e+01
8.323927e-02,8.716255e-02,1.587249e+00,4.820564e+00,1.141956e+02,1.560223e+00,9.394394e+01,2.101435e+00,4.457152e+02,7.136389e+00,1.196042e+03,5.169179e+00,2.255469e+02,1.268004e+01,3.252242e+02,1.990972e+01,5.768581e+00,6.747394e+00,1.592381e+02,6.952537e+00,9.618648e+01,7.083414e+00,5.833506e+00,1.538027e+01,1.435812e+04,1.313088e+01
8.716255e-02,9.127075e-02,1.551151e+00,4.817847e+00,1.115935e+02,1.556966e+00,9.180336e+01,2.098906e+00,4.356184e+02,7.056257e+00,1.168813e+03,5.130070e+00,2.204065e+02,1.264665e+01,3.178483e+02,1.985689e+01,5.658863e+00,6.744554e+00,1.555988e+02,6.937838e+00,9.398796e+01,7.051369e+00,5.704223e+00,1.515810e+01,1.394022e+04,1.302854e+01
9.127075e-02,9.557257e-02,1.515929e+00,4.815257e+00,1.090536e+02,1.553795e+00,8.971400e+01,2.096449e+00,4.257647e+02,6.978054e+00,1.142236e+03,5.091907e+00,2.153892e+02,1.261408e+01,3.106655e+02,1.980548e+01,5.551777e+00,6.741793e+00,1.520466e+02,6.923498e+00,9.184204e+01,7.020093e+00,5.578139e+00,1.494137e+01,1.353385e+04,1.292905e+01
9.557257e-02,1.000772e-01,1.481665e+00,4.812798e+00,1.065688e+02,1.550701e+00,8.766989e+01,2.094054e+00,4.161261e+02,6.901557e+00,1.116235e+03,5.054580e+00,2.104807e+02,1.258226e+01,3.036210e+02,1.975511e+01,5.447017e+00,6.739102e+00,1.485711e+02,6.909476e+00,8.974251e+01,6.989497e+00,5.454890e+00,1.472944e+01,1.313833e+04,1.283219e+01
1.000772e-01,1.047941e-01,1.447897e+00,4.810420e+00,1.041420e+02,1.547686e+00,8.567354e+01,2.091726e+00,4.067143e+02,6.826859e+00,1.090841e+03,5.018133e+00,2.056870e+02,1.255120e+01,2.967264e+02,1.970584e+01,5.344709e+00,6.736483e+00,1.451767e+02,6.895789e+00,8.769194e+01,6.959615e+00,5.334621e+00,1.452257e+01,1.275504e+04,1.273826e+01
1.047941e-01,1.097333e-01,1.414837e+00,4.808143e+00,1.017699e+02,1.544745e+00,8.372215e+01,2.089458e+00,3.975158e+02,6.753853e+00,1.066017e+03,4.982514e+00,2.010010e+02,1.252086e+01,2.900038e+02,1.965783e+01,5.244720e+00,6.733934e+00,1.418584e+02,6.882415e+00,8.568733e+01,6.930405e+00,5.217163e+00,1.432046e+01,1.238369e+04,1.264715e+01
1.097333e-01,1.149053e-01,1.382611e+00,4.805976e+00,9.945308e+01,1.541881e+00,8.181631e+01,2.087254e+00,3.885334e+02,6.682560e+00,1.041772e+03,4.947733e+00,1.964245e+02,1.249126e+01,2.834557e+02,1.961109e+01,5.147044e+00,6.731452e+00,1.386172e+02,6.869359e+00,8.372928e+01,6.901874e+00,5.102552e+00,1.412316e+01,1.202443e+04,1.255892e+01
1.149053e-01,1.203211e-01,1.351144e+00,4.803907e+00,9.718778e+01,1.539085e+00,7.995285e+01,2.085106e+00,3.797524e+02,6.612861e+00,1.018065e+03,4.913732e+00,1.919495e+02,1.246233e+01,2.770348e+02,1.956530e+01,5.051533e+00,6.729032e+00,1.354475e+02,6.856596e+00,8.181450e+01,6.873973e+00,4.990594e+00,1.393035e+01,1.167872e+04,1.247378e+01
1.203211e-01,1.259921e-01,1.320375e+00,4.801928e+00,9.497524e+01,1.536362e+00,7.813279e+01,2.083016e+00,3.711777e+02,6.544796e+00,9.949107e+02,4.880531e+00,1.875789e+02,1.243410e+01,2.707630e+02,1.952060e+01,4.958244e+00,6.726675e+00,1.323515e+02,6.844134e+00,7.994417e+01,6.846718e+00,4.881380e+00,1.374217e+01,1.134649e+04,1.239175e+01
1.259921e-01,1.319304e-01,1.290307e+00,4.800038e+00,9.281341e+01,1.533706e+00,7.635444e+01,2.080982e+00,3.628021e+02,6.478305e+00,9.722889e+02,4.848100e+00,1.833090e+02,1.240655e+01,2.646362e+02,1.947696e+01,4.867107e+00,6.724381e+00,1.293267e+02,6.831965e+00,7.811689e+01,6.820091e+00,4.774863e+00,1.355856e+01,1.102921e+04,1.231307e+01
1.319304e-01,1.381487e-01,1.260922e+00,4.798232e+00,9.070107e+01,1.531116e+00,7.461680e+01,2.079002e+00,3.546206e+02,6.413351e+00,9.501872e+02,4.816422e+00,1.791374e+02,1.237964e+01,2.586501e+02,1.943435e+01,4.778082e+00,6.722146e+00,1.263718e+02,6.820080e+00,7.633185e+01,6.794077e+00,4.671326e+00,1.338002e+01,1.072735e+04,1.223786e+01
1.381487e-01,1.446600e-01,1.232717e+00,4.796546e+00,8.864451e+01,1.528600e+00,7.292506e+01,2.077082e+00,3.466572e+02,6.350122e+00,9.286690e+02,4.785587e+00,1.750761e+02,1.235347e+01,2.527993e+02,1.939274e+01,4.691403e+00,6.719976e+00,1.234950e+02,6.808514e+00,7.459395e+01,6.768747e+00,4.569782e+00,1.320472e+01,1.044277e+04,1.216655e+01
1.446600e-01,1.514782e-01,1.204441e+00,4.794880e+00,8.662613e+01,1.526135e+00,7.126471e+01,2.075204e+00,3.388425e+02,6.288068e+00,9.075475e+02,4.755327e+00,1.710898e+02,1.232779e+01,2.470828e+02,1.935208e+01,4.606324e+00,6.717853e+00,1.206704e+02,6.797161e+00,7.288764e+01,6.743874e+00,4.470587e+00,1.303342e+01,1.017702e+04,1.209917e+01
1.514782e-01,1.586177e-01,1.176920e+00,4.793297e+00,8.465374e+01,1.523732e+00,6.964219e+01,2.073375e+00,3.312066e+02,6.227427e+00,8.869035e+02,4.725757e+00,1.671935e+02,1.230272e+01,2.414979e+02,1.931239e+01,4.523157e+00,6.715784e+00,1.179090e+02,6.786065e+00,7.121944e+01,6.719554e+00,4.373779e+00,1.286613e+01,9.932140e+03,1.203622e+01
1.586177e-01,1.660938e-01,1.150066e+00,4.791787e+00,8.272603e+01,1.521388e+00,6.805642e+01,2.071593e+00,3.237449e+02,6.168162e+00,8.667244e+02,4.696859e+00,1.633850e+02,1.227822e+01,2.360475e+02,1.927366e+01,4.441864e+00,6.713767e+00,1.152095e+02,6.775221e+00,6.958862e+01,6.695774e+00,4.279317e+00,1.270278e+01,9.710959e+03,1.197824e+01
1.660938e-01,1.739222e-01,1.123699e+00,4.790336e+00,8.084158e+01,1.519100e+00,6.650623e+01,2.069858e+00,3.164523e+02,6.110231e+00,8.469973e+02,4.668614e+00,1.596618e+02,1.225429e+01,2.307258e+02,1.923586e+01,4.362397e+00,6.711799e+00,1.125702e+02,6.764620e+00,6.799424e+01,6.672521e+00,4.187130e+00,1.254323e+01,9.516715e+03,1.192583e+01
1.739222e-01,1.821196e-01,1.098369e+00,4.788980e+00,7.899936e+01,1.516867e+00,6.499079e+01,2.068167e+00,3.093252e+02,6.053607e+00,8.277126e+02,4.641007e+00,1.560223e+02,1.223090e+01,2.255153e+02,1.919888e+01,4.284713e+00,6.709881e+00,1.099898e+02,6.754258e+00,6.643543e+01,6.649779e+00,4.097161e+00,1.238740e+01,9.353780e+03,1.187978e+01
1.821196e-01,1.907034e-01,1.073325e+00,4.787665e+00,7.720164e+01,1.514694e+00,6.351196e+01,2.066522e+00,3.023731e+02,5.998363e+00,8.088952e+02,4.614074e+00,1.524710e+02,1.220810e+01,2.204252e+02,1.916276e+01,4.208922e+00,6.708015e+00,1.074718e+02,6.744148e+00,6.491418e+01,6.627578e+00,4.009530e+00,1.223547e+01,9.227311e+03,1.184109e+01
1.907034e-01,1.996917e-01,1.048961e+00,4.786415e+00,7.544369e+01,1.512571e+00,6.206588e+01,2.064918e+00,2.955778e+02,5.944354e+00,7.904968e+02,4.587746e+00,1.489990e+02,1.218582e+01,2.154494e+02,1.912747e+01,4.134845e+00,6.706196e+00,1.050100e+02,6.734264e+00,6.342677e+01,6.605860e+00,3.924044e+00,1.208711e+01,9.143074e+03,1.181074e+01
1.996917e-01,2.091037e-01,1.025177e+00,4.785223e+00,7.373123e+01,1.510507e+00,6.065722e+01,2.063362e+00,2.889610e+02,5.891753e+00,7.725755e+02,4.562106e+00,1.456171e+02,1.216413e+01,2.105861e+02,1.909300e+01,4.062648e+00,6.704425e+00,1.026120e+02,6.724637e+00,6.197588e+01,6.584625e+00,3.840988e+00,1.194282e+01,9.108731e+03,1.179014e+01
2.091037e-01,2.189593e-01,1.001753e+00,4.784072e+00,7.205174e+01,1.508486e+00,5.927569e+01,2.061839e+00,2.824730e+02,5.840165e+00,7.549969e+02,4.536960e+00,1.422999e+02,1.214286e+01,2.058530e+02,1.905944e+01,3.991847e+00,6.702692e+00,1.002592e+02,6.715192e+00,6.055472e+01,6.563866e+00,3.759660e+00,1.180136e+01,9.129784e+03,1.177998e+01
2.189593e-01,2.292794e-01,9.790625e-01,4.782985e+00,7.041062e+01,1.506514e+00,5.792569e+01,2.060356e+00,2.761344e+02,5.789753e+00,7.378168e+02,4.512387e+00,1.390579e+02,1.212209e+01,2.012128e+02,1.902656e+01,3.922641e+00,6.701002e+00,9.795908e+01,6.705957e+00,5.916721e+01,6.543628e+00,3.680329e+00,1.166321e+01,9.211471e+03,1.178103e+01
2.292794e-01,2.400860e-01,9.565831e-01,4.781926e+00,6.880704e+01,1.504591e+00,5.660658e+01,2.058911e+00,2.699428e+02,5.740498e+00,7.210283e+02,4.488380e+00,1.358898e+02,1.210180e+01,1.966816e+02,1.899446e+01,3.855016e+00,6.699353e+00,9.571106e+01,6.696932e+00,5.780913e+01,6.523766e+00,3.603007e+00,1.152839e+01,9.352069e+03,1.179248e+01
2.400860e-01,2.514018e-01,9.348518e-01,4.780929e+00,6.723993e+01,1.502715e+00,5.531748e+01,2.057503e+00,2.638943e+02,5.692368e+00,7.046217e+02,4.464923e+00,1.327939e+02,1.208198e+01,1.922569e+02,1.896312e+01,3.788933e+00,6.697746e+00,9.351401e+01,6.688110e+00,5.648188e+01,6.504347e+00,3.527656e+00,1.139680e+01,9.534461e+03,1.181055e+01
2.514018e-01,2.632511e-01,9.136107e-01,4.779977e+00,6.570808e+01,1.500884e+00,5.405738e+01,2.056131e+00,2.579846e+02,5.645329e+00,6.885847e+02,4.441998e+00,1.297678e+02,1.206261e+01,1.879334e+02,1.893251e+01,3.724343e+00,6.696177e+00,9.136613e+01,6.679484e+00,5.518462e+01,6.485361e+00,3.454212e+00,1.126835e+01,9.723916e+03,1.182793e+01
2.632511e-01,2.756588e-01,8.926095e-01,4.779052e+00,6.421021e+01,1.499095e+00,5.282524e+01,2.054792e+00,2.522083e+02,5.599339e+00,6.729033e+02,4.419585e+00,1.268088e+02,1.204369e+01,1.837061e+02,1.890258e+01,3.661187e+00,6.694646e+00,8.926557e+01,6.671046e+00,5.391618e+01,6.466789e+00,3.382616e+00,1.114292e+01,9.857732e+03,1.183211e+01
2.756588e-01,2.886513e-01,8.725044e-01,4.778190e+00,6.274811e+01,1.497352e+00,5.162255e+01,2.053490e+00,2.465727e+02,5.554451e+00,6.575961e+02,4.397710e+00,1.239205e+02,1.202522e+01,1.795722e+02,1.887332e+01,3.599563e+00,6.693155e+00,8.721477e+01,6.662805e+00,5.267650e+01,6.448597e+00,3.312962e+00,1.102066e+01,9.858333e+03,1.180844e+01
2.886513e-01,3.022562e-01,8.525504e-01,4.777351e+00,6.131891e+01,1.495651e+00,5.044690e+01,2.052220e+00,2.410662e+02,5.510578e+00,6.426329e+02,4.376331e+00,1.210972e+02,1.200717e+01,1.755411e+02,1.884478e+01,3.539290e+00,6.691698e+00,8.520970e+01,6.654745e+00,5.146650e+01,6.430869e+00,3.245111e+00,1.090132e+01,9.661573e+03,1.174557e+01
3.022562e-01,3.165023e-01,8.331427e-01,4.776555e+00,5.992168e+01,1.493991e+00,4.929756e+01,2.050981e+00,2.356855e+02,5.467691e+00,6.280040e+02,4.355432e+00,1.183370e+02,1.198954e+01,1.716141e+02,1.881699e+01,3.480371e+00,6.690275e+00,8.324907e+01,6.646862e+00,5.028286e+01,6.413503e+00,3.179027e+00,1.078485e+01,9.252615e+03,1.164226e+01
3.165023e-01,3.314198e-01,8.141995e-01,4.775795e+00,5.855712e+01,1.492371e+00,4.817510e+01,2.049775e+00,2.304333e+02,5.425810e+00,6.137168e+02,4.335026e+00,1.156413e+02,1.197232e+01,1.677659e+02,1.878975e+01,3.422827e+00,6.688887e+00,8.133384e+01,6.639157e+00,4.912605e+01,6.396503e+00,3.114751e+00,1.067128e+01,8.677891e+03,1.150896e+01
3.314198e-01,3.470405e-01,7.956477e-01,4.775067e+00,5.722350e+01,1.490790e+00,4.707809e+01,2.048599e+00,2.253026e+02,5.384883e+00,5.997530e+02,4.315083e+00,1.130068e+02,1.195549e+01,1.640046e+02,1.876314e+01,3.366582e+00,6.687532e+00,7.946155e+01,6.631620e+00,4.799508e+01,6.379863e+00,3.052205e+00,1.056050e+01,8.018102e+03,1.136195e+01
3.470405e-01,3.633974e-01,7.775814e-01,4.774373e+00,5.592001e+01,1.489247e+00,4.600585e+01,2.047452e+00,2.202903e+02,5.344882e+00,5.861035e+02,4.295593e+00,1.104315e+02,1.193905e+01,1.603323e+02,1.873714e+01,3.311599e+00,6.686208e+00,7.763096e+01,6.624247e+00,4.688957e+01,6.363585e+00,2.991355e+00,1.045241e+01,7.349005e+03,1.121587e+01
3.633974e-01,3.805253e-01,7.598804e-01,4.773707e+00,5.464691e+01,1.487741e+00,4.495864e+01,2.046335e+00,2.153975e+02,5.305816e+00,5.727711e+02,4.276558e+00,1.079161e+02,1.192299e+01,1.567476e+02,1.871178e+01,3.257891e+00,6.684915e+00,7.584231e+01,6.617038e+00,4.580918e+01,6.347654e+00,2.932236e+00,1.034708e+01,6.722307e+03,1.108020e+01
3.805253e-01,3.984604e-01,7.426342e-01,4.773075e+00,5.340324e+01,1.486272e+00,4.393563e+01,2.045246e+00,2.106214e+02,5.267661e+00,5.597482e+02,4.257969e+00,1.054591e+02,1.190731e+01,1.532436e+02,1.868697e+01,3.205427e+00,6.683653e+00,7.409475e+01,6.609989e+00,4.475338e+01,6.332061e+00,2.875045e+00,1.024484e+01,6.161630e+03,1.095884e+01
3.984604e-01,4.172409e-01,7.256648e-01,4.772465e+00,5.219131e+01,1.484843e+00,4.293876e+01,2.044187e+00,2.059715e+02,5.230494e+00,5.470615e+02,4.239862e+00,1.030657e+02,1.189203e+01,1.498213e+02,1.866276e+01,3.154332e+00,6.682424e+00,7.239256e+01,6.603117e+00,4.372366e+01,6.316803e+00,2.819384e+00,1.014495e+01,5.671616e+03,1.085220e+01
4.172409e-01,4.369065e-01,7.091566e-01,4.771885e+00,5.100527e+01,1.483446e+00,4.196318e+01,2.043153e+00,2.014235e+02,5.194121e+00,5.346443e+02,4.222142e+00,1.007231e+02,1.187709e+01,1.464823e+02,1.863912e+01,3.104320e+00,6.681222e+00,7.072592e+01,6.596383e+00,4.271640e+01,6.301876e+00,2.765165e+00,1.004726e+01,5.247203e+03,1.075878e+01
4.369065e-01,4.574991e-01,6.932146e-01,4.771341e+00,4.984401e+01,1.482079e+00,4.100795e+01,2.042143e+00,1.969715e+02,5.158497e+00,5.224803e+02,4.204787e+00,9.842831e+01,1.186245e+01,1.432227e+02,1.861603e+01,3.055313e+00,6.680044e+00,6.909213e+01,6.589774e+00,4.172964e+01,6.287243e+00,2.712526e+00,9.952010e+00,4.879610e+03,1.067661e+01
4.574991e-01,4.790622e-01,6.772403e-01,4.770802e+00,4.871835e+01,1.480756e+00,4.008201e+01,2.041165e+00,1.926595e+02,5.123968e+00,5.106888e+02,4.187965e+00,9.620376e+01,1.184826e+01,1.400477e+02,1.859354e+01,3.007806e+00,6.678902e+00,6.750790e+01,6.583357e+00,4.077123e+01,6.272971e+00,2.661966e+00,9.860023e+00,4.559845e+03,1.060392e+01
4.790622e-01,5.016416e-01,6.618712e-01,4.770297e+00,4.761450e+01,1.479460e+00,3.917405e+01,2.040209e+00,1.884359e+02,5.090127e+00,4.991311e+02,4.171479e+00,9.402344e+01,1.183435e+01,1.369550e+02,1.857163e+01,2.961254e+00,6.677783e+00,6.595507e+01,6.577061e+00,3.983483e+01,6.259063e+00,2.612829e+00,9.770166e+00,4.280698e+03,1.053906e+01
5.016416e-01,5.252853e-01,6.467571e-01,4.769810e+00,4.652671e+01,1.478184e+00,3.827932e+01,2.039269e+00,1.842772e+02,5.056785e+00,4.877425e+02,4.155237e+00,9.187510e+01,1.182064e+01,1.339380e+02,1.855023e+01,2.915386e+00,6.676679e+00,6.442465e+01,6.570847e+00,3.891287e+01,6.245363e+00,2.564819e+00,9.681906e+00,4.036260e+03,1.048073e+01
5.252853e-01,5.500434e-01,6.320116e-01,4.769345e+00,4.546458e+01,1.476939e+00,3.740569e+01,2.038353e+00,1.802194e+02,5.024228e+00,4.766207e+02,4.139379e+00,8.977708e+01,1.180726e+01,1.309458e+02,1.852902e+01,2.870588e+00,6.675601e+00,6.292944e+01,6.564767e+00,3.800992e+01,6.231872e+00,2.518411e+00,9.596032e+00,3.817677e+03,1.042735e+01
5.500434e-01,5.759683e-01,6.176897e-01,4.768904e+00,4.442837e+01,1.475726e+00,3.655335e+01,2.037461e+00,1.762624e+02,4.992456e+00,4.657647e+02,4.123901e+00,8.772913e+01,1.179419e+01,1.280544e+02,1.850850e+01,2.826845e+00,6.674546e+00,6.146897e+01,6.558820e+00,3.712810e+01,6.218670e+00,2.473842e+00,9.512937e+00,3.623763e+03,1.037870e+01
5.759683e-01,6.031152e-01,6.040233e-01,4.768496e+00,4.341597e+01,1.474542e+00,3.572060e+01,2.036591e+00,1.724003e+02,4.961422e+00,4.551598e+02,4.108784e+00,8.572862e+01,1.178142e+01,1.251950e+02,1.848823e+01,2.784120e+00,6.673516e+00,6.004199e+01,6.552998e+00,3.626658e+01,6.205742e+00,2.432001e+00,9.434179e+00,3.450990e+03,1.033431e+01
6.031152e-01,6.315416e-01,5.899720e-01,4.768080e+00,4.242728e+01,1.473387e+00,3.490738e+01,2.035743e+00,1.686327e+02,4.931121e+00,4.448040e+02,4.094024e+00,8.377516e+01,1.176895e+01,1.224341e+02,1.846862e+01,2.742398e+00,6.672508e+00,5.864803e+01,6.547300e+00,3.542507e+01,6.193082e+00,2.389377e+00,9.353461e+00,3.297680e+03,1.029288e+01
6.315416e-01,6.613078e-01,5.766715e-01,4.767698e+00,4.148229e+01,1.472284e+00,3.413010e+01,2.034935e+00,1.650364e+02,4.902165e+00,4.349058e+02,4.079920e+00,8.190805e+01,1.175702e+01,1.197427e+02,1.844953e+01,2.702518e+00,6.671542e+00,5.731496e+01,6.541836e+00,3.462040e+01,6.180932e+00,2.349861e+00,9.277573e+00,3.162389e+03,1.025516e+01
6.613078e-01,6.924769e-01,5.634024e-01,4.767324e+00,4.052698e+01,1.471170e+00,3.334435e+01,2.034118e+00,1.614029e+02,4.872894e+00,4.248995e+02,4.065663e+00,8.002054e+01,1.174497e+01,1.170870e+02,1.843064e+01,2.662202e+00,6.670565e+00,5.596702e+01,6.536305e+00,3.380679e+01,6.168629e+00,2.310843e+00,9.202120e+00,3.044466e+03,1.022034e+01
6.924769e-01,7.251151e-01,5.506476e-01,4.766973e+00,3.960848e+01,1.470100e+00,3.258887e+01,2.033335e+00,1.579141e+02,4.844755e+00,4.152783e+02,4.051956e+00,7.820571e+01,1.173338e+01,1.145144e+02,1.841235e+01,2.623435e+00,6.669623e+00,5.467025e+01,6.530968e+00,3.302417e+01,6.156749e+00,2.274220e+00,9.130157e+00,2.944115e+03,1.018889e+01
7.251151e-01,7.592917e-01,5.379928e-01,4.766630e+00,3.869744e+01,1.469039e+00,3.183954e+01,2.032559e+00,1.544568e+02,4.816848e+00,4.057350e+02,4.038363e+00,7.640560e+01,1.172187e+01,1.119938e+02,1.839439e+01,2.584981e+00,6.668687e+00,5.338350e+01,6.525661e+00,3.224766e+01,6.144932e+00,2.238496e+00,9.059172e+00,2.862514e+03,1.016063e+01
7.592917e-01,7.950791e-01,5.257316e-01,4.766307e+00,3.782272e+01,1.468021e+00,3.112007e+01,2.031816e+00,1.511418e+02,4.790054e+00,3.965704e+02,4.025312e+00,7.467694e+01,1.171082e+01,1.095368e+02,1.837690e+01,2.548048e+00,6.667784e+00,5.214702e+01,6.520544e+00,3.150161e+01,6.133529e+00,2.205244e+00,8.991693e+00,2.802400e+03,1.013641e+01
7.950791e-01,8.325532e-01,5.138059e-01,4.765999e+00,3.695204e+01,1.467008e+00,3.040393e+01,2.031077e+00,1.478453e+02,4.763387e+00,3.874480e+02,4.012324e+00,7.295623e+01,1.169981e+01,1.071292e+02,1.835973e+01,2.511283e+00,6.666884e+00,5.091573e+01,6.515438e+00,3.075876e+01,6.122143e+00,2.172813e+00,8.924959e+00,2.768200e+03,1.011663e+01
8.325532e-01,8.717936e-01,5.021950e-01,4.765707e+00,3.611751e+01,1.466038e+00,2.971755e+01,2.030370e+00,1.446923e+02,4.737840e+00,3.787069e+02,3.999881e+00,7.130751e+01,1.168926e+01,1.047994e+02,1.834309e+01,2.476051e+00,6.666017e+00,4.973506e+01,6.510521e+00,3.004659e+01,6.111172e+00,2.142988e+00,8.861816e+00,2.767070e+03,1.010303e+01
8.717936e-01,9.128835e-01,4.906426e-01,4.765420e+00,3.529294e+01,1.465081e+00,2.903938e+01,2.029672e+00,1.415809e+02,4.712602e+00,3.700707e+02,3.987589e+00,6.967858e+01,1.167882e+01,1.025374e+02,1.832691e+01,2.441241e+00,6.665158e+00,4.856802e+01,6.505647e+00,2.934274e+01,6.100290e+00,2.114452e+00,8.800044e+00,2.815253e+03,1.009834e+01
9.128835e-01,9.559100e-01,4.794580e-01,4.765149e+00,3.448829e+01,1.464147e+00,2.837759e+01,2.028993e+00,1.385490e+02,4.687978e+00,3.616426e+02,3.975596e+00,6.808889e+01,1.166863e+01,1.002814e+02,1.831079e+01,2.407268e+00,6.664316e+00,4.742846e+01,6.500869e+00,2.865561e+01,6.089617e+00,2.087813e+00,8.740563e+00,2.938079e+03,1.010759e+01
9.559100e-01,1.000965e+00,4.685768e-01,4.764892e+00,3.370476e+01,1.463238e+00,2.773316e+01,2.028333e+00,1.355999e+02,4.663994e+00,3.534319e+02,3.963915e+00,6.654022e+01,1.165869e+01,9.810988e+01,1.829524e+01,2.374170e+00,6.663491e+00,4.631765e+01,6.496194e+00,2.798596e+01,6.079164e+00,2.063255e+00,8.683556e+00,3.190066e+03,1.014163e+01
1.000965e+00,1.048143e+00,4.581245e-01,4.764651e+00,3.293577e+01,1.462347e+00,2.710069e+01,2.027685e+00,1.326028e+02,4.640460e+00,3.453737e+02,3.952453e+00,6.502034e+01,1.164894e+01,9.592357e+01,1.827996e+01,2.341686e+00,6.662678e+00,4.522688e+01,6.491585e+00,2.732853e+01,6.068852e+00,2.040875e+00,8.628804e+00,3.675343e+03,1.022228e+01
1.048143e+00,1.097544e+00,4.478841e-01,4.764420e+00,3.218271e+01,1.461475e+00,2.648134e+01,2.027051e+00,1.295685e+02,4.617421e+00,3.374834e+02,3.941232e+00,6.353217e+01,1.163937e+01,9.372842e+01,1.826498e+01,2.309877e+00,6.661878e+00,4.415818e+01,6.487050e+00,2.668456e+01,6.058698e+00,2.020214e+00,8.575986e+00,4.528315e+03,1.038360e+01
1.097544e+00,1.149274e+00,4.373445e-01,4.764184e+00,3.144871e+01,1.460625e+00,2.587767e+01,2.026435e+00,1.266109e+02,4.594970e+00,3.297927e+02,3.930298e+00,6.208161e+01,1.163004e+01,9.160068e+01,1.825045e+01,2.278869e+00,6.661093e+00,4.311574e+01,6.482603e+00,2.605666e+01,6.048738e+00,2.001993e+00,8.525912e+00,5.295473e+03,1.055971e+01
1.149274e+00,1.203443e+00,4.276060e-01,4.763974e+00,3.073183e+01,1.459796e+00,2.528810e+01,2.025834e+00,1.237224e+02,4.573047e+00,3.222813e+02,3.919621e+00,6.066487e+01,1.162092e+01,8.951103e+01,1.823618e+01,2.248581e+00,6.660322e+00,4.209685e+01,6.478235e+00,2.544360e+01,6.038948e+00,1.986140e+00,8.479117e+00,4.180384e+03,1.039000e+01
1.203443e+00,1.260164e+00,4.176850e-01,4.763762e+00,3.003156e+01,1.458986e+00,2.471219e+01,2.025248e+00,1.209007e+02,4.551637e+00,3.149435e+02,3.909194e+00,5.928091e+01,1.161198e+01,8.746929e+01,1.822224e+01,2.218990e+00,6.659563e+00,4.110076e+01,6.473941e+00,2.484361e+01,6.029312e+00,1.972409e+00,8.432985e+00,2.145285e+03,9.993794e+00
1.260164e+00,1.319559e+00,4.082750e-01,4.763566e+00,2.936182e+01,1.458211e+00,2.416139e+01,2.024688e+00,1.182019e+02,4.531166e+00,3.079254e+02,3.899225e+00,5.795723e+01,1.160342e+01,8.548752e+01,1.820871e+01,2.190684e+00,6.658829e+00,4.014706e+01,6.469798e+00,2.426954e+01,6.020007e+00,1.962048e+00,8.390850e+00,1.260043e+03,9.790963e+00
1.319559e+00,1.381753e+00,3.989516e-01,4.763375e+00,2.868719e+01,1.457431e+00,2.360657e+01,2.024125e+00,1.154835e+02,4.510549e+00,3.008560e+02,3.889184e+00,5.662387e+01,1.159480e+01,8.353753e+01,1.819538e+01,2.162169e+00,6.658087e+00,3.918595e+01,6.465607e+00,2.369138e+01,6.010595e+00,1.954512e+00,8.350939e+00,1.063823e+03,9.714186e+00
1.381753e+00,1.446879e+00,3.899091e-01,4.763195e+00,2.803521e+01,1.456678e+00,2.307039e+01,2.023581e+00,1.128561e+02,4.490629e+00,2.940235e+02,3.879483e+00,5.533521e+01,1.158646e+01,8.163601e+01,1.818238e+01,2.134606e+00,6.657362e+00,3.825616e+01,6.461523e+00,2.313236e+01,6.001412e+00,1.950569e+00,8.314624e+00,8.934292e+02,9.656566e+00
1.446879e+00,1.515074e+00,3.809623e-01,4.763020e+00,2.739145e+01,1.455934e+00,2.254098e+01,2.023044e+00,1.102619e+02,4.470966e+00,2.872769e+02,3.869906e+00,5.406276e+01,1.157820e+01,7.979092e+01,1.816975e+01,2.107386e+00,6.656642e+00,3.733736e+01,6.457463e+00,2.258018e+01,5.992277e+00,1.950326e+00,8.281299e+00,8.084148e+02,9.620221e+00
1.515074e+00,1.586483e+00,3.724946e-01,4.762859e+00,2.677116e+01,1.455218e+00,2.203089e+01,2.022528e+00,1.077621e+02,4.452025e+00,2.807760e+02,3.860681e+00,5.283663e+01,1.157022e+01,7.799405e+01,1.815744e+01,2.081154e+00,6.655938e+00,3.645103e+01,6.453511e+00,2.204789e+01,5.983380e+00,1.954636e+00,8.252300e+00,7.614668e+02,9.592880e+00
1.586483e+00,1.661258e+00,3.640461e-01,4.762701e+00,2.615490e+01,1.454506e+00,2.152411e+01,2.022016e+00,1.052784e+02,4.433211e+00,2.743171e+02,3.851519e+00,5.161839e+01,1.156228e+01,7.618104e+01,1.814504e+01,2.055087e+00,6.655234e+00,3.556972e+01,6.449558e+00,2.151887e+01,5.974474e+00,1.963687e+00,8.226838e+00,7.289509e+02,9.569221e+00
1.661258e+00,1.739558e+00,3.554424e-01,4.762542e+00,2.556440e+01,1.453824e+00,2.103853e+01,2.021525e+00,1.028983e+02,4.415189e+00,2.681270e+02,3.842742e+00,5.045086e+01,1.155464e+01,7.444841e+01,1.813317e+01,2.030092e+00,6.654548e+00,3.472378e+01,6.445723e+00,2.101150e+01,5.965826e+00,1.978729e+00,8.206833e+00,7.029947e+02,9.547804e+00
1.739558e+00,1.821547e+00,3.475577e-01,4.762402e+00,2.497995e+01,1.453150e+00,2.055793e+01,2.021041e+00,1.005426e+02,4.397357e+00,2.620004e+02,3.834058e+00,4.929527e+01,1.154707e+01,7.275313e+01,1.812155e+01,2.005350e+00,6.653863e+00,3.388577e+01,6.441897e+00,2.050920e+01,5.957193e+00,2.000307e+00,8.191775e+00,6.820640e+02,9.528607e+00
1.821547e+00,1.907402e+00,3.399682e-01,4.762270e+00,2.441083e+01,1.452493e+00,2.008995e+01,2.020569e+00,9.824872e+01,4.380001e+00,2.560349e+02,3.825605e+00,4.817007e+01,1.153969e+01,7.112768e+01,1.811037e+01,1.981258e+00,6.653186e+00,3.306897e+01,6.438129e+00,2.002008e+01,5.948689e+00,2.030065e+00,8.183313e+00,6.719412e+02,9.516011e+00
1.907402e+00,1.997302e+00,3.320295e-01,4.762132e+00,2.385555e+01,1.451852e+00,1.963334e+01,2.020109e+00,9.601080e+01,4.363075e+00,2.502150e+02,3.817362e+00,4.707240e+01,1.153246e+01,6.950028e+01,1.809920e+01,1.957762e+00,6.652518e+00,3.227166e+01,6.434414e+00,1.954332e+01,5.940304e+00,2.069465e+00,8.182505e+00,7.614572e+02,9.569683e+00
1.997302e+00,2.091440e+00,3.242998e-01,4.762001e+00,2.331507e+01,1.451227e+00,1.918892e+01,2.019662e+00,9.383256e+01,4.346608e+00,2.445504e+02,3.809343e+00,4.600400e+01,1.152540e+01,6.789011e+01,1.808814e+01,1.934890e+00,6.651856e+00,3.149474e+01,6.430753e+00,1.907821e+01,5.931999e+00,2.120987e+00,8.190746e+00,1.168897e+03,9.837916e+00
2.091440e+00,2.190015e+00,3.168930e-01,4.761879e+00,2.278335e+01,1.450613e+00,1.875172e+01,2.019223e+00,9.168951e+01,4.330415e+00,2.389773e+02,3.801457e+00,4.495284e+01,1.151844e+01,6.634391e+01,1.807750e+01,1.912381e+00,6.651196e+00,3.072946e+01,6.427111e+00,1.862080e+01,5.923741e+00,2.187092e+00,8.210468e+00,6.660853e+02,9.493226e+00
2.190015e+00,2.293236e+00,3.097072e-01,4.761764e+00,2.226274e+01,1.450011e+00,1.832366e+01,2.018793e+00,8.959110e+01,4.314567e+00,2.335202e+02,3.793739e+00,4.392353e+01,1.151159e+01,6.484434e+01,1.806716e+01,1.890335e+00,6.650540e+00,2.997915e+01,6.423500e+00,1.817420e+01,5.915595e+00,2.272038e+00,8.244634e+00,5.727882e+02,9.422934e+00
2.293236e+00,2.401323e+00,3.026513e-01,4.761653e+00,2.175259e+01,1.449422e+00,1.790421e+01,2.018373e+00,8.753464e+01,4.299043e+00,2.281721e+02,3.786179e+00,4.291477e+01,1.150485e+01,6.338814e+01,1.805710e+01,1.868723e+00,6.649886e+00,2.924284e+01,6.419914e+00,1.773638e+01,5.907497e+00,2.380598e+00,8.296867e+00,5.385538e+02,9.393117e+00
2.401323e+00,2.514503e+00,2.960855e-01,4.761555e+00,2.125964e+01,1.448853e+00,1.749890e+01,2.017967e+00,8.554737e+01,4.284052e+00,2.230041e+02,3.778879e+00,4.193993e+01,1.149831e+01,6.192426e+01,1.804701e+01,1.847833e+00,6.649240e+00,2.853021e+01,6.416390e+00,1.731141e+01,5.899464e+00,2.521793e+00,8.374069e+00,5.052699e+02,9.366965e+00
2.514503e+00,2.633018e+00,2.892865e-01,4.761454e+00,2.077070e+01,1.448287e+00,1.709691e+01,2.017565e+00,8.357612e+01,4.269189e+00,2.178776e+02,3.771640e+00,4.097293e+01,1.149181e+01,6.052437e+01,1.803731e+01,1.827106e+00,6.648589e+00,2.782250e+01,6.412853e+00,1.689259e+01,5.891491e+00,2.707359e+00,8.485283e+00,4.529510e+02,9.339701e+00
2.633018e+00,2.757119e+00,2.824148e-01,4.761349e+00,2.029993e+01,1.447742e+00,1.670986e+01,2.017177e+00,8.167763e+01,4.254885e+00,2.129401e+02,3.764675e+00,4.004150e+01,1.148551e+01,5.913157e+01,1.802767e+01,1.807131e+00,6.647947e+00,2.713947e+01,6.409379e+00,1.648738e+01,5.883589e+00,2.955349e+00,8.644634e+00,3.895733e+02,9.316169e+00
2.757119e+00,2.887069e+00,2.760654e-01,4.761253e+00,1.983831e+01,1.447207e+00,1.633035e+01,2.016798e+00,7.981595e+01,4.240869e+00,2.080984e+02,3.757848e+00,3.912813e+01,1.147930e+01,5.779417e+01,1.801838e+01,1.787538e+00,6.647305e+00,2.646877e+01,6.405918e+00,1.609080e+01,5.875733e+00,3.296217e+00,8.876703e+00,7.583579e+02,9.352108e+00
2.887069e+00,3.023144e+00,2.697390e-01,4.761163e+00,1.938483e+01,1.446682e+00,1.595755e+01,2.016425e+00,7.798724e+01,4.227109e+00,2.033426e+02,3.751147e+00,3.823096e+01,1.147317e+01,5.647252e+01,1.800920e+01,1.768290e+00,6.646661e+00,2.580915e+01,6.402465e+00,1.570518e+01,5.868016e+00,3.779661e+00,9.220258e+00,1.105079e+03,9.382520e+00
3.023144e+00,3.165633e+00,2.635844e-01,4.761078e+00,1.894280e+01,1.446169e+00,1.559418e+01,2.016062e+00,7.620509e+01,4.213711e+00,1.987082e+02,3.744623e+00,3.735670e+01,1.146716e+01,5.518406e+01,1.800022e+01,1.749536e+00,6.646017e+00,2.516557e+01,6.399036e+00,1.532637e+01,5.860220e+00,4.496909e+00,9.749896e+00,2.153714e+03,9.567362e+00
3.165633e+00,3.314837e+00,2.577736e-01,4.760999e+00,1.851111e+01,1.445668e+00,1.523930e+01,2.015708e+00,7.446453e+01,4.200637e+00,1.941820e+02,3.738256e+00,3.650284e+01,1.146126e+01,5.392887e+01,1.799146e+01,1.731216e+00,6.645374e+00,2.453603e+01,6.395622e+00,1.495627e+01,5.852434e+00,5.630161e+00,1.061516e+01,1.576573e+03,9.455076e+00
3.314837e+00,3.471074e+00,2.519103e-01,4.760920e+00,1.808841e+01,1.445177e+00,1.489184e+01,2.015362e+00,7.276015e+01,4.187847e+00,1.897498e+02,3.732028e+00,3.566669e+01,1.145545e+01,5.269287e+01,1.798281e+01,1.713272e+00,6.644727e+00,2.391860e+01,6.392215e+00,1.459528e+01,5.844690e+00,7.594909e+00,1.216191e+01,1.004134e+03,9.317923e+00
3.471074e+00,3.634675e+00,2.461235e-01,4.760843e+00,1.767999e+01,1.444702e+00,1.455611e+01,2.015028e+00,7.111318e+01,4.175501e+00,1.854670e+02,3.726016e+00,3.485870e+01,1.144978e+01,5.149331e+01,1.797440e+01,1.695926e+00,6.644083e+00,2.331376e+01,6.388814e+00,1.424458e+01,5.836995e+00,1.151371e+01,1.533884e+01,3.156789e+03,9.821507e+00
3.634675e+00,3.805987e+00,2.407542e-01,4.760775e+00,1.728404e+01,1.444241e+00,1.423066e+01,2.014703e+00,6.951634e+01,4.163545e+00,1.813148e+02,3.720193e+00,3.407528e+01,1.144424e+01,5.032342e+01,1.796618e+01,1.679101e+00,6.643438e+00,2.272226e+01,6.385420e+00,1.390312e+01,5.829305e+00,2.149357e+01,2.367255e+01,1.287318e+03,9.444616e+00
3.805987e+00,3.985373e+00,2.351494e-01,4.760704e+00,1.688095e+01,1.443771e+00,1.389934e+01,2.014373e+00,6.789068e+01,4.151379e+00,1.770876e+02,3.714268e+00,3.327770e+01,1.143858e+01,4.917007e+01,1.795805e+01,1.661971e+00,6.642773e+00,2.214676e+01,6.382041e+00,1.356895e+01,5.821598e+00,6.669832e+01,6.268699e+01,1.499335e+02,9.111946e+00
3.985373e+00,4.173214e+00,2.296232e-01,4.760635e+00,1.650203e+01,1.443329e+00,1.358792e+01,2.014064e+00,6.636236e+01,4.139962e+00,1.731137e+02,3.708709e+00,3.252786e+01,1.143319e+01,4.804932e+01,1.795013e+01,1.645858e+00,6.642118e+00,2.159075e+01,6.378691e+00,1.324818e+01,5.813921e+00,1.492706e+03,1.345001e+03,1.364241e+02,9.082879e+00
4.173214e+00,4.369908e+00,2.244080e-01,4.760572e+00,1.611893e+01,1.442881e+00,1.327306e+01,2.013751e+00,6.481707e+01,4.128427e+00,1.690956e+02,3.703091e+00,3.176968e+01,1.142771e+01,4.695305e+01,1.794235e+01,1.629564e+00,6.641445e+00,2.102628e+01,6.375255e+00,1.292897e+01,5.806217e+00,7.126725e+02,6.576685e+02,1.470010e+02,9.155438e+00
4.369908e+00,4.575873e+00,2.193635e-01,4.760512e+00,1.575536e+01,1.442454e+00,1.297427e+01,2.013453e+00,6.335042e+01,4.117499e+00,1.652822e+02,3.697770e+00,3.105005e+01,1.142245e+01,4.588377e+01,1.793474e+01,1.614092e+00,6.640776e+00,2.048911e+01,6.371875e+00,1.262472e+01,5.798522e+00,3.777739e+01,4.383351e+01,1.626807e+02,9.474221e+00
4.575873e+00,4.791546e+00,2.143061e-01,4.760453e+00,1.539191e+01,1.442028e+00,1.267559e+01,2.013156e+00,6.188402e+01,4.106584e+00,1.614694e+02,3.692454e+00,3.033051e+01,1.141715e+01,4.483579e+01,1.792725e+01,1.598617e+00,6.640091e+00,1.995131e+01,6.368435e+00,1.232511e+01,5.790795e+00,1.299280e+01,2.019131e+01,2.582737e+02,9.197911e+00
4.791546e+00,5.017384e+00,2.094334e-01,4.760397e+00,1.504223e+01,1.441616e+00,1.238824e+01,2.012870e+00,6.047274e+01,4.096100e+00,1.578000e+02,3.687348e+00,2.963796e+01,1.141199e+01,4.382101e+01,1.791996e+01,1.583713e+00,6.639404e+00,1.943237e+01,6.365013e+00,1.203794e+01,5.783058e+00,6.786304e+00,1.404399e+01,6.218058e+02,9.819951e+00
5.017384e+00,5.253866e+00,2.047790e-01,4.760345e+00,1.469813e+01,1.441211e+00,1.210549e+01,2.012589e+00,5.908386e+01,4.085798e+00,1.541889e+02,3.682331e+00,2.895637e+01,1.140686e+01,4.282111e+01,1.791276e+01,1.569040e+00,6.638705e+00,1.892076e+01,6.361560e+00,1.176136e+01,5.775361e+00,4.391182e+00,1.157504e+01,3.432231e+02,9.942243e+00
5.253866e+00,5.501494e+00,2.002335e-01,4.760295e+00,1.436204e+01,1.440813e+00,1.182933e+01,2.012315e+00,5.772736e+01,4.075754e+00,1.506622e+02,3.677439e+00,2.829067e+01,1.140178e+01,4.184871e+01,1.790572e+01,1.554705e+00,6.637997e+00,1.842015e+01,6.358087e+00,1.149207e+01,5.767546e+00,3.291670e+00,1.037854e+01,7.105261e+02,9.705023e+00
5.501494e+00,5.760794e+00,1.955654e-01,4.760243e+00,1.403390e+01,1.440424e+00,1.155973e+01,2.012048e+00,5.640322e+01,4.065968e+00,1.472199e+02,3.672674e+00,2.764089e+01,1.139675e+01,4.088864e+01,1.789876e+01,1.540713e+00,6.637278e+00,1.793065e+01,6.354594e+00,1.123547e+01,5.759741e+00,2.779978e+00,9.756422e+00,8.183063e+02,1.033849e+01
5.760794e+00,6.032315e+00,1.911980e-01,4.760198e+00,1.371343e+01,1.440044e+00,1.129644e+01,2.011786e+00,5.510992e+01,4.056431e+00,1.438579e+02,3.668030e+00,2.700623e+01,1.139179e+01,3.995680e+01,1.789195e+01,1.527054e+00,6.636547e+00,1.745159e+01,6.351075e+00,1.098956e+01,5.751837e+00,2.620825e+00,9.454007e+00,8.683340e+02,1.220061e+01
6.032315e+00,6.316634e+00,1.867250e-01,4.760151e+00,1.340052e+01,1.439670e+00,1.103937e+01,2.011530e+00,5.384693e+01,4.047138e+00,1.405748e+02,3.663505e+00,2.638641e+01,1.138687e+01,3.904825e+01,1.788527e+01,1.513685e+00,6.635803e+00,1.698282e+01,6.347527e+00,1.075607e+01,5.743934e+00,2.777400e+00,9.384442e+00,2.285004e+03,2.018409e+01
6.316634e+00,6.614353e+00,1.825196e-01,4.760108e+00,1.310142e+01,1.439312e+00,1.079368e+01,2.011286e+00,5.263956e+01,4.038284e+00,1.374366e+02,3.659192e+00,2.579387e+01,1.138207e+01,3.816112e+01,1.787872e+01,1.500901e+00,6.635051e+00,1.653352e+01,6.343986e+00,1.053849e+01,5.736003e+00,3.397729e+00,9.567447e+00,3.795601e+03,3.357749e+02
6.614353e+00,6.926104e+00,1.783356e-01,4.760065e+00,1.279896e+01,1.438949e+00,1.054524e+01,2.011039e+00,5.141857e+01,4.029340e+00,1.342630e+02,3.654836e+00,2.519462e+01,1.137718e+01,3.728859e+01,1.787223e+01,1.487975e+00,6.634273e+00,1.607869e+01,6.340345e+00,1.033575e+01,5.728018e+00,5.145336e+00,1.024184e+01,5.373035e+03,2.581208e+03
6.926104e+00,7.252550e+00,1.743081e-01,4.760025e+00,1.250825e+01,1.438598e+00,1.030647e+01,2.010802e+00,5.024482e+01,4.020772e+00,1.312125e+02,3.650663e+00,2.461852e+01,1.137238e+01,3.643962e+01,1.786587e+01,1.475543e+00,6.633484e+00,1.564042e+01,6.336693e+00,1.015625e+01,5.720032e+00,1.178123e+01,1.287901e+01,2.401271e+03,4.185496e+01
7.252550e+00,7.594381e+00,1.703059e-01,4.759986e+00,1.221978e+01,1.438249e+00,1.006956e+01,2.010567e+00,4.908002e+01,4.012289e+00,1.281853e+02,3.646532e+00,2.404679e+01,1.136755e+01,3.560756e+01,1.785960e+01,1.463201e+00,6.632673e+00,1.520481e+01,6.332970e+00,9.998257e+00,5.712043e+00,1.782175e+02,8.058930e+01,2.359442e+02,1.942124e+01
7.594381e+00,7.952324e+00,1.664186e-01,4.759949e+00,1.194281e+01,1.437912e+00,9.842104e+00,2.010341e+00,4.796145e+01,4.004174e+00,1.252785e+02,3.642580e+00,2.349773e+01,1.136281e+01,3.479774e+01,1.785345e+01,1.451342e+00,6.631848e+00,1.478552e+01,6.329230e+00,9.875819e+00,5.704101e+00,4.430150e+02,1.919904e+02,1.277154e+02,1.454689e+01
7.952324e+00,8.327138e+00,1.626451e-01,4.759914e+00,1.166703e+01,1.437576e+00,9.615642e+00,2.010115e+00,4.684751e+01,3.996113e+00,1.223839e+02,3.638655e+00,2.295092e+01,1.135802e+01,3.400683e+01,1.784739e+01,1.439528e+00,6.630998e+00,1.436738e+01,6.325404e+00,9.795642e+00,5.696244e+00,1.419776e+01,1.544948e+01,3.574216e+02,1.258690e+01
8.327138e+00,8.719617e+00,1.589890e-01,4.759881e+00,1.140259e+01,1.437251e+00,9.398501e+00,2.009900e+00,4.577877e+01,3.988415e+00,1.196069e+02,3.634906e+00,2.242621e+01,1.135331e+01,3.323181e+01,1.784141e+01,1.428181e+00,6.630132e+00,1.396521e+01,6.321556e+00,9.784923e+00,5.688642e+00,4.424840e+00,1.152714e+01,5.987928e+03,1.269488e+01
8.719617e+00,9.130595e+00,1.554131e-01,4.759849e+00,1.114135e+01,1.436928e+00,9.184008e+00,2.009686e+00,4.472282e+01,3.980835e+00,1.168632e+02,3.631214e+00,2.190775e+01,1.134856e+01,3.247530e+01,1.783551e+01,1.416966e+00,6.629239e+00,1.356731e+01,6.317630e+00,9.879733e+00,5.681517e+00,2.364639e+00,1.101219e+01,1.648948e+04,1.413122e+01
9.130595e+00,9.560944e+00,1.520051e-01,4.759818e+00,1.088638e+01,1.436612e+00,8.974697e+00,2.009478e+00,4.369222e+01,3.973468e+00,1.141857e+02,3.627626e+00,2.140173e+01,1.134383e+01,3.175342e+01,1.782981e+01,1.406014e+00,6.628323e+00,1.317836e+01,6.313644e+00,1.015134e+01,5.675157e+00,1.605618e+00,1.118867e+01,3.716398e+03,1.113884e+01
9.560944e+00,1.001158e+01,1.484384e-01,4.759787e+00,1.063819e+01,1.436302e+00,8.770968e+00,2.009274e+00,4.268922e+01,3.966333e+00,1.115802e+02,3.624152e+00,2.090949e+01,1.133911e+01,3.102428e+01,1.782402e+01,1.395355e+00,6.627381e+00,1.279944e+01,6.309600e+00,1.077176e+01,5.670704e+00,1.252318e+00,1.169708e+01,1.283261e+03,1.030747e+01
1.001158e+01,1.048345e+01,1.450577e-01,4.759757e+00,1.039469e+01,1.435996e+00,8.571101e+00,2.009075e+00,4.170507e+01,3.959365e+00,1.090240e+02,3.620758e+00,2.042865e+01,1.133438e+01,3.031168e+01,1.781830e+01,1.384899e+00,6.626413e+00,1.242728e+01,6.305480e+00,1.217186e+01,5.670703e+00,1.066299e+00,1.247774e+01,1.242677e+03,1.145033e+01
1.048345e+01,1.097756e+01,1.418433e-01,4.759730e+00,1.015622e+01,1.435694e+00,8.375387e+00,2.008880e+00,4.074113e+01,3.952574e+00,1.065205e+02,3.617450e+00,1.995979e+01,1.132965e+01,2.961678e+01,1.781266e+01,1.374651e+00,6.625415e+00,1.206240e+01,6.301284e+00,1.581456e+01,5.683994e+00,9.641556e-01,1.355852e+01,6.497438e+02,9.705362e+00
1.097756e+01,1.149496e+01,1.385342e-01,4.759701e+00,9.923746e+00,1.435397e+00,8.184623e+00,2.008690e+00,3.980129e+01,3.945992e+00,1.040799e+02,3.614245e+00,1.950316e+01,1.132491e+01,2.894422e+01,1.780712e+01,1.364637e+00,6.624386e+00,1.170640e+01,6.297014e+00,2.991314e+01,5.759922e+00,9.103522e-01,1.502425e+01,6.763768e+02,9.808080e+00
1.149496e+01,1.203675e+01,1.354632e-01,4.759676e+00,9.696682e+00,1.435104e+00,7.998313e+00,2.008503e+00,3.888311e+01,3.939601e+00,1.016958e+02,3.611132e+00,1.905737e+01,1.132015e+01,2.828029e+01,1.780160e+01,1.354866e+00,6.623327e+00,1.135848e+01,6.292665e+00,4.277358e+02,8.144853e+00,8.885867e-01,1.701900e+01,1.732400e+03,1.053086e+01
1.203675e+01,1.260407e+01,1.323338e-01,4.759651e+00,9.474854e+00,1.434815e+00,7.816322e+00,2.008320e+00,3.798593e+01,3.933397e+00,9.936647e+01,3.608111e+00,1.862211e+01,1.131537e+01,2.763396e+01,1.779614e+01,1.345300e+00,6.622233e+00,1.101836e+01,6.288232e+00,9.251852e+02,1.112900e+01,8.917528e-01,1.977682e+01,7.843155e+03,1.150132e+01
1.260407e+01,1.319813e+01,1.294850e-01,4.759627e+00,9.262675e+00,1.434537e+00,7.642277e+00,2.008145e+00,3.712756e+01,3.927518e+00,9.713830e+01,3.605247e+00,1.820612e+01,1.131061e+01,2.700834e+01,1.779078e+01,1.336143e+00,6.621108e+00,1.068599e+01,6.283711e+00,3.686289e+01,5.773191e+00,9.180821e-01,2.370323e+01,1.048935e+03,9.133827e+00
1.319813e+01,1.382019e+01,1.267277e-01,4.759605e+00,9.048863e+00,1.434254e+00,7.466906e+00,2.007969e+00,3.626248e+01,3.921618e+00,9.489292e+01,3.602373e+00,1.778707e+01,1.130573e+01,2.639060e+01,1.778541e+01,1.326916e+00,6.619939e+00,1.036149e+01,6.279099e+00,1.568305e+01,5.635549e+00,9.695632e-01,2.950510e+01,1.828387e+03,9.015333e+00
1.382019e+01,1.447158e+01,1.238403e-01,4.759582e+00,8.842289e+00,1.433978e+00,7.297498e+00,2.007798e+00,3.542649e+01,3.915970e+00,9.272336e+01,3.599622e+00,1.738255e+01,1.130083e+01,2.578825e+01,1.778009e+01,1.317995e+00,6.618733e+00,1.005078e+01,6.274426e+00,1.097427e+01,5.596649e+00,1.055486e+00,3.851294e+01,3.461757e+03,9.068087e+00
1.447158e+01,1.515366e+01,1.208321e-01,4.759558e+00,8.638215e+00,1.433702e+00,7.130160e+00,2.007630e+00,3.460045e+01,3.910431e+00,9.057992e+01,3.596925e+00,1.698318e+01,1.129587e+01,2.519981e+01,1.777480e+01,1.309177e+00,6.617483e+00,9.739609e+00,6.269609e+00,9.120860e+00,5.574522e+00,1.209661e+00,5.347516e+01,8.079277e+02,8.514997e+00
1.515366e+01,1.586789e+01,1.181052e-01,4.759537e+00,8.441608e+00,1.433433e+00,6.968973e+00,2.007467e+00,3.380443e+01,3.905156e+00,8.851475e+01,3.594354e+00,1.659881e+01,1.129088e+01,2.463802e+01,1.776962e+01,1.300675e+00,6.616192e+00,9.441216e+00,6.264719e+00,8.179855e+00,5.557458e+00,3.785203e+00,8.270721e+01,1.321873e+03,8.377053e+00
1.586789e+01,1.661578e+01,1.154433e-01,4.759516e+00,8.246189e+00,1.433163e+00,6.808779e+00,2.007305e+00,3.301304e+01,3.899953e+00,8.646186e+01,3.591819e+00,1.621701e+01,1.128578e+01,2.406618e+01,1.776432e+01,1.292219e+00,6.614852e+00,9.145662e+00,6.259694e+00,7.618907e+00,5.542217e+00,5.625793e+00,1.422209e+02,1.623128e+03,8.307186e+00
1.661578e+01,1.739893e+01,1.127429e-01,4.759495e+00,8.058701e+00,1.432900e+00,6.655115e+00,2.007149e+00,3.225333e+01,3.895028e+00,8.449155e+01,3.589420e+00,1.585104e+01,1.128065e+01,2.351444e+01,1.775909e+01,1.284096e+00,6.613469e+00,8.864419e+00,6.254599e+00,7.254454e+00,5.527643e+00,2.103750e+00,2.995229e+02,1.329468e+03,7.692370e+00
1.739893e+01,1.821899e+01,1.102788e-01,4.759476e+00,7.873118e+00,1.432635e+00,6.503033e+00,2.006994e+00,3.150116e+01,3.890201e+00,8.254106e+01,3.587068e+00,1.548909e+01,1.127543e+01,2.297910e+01,1.775389e+01,1.276056e+00,6.612032e+00,8.588227e+00,6.249373e+00,7.002244e+00,5.513202e+00,2.917618e+00,1.111712e+03,1.769555e+03,7.382535e+00
1.821899e+01,1.907769e+01,1.078765e-01,4.759458e+00,7.692413e+00,1.432374e+00,6.354976e+00,2.006843e+00,3.076858e+01,3.885565e+00,8.064182e+01,3.584809e+00,1.513711e+01,1.127013e+01,2.246229e+01,1.774874e+01,1.268228e+00,6.610543e+00,8.322700e+00,6.244046e+00,6.826410e+00,5.498639e+00,4.875406e+00,1.558032e+04,1.617121e+03,7.013947e+00
1.907769e+01,1.997688e+01,1.053631e-01,4.759438e+00,7.516402e+00,1.432116e+00,6.210797e+00,2.006695e+00,3.005514e+01,3.881117e+00,7.879268e+01,3.582642e+00,1.479499e+01,1.126474e+01,2.195077e+01,1.774355e+01,1.260588e+00,6.608999e+00,8.069087e+00,6.238620e+00,6.707384e+00,5.483791e+00,1.171688e+01,3.781466e+03,1.105757e+04,1.051341e+01
1.997688e+01,2.091844e+01,1.029818e-01,4.759421e+00,7.345149e+00,1.431860e+00,6.070546e+00,2.006551e+00,2.936084e+01,3.876861e+00,7.699359e+01,3.580568e+00,1.445960e+01,1.125924e+01,2.144688e+01,1.773833e+01,1.253153e+00,6.607398e+00,7.823460e+00,6.233066e+00,6.634966e+00,5.468559e+00,2.042097e+02,7.962529e+02,3.331603e+03,1.444184e+03
2.091844e+01,2.190438e+01,1.007689e-01,4.759404e+00,7.176529e+00,1.431604e+00,5.932478e+00,2.006409e+00,2.867699e+01,3.872732e+00,7.522200e+01,3.578556e+00,1.413188e+01,1.125363e+01,2.095576e+01,1.773312e+01,1.245835e+00,6.605735e+00,7.594586e+00,6.227430e+00,6.605959e+00,5.452890e+00,1.222661e+03,1.978622e+03,3.540469e+03,6.092422e+02
2.190438e+01,2.293679e+01,9.845188e-02,4.759387e+00,7.011431e+00,1.431349e+00,5.797318e+00,2.006269e+00,2.800719e+01,3.868761e+00,7.348718e+01,3.576621e+00,1.381268e+01,1.124792e+01,2.048004e+01,1.772791e+01,1.238666e+00,6.604009e+00,7.382107e+00,6.221699e+00,6.621678e+00,5.436773e+00,1.546029e+01,1.488266e+02,6.829346e+02,2.083724e+01
2.293679e+01,2.401786e+01,9.612380e-02,4.759372e+00,6.849494e+00,1.431095e+00,5.664773e+00,2.006131e+00,2.734997e+01,3.864939e+00,7.178535e+01,3.574758e+00,1.350122e+01,1.124209e+01,2.001051e+01,1.772266e+01,1.231633e+00,6.602214e+00,7.189697e+00,6.215885e+00,6.687254e+00,5.420229e+00,5.666436e+00,8.853745e+01,3.426822e+03,1.518326e+01
2.401786e+01,2.514988e+01,9.404343e-02,4.759363e+00,6.693019e+00,1.430843e+00,5.536734e+00,2.005997e+00,2.671468e+01,3.861338e+00,7.014084e+01,3.573002e+00,1.319773e+01,1.123612e+01,1.955255e+01,1.771738e+01,1.224843e+00,6.600353e+00,7.023794e+00,6.210008e+00,6.809724e+00,5.403378e+00,5.111740e+00,6.256835e+01,2.187332e+03,1.242341e+01
2.514988e+01,2.633526e+01,9.189749e-02,4.759355e+00,6.537735e+00,1.430589e+00,5.409693e+00,2.005863e+00,2.608402e+01,3.857831e+00,6.850871e+01,3.571292e+00,1.290681e+01,1.123005e+01,1.910884e+01,1.771209e+01,1.218104e+00,6.598416e+00,6.896326e+00,6.204113e+00,7.001252e+00,5.386447e+00,1.414193e+01,5.291281e+01,2.447436e+03,1.108597e+01
2.633526e+01,2.757651e+01,8.974348e-02,4.759335e+00,6.387998e+00,1.430338e+00,5.287225e+00,2.005735e+00,2.547552e+01,3.854552e+00,6.693444e+01,3.569693e+00,1.261643e+01,1.122378e+01,1.867331e+01,1.770676e+01,1.211585e+00,6.596405e+00,6.827991e+00,6.198278e+00,7.286509e+00,5.369887e+00,7.761537e+02,5.654340e+02,1.624333e+03,1.011036e+01
2.757651e+01,2.887626e+01,8.774991e-02,4.759307e+00,6.241163e+00,1.430086e+00,5.167158e+00,2.005607e+00,2.487859e+01,3.851424e+00,6.539060e+01,3.568167e+00,1.233453e+01,1.121736e+01,1.824663e+01,1.770136e+01,1.205203e+00,6.594314e+00,6.865141e+00,6.192682e+00,7.694799e+00,5.354491e+00,1.864717e+01,4.596125e+01,1.751621e+03,9.376570e+00
2.887626e+01,3.023727e+01,8.574067e-02,4.759291e+00,6.096934e+00,1.429833e+00,5.049253e+00,2.005481e+00,2.429209e+01,3.848442e+00,6.387425e+01,3.566712e+00,1.205783e+01,1.121076e+01,1.782933e+01,1.769592e+01,1.198944e+00,6.592140e+00,7.107266e+00,6.187712e+00,8.274227e+00,5.341801e+00,3.426662e+00,2.928330e+01,2.513759e+02,8.318394e+00
3.023727e+01,3.166243e+01,8.381349e-02,4.759276e+00,5.956515e+00,1.429580e+00,4.934500e+00,2.005358e+00,2.372100e+01,3.845646e+00,6.239834e+01,3.565347e+00,1.178447e+01,1.120395e+01,1.742226e+01,1.769042e+01,1.192842e+00,6.589880e+00,7.830379e+00,6.184440e+00,9.110281e+00,5.334788e+00,1.677182e+00,2.420254e+01,7.725212e+02,7.627540e+00
3.166243e+01,3.315477e+01,8.199037e-02,4.759262e+00,5.819364e+00,1.429327e+00,4.822452e+00,2.005238e+00,2.316299e+01,3.843023e+00,6.095678e+01,3.564067e+00,1.151056e+01,1.119691e+01,1.702460e+01,1.768487e+01,1.186898e+00,6.587529e+00,1.010480e+01,6.187040e+00,1.035199e+01,5.339567e+00,1.158239e+00,2.097265e+01,2.282372e+03,6.770188e+00
3.315477e+01,3.471744e+01,8.014738e-02,4.759248e+00,5.685043e+00,1.429071e+00,4.712748e+00,2.005118e+00,2.261627e+01,3.840562e+00,5.954498e+01,3.562866e+00,1.124678e+01,1.118969e+01,1.663934e+01,1.767925e+01,1.181078e+00,6.585084e+00,2.227665e+01,6.228083e+00,1.227104e+01,5.368823e+00,9.853538e-01,1.859710e+01,3.984353e+03,6.123484e+00
3.471744e+01,3.635376e+01,7.832463e-02,4.759234e+00,5.555221e+00,1.428816e+00,4.606758e+00,2.005002e+00,2.208745e+01,3.838316e+00,5.817669e+01,3.561765e+00,1.098597e+01,1.118223e+01,1.625985e+01,1.767353e+01,1.175392e+00,6.582540e+00,1.017569e+03,1.010571e+01,1.544021e+01,5.452477e+00,9.831472e-01,1.674438e+01,7.302637e+03,3.680163e+01
3.635376e+01,3.806721e+01,7.662253e-02,4.759220e+00,5.429281e+00,1.428560e+00,4.503976e+00,2.004889e+00,2.157412e+01,3.836272e+00,5.684735e+01,3.560759e+00,1.073264e+01,1.117455e+01,1.588861e+01,1.766773e+01,1.169856e+00,6.579894e+00,7.826305e+01,6.433082e+00,2.124609e+01,5.671163e+00,1.141418e+00,1.526983e+01,2.323972e+03,2.173646e+03
3.806721e+01,3.986141e+01,7.484525e-02,4.759206e+00,5.301091e+00,1.428296e+00,4.399373e+00,2.004773e+00,2.105207e+01,3.834249e+00,5.550856e+01,3.559780e+00,1.048492e+01,1.116664e+01,1.552583e+01,1.766183e+01,1.164470e+00,6.577141e+00,1.433662e+01,6.176565e+00,3.380638e+01,6.290665e+00,1.695444e+00,1.418470e+01,2.586301e+03,3.246807e+01
3.986141e+01,4.174018e+01,7.310562e-02,4.759191e+00,5.180517e+00,1.428036e+00,4.301040e+00,2.004661e+00,2.056040e+01,3.832548e+00,5.424227e+01,3.558949e+00,1.024240e+01,1.115846e+01,1.517263e+01,1.765583e+01,1.159300e+00,6.574281e+00,3.224241e+01,6.239192e+00,7.114212e+01,8.599896e+00,2.936159e+01,2.456855e+01,1.479740e+03,2.004603e+01
4.174018e+01,4.370751e+01,7.149269e-02,4.759177e+00,5.058600e+00,1.427768e+00,4.201631e+00,2.004548e+00,2.006311e+01,3.830901e+00,5.296100e+01,3.558143e+00,1.000483e+01,1.115001e+01,1.482600e+01,1.764970e+01,1.154065e+00,6.571295e+00,5.316353e+02,8.180234e+00,3.496064e+02,3.002015e+01,5.340240e+00,1.416177e+01,1.373184e+03,1.664113e+01
4.370751e+01,4.576755e+01,6.998474e-02,4.759163e+00,4.942836e+00,1.427501e+00,4.107290e+00,2.004440e+00,1.959059e+01,3.829542e+00,5.174451e+01,3.557478e+00,9.773818e+00,1.114129e+01,1.448900e+01,1.764346e+01,1.149123e+00,6.568194e+00,1.090118e+01,6.140831e+00,8.031065e+03,7.305104e+02,4.336117e+01,4.727253e+01,1.860062e+03,1.473082e+01
4.576755e+01,4.792470e+01,6.842471e-02,4.759149e+00,4.827067e+00,1.427228e+00,4.012972e+00,2.004331e+00,1.911787e+01,3.828287e+00,5.052800e+01,3.556863e+00,9.547649e+00,1.113228e+01,1.416263e+01,1.763711e+01,1.144188e+00,6.564959e+00,5.927143e+00,6.113562e+00,2.489980e+02,3.368933e+01,6.504862e+02,7.017735e+02,1.515425e+03,1.350473e+01
4.792470e+01,5.018351e+01,6.679255e-02,4.759133e+00,4.715531e+00,1.426953e+00,3.922149e+00,2.004224e+00,1.866211e+01,3.827270e+00,4.935599e+01,3.556363e+00,9.326950e+00,1.112294e+01,1.383777e+01,1.763059e+01,1.139443e+00,6.561595e+00,4.757814e+00,6.100916e+00,5.109021e+01,1.265438e+01,7.802506e+01,9.452555e+01,1.880918e+03,1.289608e+01
5.018351e+01,5.254879e+01,6.533863e-02,4.759119e+00,4.605757e+00,1.426672e+00,3.832796e+00,2.004118e+00,1.821333e+01,3.826422e+00,4.820262e+01,3.555946e+00,9.111143e+00,1.111328e+01,1.352250e+01,1.762392e+01,1.134803e+00,6.558091e+00,4.205004e+00,6.090446e+00,2.280551e+01,9.099235e+00,3.106657e+00,1.678593e+01,4.363776e+03,1.253213e+01
5.254879e+01,5.502555e+01,6.400764e-02,4.759106e+00,4.498526e+00,1.426388e+00,3.745553e+00,2.004013e+00,1.777472e+01,3.825771e+00,4.707620e+01,3.555625e+00,8.900337e+00,1.110329e+01,1.321348e+01,1.761709e+01,1.130301e+00,6.554443e+00,3.857782e+00,6.080539e+00,1.383372e+01,7.768603e+00,1.283065e+00,1.331842e+01,1.316829e+03,1.134185e+01
5.502555e+01,5.761905e+01,6.261391e-02,4.759092e+00,4.393901e+00,1.426098e+00,3.660474e+00,2.003909e+00,1.734659e+01,3.825326e+00,4.597750e+01,3.555404e+00,8.694500e+00,1.109293e+01,1.291404e+01,1.761010e+01,1.125932e+00,6.550644e+00,3.606040e+00,6.070753e+00,1.023764e+01,7.097772e+00,7.150629e-01,1.173851e+01,4.622894e+03,1.139498e+01
5.761905e+01,6.033478e+01,6.115450e-02,4.759077e+00,4.291685e+00,1.425804e+00,3.577394e+00,2.003807e+00,1.692809e+01,3.825086e+00,4.490434e+01,3.555285e+00,8.493479e+00,1.108220e+01,1.261772e+01,1.760291e+01,1.121706e+00,6.546688e+00,3.406894e+00,6.060902e+00,8.993411e+00,6.698123e+00,4.695100e-01,1.073777e+01,2.115704e+03,1.003478e+01
6.033478e+01,6.317852e+01,5.963772e-02,4.759061e+00,4.191838e+00,1.425504e+00,3.496282e+00,2.003704e+00,1.651904e+01,3.825057e+00,4.385631e+01,3.555267e+00,8.296295e+00,1.107107e+01,1.233183e+01,1.759554e+01,1.117607e+00,6.542566e+00,3.244471e+00,6.050908e+00,9.620613e+00,6.431760e+00,4.185566e-01,1.002805e+01,8.875298e+02,8.338585e+00
6.317852e+01,6.615628e+01,5.833603e-02,4.759046e+00,4.096352e+00,1.425200e+00,3.418768e+00,2.003604e+00,1.612736e+01,3.825304e+00,4.285441e+01,3.555385e+00,8.103499e+00,1.105953e+01,1.205143e+01,1.758796e+01,1.113671e+00,6.538273e+00,3.109810e+00,6.040705e+00,1.416629e+01,6.240474e+00,9.980018e+00,1.337210e+01,1.091225e+03,3.960790e+02
6.615628e+01,6.927440e+01,5.709846e-02,4.759031e+00,3.999748e+00,1.424885e+00,3.340368e+00,2.003503e+00,1.573128e+01,3.825669e+00,4.184092e+01,3.555561e+00,7.914476e+00,1.104754e+01,1.177563e+01,1.758014e+01,1.109829e+00,6.533797e+00,2.999773e+00,6.030247e+00,4.919881e+01,6.142231e+00,3.419713e-01,9.045233e+00,3.907240e+02,1.188204e+02
6.927440e+01,7.253948e+01,5.580257e-02,4.759015e+00,3.906880e+00,1.424566e+00,3.265054e+00,2.003403e+00,1.535009e+01,3.826306e+00,4.086702e+01,3.555871e+00,7.731368e+00,1.103513e+01,1.150928e+01,1.757212e+01,1.106150e+00,6.529133e+00,2.916705e+00,6.019499e+00,4.269269e+03,2.004101e+01,1.965809e-01,8.481882e+00,2.471007e+03,1.491217e+01
7.253948e+01,7.595846e+01,5.445409e-02,4.758998e+00,3.814663e+00,1.424238e+00,3.190303e+00,2.003303e+00,1.497153e+01,3.827129e+00,3.990024e+01,3.556271e+00,7.551140e+00,1.102224e+01,1.124826e+01,1.756385e+01,1.102601e+00,6.524270e+00,2.867156e+00,6.008419e+00,4.627862e+01,6.203387e+00,8.174236e-01,8.679425e+00,1.664755e+03,1.264379e+01
7.595846e+01,7.953857e+01,5.320072e-02,4.758981e+00,3.726091e+00,1.423903e+00,3.118561e+00,2.003204e+00,1.460763e+01,3.828236e+00,3.897216e+01,3.556811e+00,7.375786e+00,1.100885e+01,1.099300e+01,1.755533e+01,1.099281e+00,6.519203e+00,2.866929e+00,5.996977e+00,2.395678e+01,5.966691e+00,1.751869e-01,7.645873e+00,7.124559e+02,1.124762e+01
7.953857e+01,8.328743e+01,5.201138e-02,4.758965e+00,3.637842e+00,1.423558e+00,3.047114e+00,2.003103e+00,1.424481e+01,3.829534e+00,3.804775e+01,3.557445e+00,7.203092e+00,1.099495e+01,1.074274e+01,1.754652e+01,1.096003e+00,6.513908e+00,2.963813e+00,5.985216e+00,2.035734e+01,5.857738e+00,1.690259e-01,7.213592e+00,9.114484e+02,3.628668e+01
8.328743e+01,8.721299e+01,5.086754e-02,4.758948e+00,3.553081e+00,1.423206e+00,2.978548e+00,2.003004e+00,1.389602e+01,3.831128e+00,3.716033e+01,3.558226e+00,7.035079e+00,1.098051e+01,1.049948e+01,1.753743e+01,1.092959e+00,6.508388e+00,3.325511e+00,5.973563e+00,5.750932e+00,5.734326e+00,2.139778e-01,6.800262e+00,1.877615e+03,1.071832e+01
8.721299e+01,9.132356e+01,4.974480e-02,4.758930e+00,3.469317e+00,1.422843e+00,2.910826e+00,2.002904e+00,1.355115e+01,3.832951e+00,3.628375e+01,3.559121e+00,6.871132e+00,1.096551e+01,1.026397e+01,1.752805e+01,1.090050e+00,6.502621e+00,5.215719e+00,5.966542e+00,5.521714e+00,5.657822e+00,3.657977e-01,6.413767e+00,1.559714e+03,1.078094e+01
9.132356e+01,9.562787e+01,4.866736e-02,4.758912e+00,3.387524e+00,1.422470e+00,2.844745e+00,2.002805e+00,1.321417e+01,3.835043e+00,3.542837e+01,3.560148e+00,6.711110e+00,1.094994e+01,1.002916e+01,1.751832e+01,1.087342e+00,6.496597e+00,4.158903e+02,7.552375e+00,6.087995e+00,5.585009e+00,4.519804e-01,5.795957e+00,1.080127e+03,8.257329e+00
9.562787e+01,1.001351e+02,4.892842e-02,4.758893e+00,3.307955e+00,1.422086e+00,2.780513e+00,2.002705e+00,1.288619e+01,3.837420e+00,3.459698e+01,3.561318e+00,6.554901e+00,1.093376e+01,9.802814e+00,1.750829e+01,1.084862e+00,6.490300e+00,1.244999e+01,5.957255e+00,5.144978e+01,5.834223e+00,3.240370e+00,6.234427e+00,8.406854e+02,5.178655e+00
1.001351e+02,1.048547e+02,1.784619e+00,4.758874e+00,3.229878e+00,1.421691e+00,2.717529e+00,2.002605e+00,1.256417e+01,3.840071e+00,3.378178e+01,3.562625e+00,6.401077e+00,1.091695e+01,9.581656e+00,1.749790e+01,1.082587e+00,6.483712e+00,1.307805e+01,5.918740e+00,8.526563e+00,5.423841e+00,1.292113e+02,1.091439e+02,1.282743e+03,6.009876e+02
1.048547e+02,1.097968e+02,5.172829e+00,4.758855e+00,3.153364e+00,1.421284e+00,2.655851e+00,2.002504e+00,1.224840e+01,3.843007e+00,3.298353e+01,3.564075e+00,6.248113e+00,1.089946e+01,9.364280e+00,1.748714e+01,1.080608e+00,6.476813e+00,4.511746e+02,7.652460e+00,6.080926e+01,5.504734e+00,1.214428e+00,7.225259e+00,1.050530e+03,2.154152e+01
1.097968e+02,1.149718e+02,8.720733e+00,4.758835e+00,3.078732e+00,1.420864e+00,2.595741e+00,2.002404e+00,1.194019e+01,3.846249e+00,3.220562e+01,3.565681e+00,6.098924e+00,1.088129e+01,9.153038e+00,1.747598e+01,1.078936e+00,6.469582e+00,1.279896e+01,5.874147e+00,1.430200e+02,5.855255e+00,7.663665e+01,4.090491e+02,5.312487e+02,1.270704e+01
1.149718e+02,1.203907e+02,1.243586e+01,4.758814e+00,3.005791e+00,1.420431e+00,2.537042e+00,2.002302e+00,1.163877e+01,3.849804e+00,3.144608e+01,3.567444e+00,5.953204e+00,1.086240e+01,8.944599e+00,1.746442e+01,1.077651e+00,6.461995e+00,2.958424e+03,1.756045e+01,3.589119e+01,5.256597e+00,8.786789e+00,6.394360e+01,1.458134e+03,1.786146e+02
1.203907e+02,1.260650e+02,1.635384e+01,4.758792e+00,2.934494e+00,1.419985e+00,2.479713e+00,2.002199e+00,1.134396e+01,3.853681e+00,3.070432e+01,3.569371e+00,5.810876e+00,1.084278e+01,8.743074e+00,1.745244e+01,1.076849e+00,6.454021e+00,4.356299e+01,6.268686e+00,9.135685e+01,5.419351e+00,4.950426e-01,1.043022e+01,1.515817e+03,1.579458e+01
1.260650e+02,1.320068e+02,2.153693e+01,4.758770e+00,2.866248e+00,1.419525e+00,2.424899e+00,2.002097e+00,1.106139e+01,3.857934e+00,2.999166e+01,3.571490e+00,5.674808e+00,1.082245e+01,8.546807e+00,1.744002e+01,1.076762e+00,6.445629e+00,5.793573e+00,5.966713e+00,1.120767e+04,2.450191e+02,2.952095e-01,7.653062e+00,1.303540e+03,1.357903e+01
1.320068e+02,1.382286e+02,2.752557e+01,4.758747e+00,2.797432e+00,1.419047e+00,2.369655e+00,2.001992e+00,1.077658e+01,3.862471e+00,2.927882e+01,3.573756e+00,5.537681e+00,1.080125e+01,8.352956e+00,1.742711e+01,1.077643e+00,6.436779e+00,3.383498e+00,5.911221e+00,1.608848e+03,4.654594e+01,3.859332e+00,7.859799e+00,1.787772e+03,1.285646e+01
1.382286e+02,1.447437e+02,3.379646e+01,4.758722e+00,2.730927e+00,1.418554e+00,2.316323e+00,2.001886e+00,1.050108e+01,3.867389e+00,2.859200e+01,3.576222e+00,5.405353e+00,1.077926e+01,8.165681e+00,1.741373e+01,1.080232e+00,6.427440e+00,2.822552e+00,5.876245e+00,5.676582e+01,8.840359e+00,1.604562e+01,2.081134e+01,6.619814e+02,1.175879e+01
1.447437e+02,1.515658e+02,4.032295e+01,4.758697e+00,2.665166e+00,1.418043e+00,2.263630e+00,2.001778e+00,1.022859e+01,3.872657e+00,2.791125e+01,3.578867e+00,5.274650e+00,1.075638e+01,7.982110e+00,1.739984e+01,1.087031e+00,6.417596e+00,2.782030e+00,5.845418e+00,1.900531e+01,7.215427e+00,2.111858e+00,6.447959e+00,1.110119e+03,1.533976e+01
1.515658e+02,1.587095e+02,4.608088e+01,4.758671e+00,2.601783e+00,1.417515e+00,2.212898e+00,2.001670e+00,9.965706e+00,3.878335e+00,2.725632e+01,3.581731e+00,5.148920e+00,1.073266e+01,7.802814e+00,1.738541e+01,1.212564e+00,6.409719e+00,3.086817e+00,5.813236e+00,1.443546e+01,6.736929e+00,5.168455e+01,8.674017e+01,8.633163e+02,1.093607e+01
1.587095e+02,1.661899e+02,5.162441e+01,4.758644e+00,2.538735e+00,1.416967e+00,2.162472e+00,2.001559e+00,9.704220e+00,3.884384e+00,2.660563e+01,3.584786e+00,5.024020e+00,1.070797e+01,7.626760e+00,1.737041e+01,2.601056e+00,6.429094e+00,3.875181e+00,5.775146e+00,1.194169e+02,1.082986e+01,1.022180e+00,6.928725e+00,9.825969e+02,2.086242e+01
1.661899e+02,1.740228e+02,5.764694e+01,4.758616e+00,2.478156e+00,1.416402e+00,2.114081e+00,2.001447e+00,9.452751e+00,3.890878e+00,2.598174e+01,3.588081e+00,4.904314e+00,1.068238e+01,7.456819e+00,1.735485e+01,1.209437e+00,6.385878e+00,5.783323e+00,5.723637e+00,3.858927e+00,6.269776e+00,1.636163e+01,4.308321e+01,8.694732e+02,9.427919e+00
1.740228e+02,1.822250e+02,6.428826e+01,4.758587e+00,2.418163e+00,1.415815e+00,2.344505e+00,2.001333e+00,9.203595e+00,3.897778e+00,2.536481e+01,3.591595e+00,4.786000e+00,1.065578e+01,7.290331e+00,1.733867e+01,6.192538e+01,7.776225e+00,1.183104e+01,5.639751e+00,2.664311e+00,6.118445e+00,1.808932e+01,7.181800e+01,1.580440e+03,6.909988e+00
1.822250e+02,1.908137e+02,7.079828e+01,4.758557e+00,2.414998e+00,1.415206e+00,3.070664e+00,2.001216e+00,8.960704e+00,3.905132e+00,2.476491e+01,3.595355e+00,4.671039e+00,1.062818e+01,7.127523e+00,1.732184e+01,9.075848e+00,6.539460e+00,6.431752e+01,5.488711e+00,2.029513e+00,6.014593e+00,6.771188e+01,8.496730e+02,5.716931e+02,4.047053e+02
1.908137e+02,1.998073e+02,7.760913e+01,4.758526e+00,2.986823e+00,1.414576e+00,4.221364e+00,2.001098e+00,8.724203e+00,3.912957e+00,2.418233e+01,3.599376e+00,4.559543e+00,1.059955e+01,6.967107e+00,1.730434e+01,1.196117e+00,6.340650e+00,8.395947e+03,4.362080e+01,1.683224e+00,5.933567e+00,1.712787e+01,4.013169e+01,1.055763e+03,3.702063e+01
1.998073e+02,2.092247e+02,8.429297e+01,4.758493e+00,4.025803e+00,1.413922e+00,5.761677e+00,2.000977e+00,8.493899e+00,3.921269e+00,2.361677e+01,3.603671e+00,4.450510e+00,1.056982e+01,6.813225e+00,1.728619e+01,1.142561e+00,6.320576e+00,3.108139e+01,6.435727e+00,3.754534e+00,5.872339e+00,1.216156e+00,1.437945e+01,1.003785e+03,1.119215e+02
2.092247e+02,2.190860e+02,9.079794e+01,4.758459e+00,5.431098e+00,1.413243e+00,7.632016e+00,2.000853e+00,8.266904e+00,3.930072e+00,2.306048e+01,3.608238e+00,4.344641e+00,1.053898e+01,6.661298e+00,1.726729e+01,1.148401e+00,6.298818e+00,7.518812e+00,6.072033e+00,4.227259e+01,6.102921e+00,1.547474e+00,2.636390e+02,8.368999e+02,2.275238e+01
2.190860e+02,2.294121e+02,9.760927e+01,4.758424e+00,6.865778e+00,1.412539e+00,9.621461e+00,2.000726e+00,8.044559e+00,3.939392e+00,2.251700e+01,3.613102e+00,4.360945e+00,1.050817e+01,6.515279e+00,1.724766e+01,1.189967e+00,6.273530e+00,3.951372e+00,5.959882e+00,7.008593e+01,5.958194e+00,1.554495e+00,4.501366e+01,1.460430e+03,1.473196e+01
2.294121e+02,2.402249e+02,1.047416e+02,4.758387e+00,8.334524e+00,1.411807e+00,1.171877e+01,2.000596e+00,7.826199e+00,3.949250e+00,2.198463e+01,3.618271e+00,5.040658e+00,1.048262e+01,6.369582e+00,1.722721e+01,9.644328e+00,6.431387e+00,5.325024e+00,5.906319e+00,2.061205e+01,5.750629e+00,4.418250e+00,1.430313e+01,1.095168e+03,5.493085e+01
2.402249e+02,2.515473e+02,1.122102e+02,4.758348e+00,9.859469e+00,1.411049e+00,1.361126e+01,2.000462e+00,7.615056e+00,3.959685e+00,2.147175e+01,3.623786e+00,4.042315e+00,1.043947e+01,6.229042e+00,1.720598e+01,6.845448e+00,6.324503e+00,4.010557e+02,7.409412e+00,4.210108e+01,5.806287e+00,2.529607e+01,3.434958e+02,1.017852e+03,1.512519e+01
2.515473e+02,2.634034e+02,1.200307e+02,4.758307e+00,1.141414e+01,1.410261e+00,1.548389e+01,2.000325e+00,7.405451e+00,3.970687e+00,2.096363e+01,3.629630e+00,3.947924e+00,1.040396e+01,6.090908e+00,1.718388e+01,1.535083e+00,6.141161e+00,2.598502e+00,5.811760e+00,5.963888e+00,5.664410e+00,1.468895e+01,4.397089e+01,1.309410e+03,1.326291e+01
2.634034e+02,2.758183e+02,1.278723e+02,4.758264e+00,1.288777e+01,1.409444e+00,1.752084e+01,2.000185e+00,7.203034e+00,3.982312e+00,2.047489e+01,3.635858e+00,3.854525e+00,1.036702e+01,5.956374e+00,1.716092e+01,2.198884e+00,6.053949e+00,1.656109e+00,5.769588e+00,3.328898e+02,6.617268e+00,3.305304e-01,1.295091e+01,1.232682e+03,4.207320e+01
2.758183e+02,2.888183e+02,1.352493e+02,4.758220e+00,1.443097e+01,1.408595e+00,1.968670e+01,2.000040e+00,7.004581e+00,3.994569e+00,1.999701e+01,3.642473e+00,3.764468e+00,1.032883e+01,5.825361e+00,1.713704e+01,1.002124e+01,6.371446e+00,1.599321e+00,5.727722e+00,7.643518e+02,8.557998e+00,1.652711e+01,4.265059e+01,8.143334e+02,1.343636e+01
2.888183e+02,3.024310e+02,1.432213e+02,4.758174e+00,1.605935e+01,1.407713e+00,2.197143e+01,1.999890e+00,6.809582e+00,4.007479e+00,1.952900e+01,3.649493e+00,3.676451e+00,1.028923e+01,5.696804e+00,1.711221e+01,3.688521e+02,5.511937e+01,1.973941e+00,5.678968e+00,9.972261e+00,5.550840e+00,6.140770e+00,1.284651e+01,6.750608e+02,3.065140e+01
3.024310e+02,3.166854e+02,1.525147e+02,4.758126e+00,1.774690e+01,1.406798e+00,2.433682e+01,1.999737e+00,6.619882e+00,4.021080e+00,1.907537e+01,3.656960e+00,3.587540e+00,1.024832e+01,5.572478e+00,1.708641e+01,7.819449e+00,7.681422e+00,5.843920e+00,5.622502e+00,1.500453e+02,5.798566e+00,1.507410e+01,3.307655e+01,6.006120e+02,1.341021e+01
3.166854e+02,3.316116e+02,1.615725e+02,4.758076e+00,1.928758e+01,1.405848e+00,2.651500e+01,1.999578e+00,6.434650e+00,4.035396e+00,1.863398e+01,3.664894e+00,3.497880e+00,1.020586e+01,5.450912e+00,1.705959e+01,1.674914e+00,6.746935e+00,2.059563e+02,6.227983e+00,3.599161e+01,5.487556e+00,1.032956e+01,1.736690e+01,7.751250e+02,1.171401e+01
3.316116e+02,3.472413e+02,1.707783e+02,4.758024e+00,2.082281e+01,1.404860e+00,2.869395e+01,1.999415e+00,6.253318e+00,4.050454e+00,1.820339e+01,3.673320e+00,3.415936e+00,1.016214e+01,5.332253e+00,1.703171e+01,1.277766e+00,6.570253e+00,1.463174e+03,1.165266e+01,1.911215e+02,5.528332e+00,4.304666e+00,1.041257e+01,9.927568e+02,1.029959e+01
3.472413e+02,3.636077e+02,1.804846e+02,4.757969e+00,2.243764e+01,1.403834e+00,3.098033e+01,1.999246e+00,6.076074e+00,4.066286e+00,1.778481e+01,3.682274e+00,6.100897e+00,1.014406e+01,5.216062e+00,1.700276e+01,1.146382e+00,6.480889e+00,3.448516e+01,5.455872e+00,6.257393e+02,3.967081e+01,1.525743e+01,2.309163e+01,6.370302e+02,7.278148e+01
3.636077e+02,3.807455e+02,1.907753e+02,4.757912e+00,2.413537e+01,1.402769e+00,3.337213e+01,1.999073e+00,5.903174e+00,4.082925e+00,1.737843e+01,3.691792e+00,3.263446e+00,1.007013e+01,5.103864e+00,1.697271e+01,1.087259e+00,6.422933e+00,4.601734e+03,4.388461e+01,3.399612e+02,3.150351e+01,1.354254e+01,3.100756e+01,5.456899e+02,1.357407e+01
3.807455e+02,3.986910e+02,2.015540e+02,4.757852e+00,2.591350e+01,1.401664e+00,3.586810e+01,1.998892e+00,5.734199e+00,4.100402e+00,1.698191e+01,3.701921e+00,3.162197e+00,1.002163e+01,4.993409e+00,1.694144e+01,1.056071e+00,6.379539e+00,2.283457e+02,8.563248e+00,5.487803e+02,8.222712e+00,3.882889e+00,9.150623e+00,5.588421e+02,1.539594e+01
3.986910e+02,4.174823e+02,2.124860e+02,4.757789e+00,2.777288e+01,1.400517e+00,3.844851e+01,1.998705e+00,5.569466e+00,4.118757e+00,1.660236e+01,3.712727e+00,3.081804e+00,9.971705e+00,4.885807e+00,1.690902e+01,1.038639e+00,6.343865e+00,4.566847e+00,6.247977e+00,9.063310e+01,6.284515e+00,4.673221e-01,2.267086e+01,4.742305e+02,2.217347e+01
4.174823e+02,4.371593e+02,2.234079e+02,4.757723e+00,2.971652e+01,1.399322e+00,4.113108e+01,1.998511e+00,5.432264e+00,4.138019e+00,1.622270e+01,3.724137e+00,3.004641e+00,9.920212e+00,4.780766e+00,1.687532e+01,1.034503e+00,6.312647e+00,1.961961e+00,6.012869e+00,1.031277e+03,1.449347e+01,2.149788e+01,5.237529e+01,9.098701e+02,1.672757e+01
4.371593e+02,4.577638e+02,2.346303e+02,4.757655e+00,3.173936e+01,1.398085e+00,4.387579e+01,1.998310e+00,5.393083e+00,4.158238e+00,1.586351e+01,3.736359e+00,2.930372e+00,9.867148e+00,4.679267e+00,1.684042e+01,5.790413e+00,6.390947e+00,5.542841e+00,5.872470e+00,2.714830e+01,4.911539e+00,8.215791e-02,6.832221e+00,6.117200e+02,1.219567e+01
4.577638e+02,4.793394e+02,2.463598e+02,4.757584e+00,3.384842e+01,1.396797e+00,4.662392e+01,1.998101e+00,5.835505e+00,4.179439e+00,1.550567e+01,3.749309e+00,2.858296e+00,9.812471e+00,4.578749e+00,1.680413e+01,1.028323e+00,6.255909e+00,3.716411e+02,7.385361e+00,1.426246e+03,8.003387e+01,1.928324e+00,6.039724e+00,7.087058e+02,1.530460e+01
4.793394e+02,5.019319e+02,2.586432e+02,4.757509e+00,3.603779e+01,1.395462e+00,4.923246e+01,1.997885e+00,7.385007e+00,4.201677e+00,1.516943e+01,3.763148e+00,2.788585e+00,9.756153e+00,4.481576e+00,1.676655e+01,1.011008e+00,6.227871e+00,1.813675e+02,6.527759e+00,1.452603e+01,7.902291e+00,5.580691e+00,4.816439e+01,7.880507e+02,1.149837e+01
5.019319e+02,5.255892e+02,2.717168e+02,4.757431e+00,3.810536e+01,1.394075e+00,5.219604e+01,1.997660e+00,1.140670e+01,4.224994e+00,1.579768e+01,3.777888e+00,2.721082e+00,9.698179e+00,4.387626e+00,1.672763e+01,1.008010e+00,6.199292e+00,9.268701e+00,5.800519e+00,2.757590e+02,7.735404e+00,4.235148e-01,1.491011e+01,9.123054e+02,2.651541e+01
5.255892e+02,5.503616e+02,2.855623e+02,4.757349e+00,4.014067e+01,1.392635e+00,5.542949e+01,1.997427e+00,1.755109e+01,4.249434e+00,1.763417e+01,3.793616e+00,2.673382e+00,9.638543e+00,4.594201e+00,1.668727e+01,1.008230e+00,6.168733e+00,7.453450e-01,5.718123e+00,8.002590e+01,6.300295e+00,1.719445e+00,5.136688e+01,7.036544e+02,2.528216e+01
5.503616e+02,5.763016e+02,3.000604e+02,4.757264e+00,4.238588e+01,1.391141e+00,5.866080e+01,1.997184e+00,2.429163e+01,4.275048e+00,2.097564e+01,3.810423e+00,6.702044e+00,9.577227e+00,7.813427e+00,1.664555e+01,1.012033e+00,6.134317e+00,6.982161e-01,5.667147e+00,7.744587e+02,1.743290e+01,6.977299e+00,1.340379e+01,6.685744e+02,1.080571e+01
5.763016e+02,6.034642e+02,3.152419e+02,4.757174e+00,4.488810e+01,1.389592e+00,6.181771e+01,1.996933e+00,3.062900e+01,4.301891e+00,2.646570e+01,3.828393e+00,1.490565e+01,9.514230e+00,1.463337e+01,1.660243e+01,1.023220e+00,6.092173e+00,5.552571e+01,5.793745e+00,1.267700e+01,6.210314e+00,7.134495e+00,2.852652e+01,7.672948e+02,4.268523e+01
6.034642e+02,6.319070e+02,3.311086e+02,4.757080e+00,4.735316e+01,1.387984e+00,6.509028e+01,1.996670e+00,3.742805e+01,4.330016e+00,3.257002e+01,3.847628e+00,2.603214e+01,9.449524e+00,2.789607e+01,1.655768e+01,1.057804e+00,6.031971e+00,1.304223e+02,6.106086e+00,4.581964e+02,1.008755e+01,1.990884e+00,6.024997e+00,5.890278e+02,2.006772e+01
6.319070e+02,6.616904e+02,3.469870e+02,4.756982e+00,4.977876e+01,1.386316e+00,6.858826e+01,1.996397e+00,4.496182e+01,4.359489e+00,3.880224e+01,3.868381e+00,3.999879e+01,9.383113e+00,5.199301e+01,1.651160e+01,1.255807e+00,5.912434e+00,1.460779e+02,6.105109e+00,1.865002e+01,5.845231e+00,5.341698e+00,1.573419e+01,4.046539e+02,3.028151e+01
6.616904e+02,6.928776e+02,3.632960e+02,4.756880e+00,5.226738e+01,1.384585e+00,7.228389e+01,1.996113e+00,5.279184e+01,4.390352e+00,4.523717e+01,3.890387e+00,5.535418e+01,9.315015e+00,7.775237e+01,1.646391e+01,5.456432e+01,1.643944e+01,2.783209e+02,6.512665e+00,5.900559e+02,2.235143e+01,8.139494e+00,8.759950e+01,7.271899e+02,1.983814e+01
6.928776e+02,7.255347e+02,3.803737e+02,4.756773e+00,5.486233e+01,1.382796e+00,7.623506e+01,1.995816e+00,6.057798e+01,4.422693e+00,5.155250e+01,3.914196e+00,7.158855e+01,9.245402e+00,1.018901e+02,1.641486e+01,1.496226e+00,6.576530e+00,3.097812e+02,6.406770e+00,7.373064e+01,6.891279e+00,4.458853e+00,1.004884e+02,6.629733e+02,2.181557e+01
7.255347e+02,7.597310e+02,3.982698e+02,4.756661e+00,5.757459e+01,1.380933e+00,8.040381e+01,1.995507e+00,6.835186e+01,4.456562e+00,5.794175e+01,3.939586e+00,8.730333e+01,9.173954e+00,1.268518e+02,1.636419e+01,1.056051e+00,6.239788e+00,1.593491e+03,2.096499e+01,4.347790e+00,6.094174e+00,3.465475e+00,2.294233e+01,5.887095e+02,1.197676e+01
7.597310e+02,7.955391e+02,4.172565e+02,4.756543e+00,6.040089e+01,1.379007e+00,8.453097e+01,1.995186e+00,7.584805e+01,4.492047e+00,6.474866e+01,3.967142e+00,1.013194e+02,9.100934e+00,1.546896e+02,1.631220e+01,1.010826e+00,6.148220e+00,4.779489e+00,5.848366e+00,3.524875e+02,9.489373e+00,4.845205e+00,1.264467e+01,5.857506e+02,1.321871e+01
7.955391e+02,8.330349e+02,4.371910e+02,4.756420e+00,6.335165e+01,1.377005e+00,8.876019e+01,1.994851e+00,8.375620e+01,4.529236e+00,7.191924e+01,3.996591e+00,1.152136e+02,9.025889e+00,1.829714e+02,1.625860e+01,1.005989e+00,6.092481e+00,1.545593e+00,5.504544e+00,4.731368e+02,1.047153e+01,4.881476e+00,8.489127e+01,4.307706e+02,1.850726e+01
8.330349e+02,8.722980e+02,4.580020e+02,4.756291e+00,6.642321e+01,1.374935e+00,9.317288e+01,1.994501e+00,9.342070e+01,4.568209e+00,7.942384e+01,4.028624e+00,1.299293e+02,8.949527e+00,2.104027e+02,1.620378e+01,1.258375e+00,6.055977e+00,1.809771e+00,5.260283e+00,7.860257e+01,6.116358e+00,3.590018e+00,9.633947e+00,4.446072e+02,2.894330e+01
8.722980e+02,9.134117e+02,4.794401e+02,4.756157e+00,6.962531e+01,1.372787e+00,9.778123e+01,1.994136e+00,1.033780e+02,4.609054e+00,8.719162e+01,4.063124e+00,1.443329e+02,8.871571e+00,2.382670e+02,1.614754e+01,1.272257e+01,6.244231e+00,4.686708e+01,4.940157e+00,4.231339e+01,8.171381e+00,1.221747e+00,5.169141e+00,3.910438e+02,1.585503e+01
9.134117e+02,9.564631e+02,5.014255e+02,4.756016e+00,7.296085e+01,1.370562e+00,1.025919e+02,1.993755e+00,1.133065e+02,4.651873e+00,9.522734e+01,4.100478e+00,1.571506e+02,8.792095e+00,2.654803e+02,1.609017e+01,7.560962e+00,5.971167e+00,1.723048e+03,2.790964e+01,1.517216e+00,5.868705e+00,5.484364e+00,6.984432e+01,4.489715e+02,2.480369e+01
9.564631e+02,1.001544e+03,5.244452e+02,4.755868e+00,7.643498e+01,1.368260e+00,1.076150e+02,1.993357e+00,1.234934e+02,4.696785e+00,1.037995e+02,4.141144e+00,1.706314e+02,8.711162e+00,2.918951e+02,1.603156e+01,1.395977e+01,5.932934e+00,2.975662e+01,5.331314e+00,3.974801e+01,6.163582e+00,7.117195e+00,7.981400e+01,3.362948e+02,6.494143e+01
1.001544e+03,1.048749e+03,5.486980e+02,4.755713e+00,8.005433e+01,1.365875e+00,1.128600e+02,1.992942e+00,1.341830e+02,4.743904e+00,1.126405e+02,4.185054e+00,1.872728e+02,8.629102e+00,3.184919e+02,1.597192e+01,2.206656e+01,5.893729e+00,1.513082e+03,3.194580e+01,1.055885e+02,7.840672e+00,3.540905e+00,1.931580e+01,2.946519e+02,1.465014e+01
1.048749e+03,1.098179e+03,5.742253e+02,4.755552e+00,8.382217e+01,1.363403e+00,1.182647e+02,1.992509e+00,1.452171e+02,4.793354e+00,1.218812e+02,4.233397e+00,2.044855e+02,8.547373e+00,3.454271e+02,1.591140e+01,3.130953e+01,5.852245e+00,3.122392e+01,6.113234e+00,1.028440e+02,6.702220e+00,5.217619e+00,1.188547e+02,4.925537e+02,1.957557e+01
1.098179e+03,1.149939e+03,6.009558e+02,4.755382e+00,8.773968e+01,1.360847e+00,1.237233e+02,1.992056e+00,1.561218e+02,4.845290e+00,1.312772e+02,4.285992e+00,3.347736e+02,9.287919e+00,3.734024e+02,1.585026e+01,4.059706e+01,5.807195e+00,8.927424e+02,1.067875e+01,2.264231e+02,8.445812e+00,4.782075e+00,4.496689e+01,4.373952e+02,2.965335e+01
1.149939e+03,1.204139e+03,6.289462e+02,4.755205e+00,9.182112e+01,1.358201e+00,1.295139e+02,1.991583e+00,1.673252e+02,4.899873e+00,1.413067e+02,4.343550e+00,6.651430e+02,1.146008e+01,4.023780e+02,1.578887e+01,5.013588e+01,5.757130e+00,1.310006e+03,1.878926e+01,8.630999e+01,6.838039e+00,2.762597e+00,3.559632e+01,5.240585e+02,2.735924e+01
1.204139e+03,1.260893e+03,6.582435e+02,4.755019e+00,9.606110e+01,1.355462e+00,1.355951e+02,1.991089e+00,1.804403e+02,4.957279e+00,1.522420e+02,4.406754e+00,2.455047e+02,8.286577e+00,4.325215e+02,1.572750e+01,5.989330e+01,5.699526e+00,4.179717e+02,7.871553e+00,1.352308e+02,7.370669e+00,1.919134e+00,1.801009e+01,3.938607e+02,2.700950e+01
1.260893e+03,1.320322e+03,6.884681e+02,4.754825e+00,1.004615e+02,1.352640e+00,1.420445e+02,1.990573e+00,1.949778e+02,5.017710e+00,1.646514e+02,4.476549e+00,2.573468e+02,8.194420e+00,4.643837e+02,1.567100e+01,6.917560e+01,5.629540e+00,1.406458e+02,6.105177e+00,1.726981e+02,6.614146e+00,3.075684e+00,2.795174e+01,3.618861e+02,1.620025e+01
1.320322e+03,1.382553e+03,7.198845e+02,4.754622e+00,1.050530e+02,1.349704e+00,1.488385e+02,1.990033e+00,2.103845e+02,5.081396e+00,1.778690e+02,4.553323e+00,2.721749e+02,8.103024e+00,5.163625e+02,1.585938e+01,7.790082e+01,5.539342e+00,3.601281e+02,6.483748e+00,1.048562e+02,6.215607e+00,1.780330e+00,7.223227e+00,4.166986e+02,1.049363e+01
1.382553e+03,1.447716e+03,7.527816e+02,4.754409e+00,1.097389e+02,1.346676e+00,1.559192e+02,1.989470e+00,2.267101e+02,5.148605e+00,1.919071e+02,4.638575e+00,2.881336e+02,8.010837e+00,5.297774e+02,1.554839e+01,8.613544e+01,5.419077e+00,6.207937e+02,9.129941e+00,1.120633e+02,8.414713e+00,3.972687e+00,6.893667e+01,4.076391e+02,2.673675e+01
1.447716e+03,1.515950e+03,7.872212e+02,4.754187e+00,1.145649e+02,1.343536e+00,1.633033e+02,1.988883e+00,2.430864e+02,5.219642e+00,2.071309e+02,4.733307e+00,3.042860e+02,7.917857e+00,5.609889e+02,1.548990e+01,1.072216e+02,5.966989e+00,1.453869e+03,2.574023e+01,5.282348e+01,5.538881e+00,3.045719e+00,4.277419e+01,2.823862e+02,1.531248e+01
1.515950e+03,1.587401e+03,8.230748e+02,4.753953e+00,1.195797e+02,1.340298e+00,1.709915e+02,1.988269e+00,2.600757e+02,5.294934e+00,2.241799e+02,4.841103e+00,3.204829e+02,7.823902e+00,5.927962e+02,1.543532e+01,4.579611e+02,2.332636e+01,1.073355e+03,1.059589e+01,3.598224e+02,2.260067e+01,2.137898e+00,2.075925e+01,3.148333e+02,2.035621e+01
1.587401e+03,1.662219e+03,8.605249e+02,4.753709e+00,1.248248e+02,1.336938e+00,1.790209e+02,1.987630e+00,2.781435e+02,5.374776e+00,1.049446e+03,6.541880e+00,3.424669e+02,7.768546e+00,6.270938e+02,1.538529e+01,1.407095e+02,6.594802e+00,4.396055e+02,7.509396e+00,1.061663e+02,7.381239e+00,1.772194e+00,1.107313e+01,3.864436e+02,2.978561e+01
1.662219e+03,1.740564e+03,8.997416e+02,4.753453e+00,1.303875e+02,1.333475e+00,1.873592e+02,1.986967e+00,2.976288e+02,5.459858e+00,2.613143e+02,5.091425e+00,3.494468e+02,7.632825e+00,6.643727e+02,1.534056e+01,1.388724e+02,5.994639e+00,3.029109e+02,6.679593e+00,2.141780e+02,8.503374e+00,1.973374e+00,8.874257e+00,4.229461e+02,2.431549e+01
1.740564e+03,1.822601e+03,9.406742e+02,4.753184e+00,1.361937e+02,1.329888e+00,1.959827e+02,1.986282e+00,3.185199e+02,5.550793e+00,2.822373e+02,5.240385e+00,3.638333e+02,7.535942e+00,7.039054e+02,1.530281e+01,1.446314e+02,5.766341e+00,4.164800e+02,6.493345e+00,1.233487e+02,7.015400e+00,3.022188e+00,4.504534e+01,4.564633e+02,3.409725e+01
1.822601e+03,1.908505e+03,9.833186e+02,4.752904e+00,1.422190e+02,1.326180e+00,2.048799e+02,1.985589e+00,3.410475e+02,5.648574e+00,3.069944e+02,5.411315e+00,3.786859e+02,7.438350e+00,7.413169e+02,1.527458e+01,1.521747e+02,5.610376e+00,9.397153e+02,1.574294e+01,1.829384e+02,6.007591e+00,2.066150e+00,1.244734e+01,3.563747e+02,1.259555e+01
1.908505e+03,1.998458e+03,1.027970e+03,4.752610e+00,1.484667e+02,1.322352e+00,2.143387e+02,1.984924e+00,3.655169e+02,5.754538e+00,3.349617e+02,5.606582e+00,3.952104e+02,7.340056e+00,7.801168e+02,1.525791e+01,1.794852e+02,5.969302e+00,2.534928e+02,5.825434e+00,2.605237e+02,9.467218e+00,2.005492e+00,1.452493e+01,5.842282e+02,3.946652e+01
1.998458e+03,2.092651e+03,1.074344e+03,4.752302e+00,1.549043e+02,1.318398e+00,2.242779e+02,1.984466e+00,3.920771e+02,5.870443e+00,3.668559e+02,5.832186e+00,4.127410e+02,7.241870e+00,8.219666e+02,1.525702e+01,1.937118e+02,5.965211e+00,1.291071e+03,1.598555e+01,1.826322e+02,6.425029e+00,2.966812e+00,4.555029e+01,4.038159e+02,1.995901e+01
2.092651e+03,2.191283e+03,1.122489e+03,4.751981e+00,1.615491e+02,1.314305e+00,2.353202e+02,1.986536e+00,4.219727e+02,5.999339e+00,4.031550e+02,6.092305e+00,4.300319e+02,7.142464e+00,8.674317e+02,1.527531e+01,1.702646e+02,5.048842e+00,8.015960e+02,9.819632e+00,3.880961e+02,8.276720e+00,2.384825e+00,3.671964e+01,5.017226e+02,2.822298e+01
2.191283e+03,2.294563e+03,1.172770e+03,4.751645e+00,1.684402e+02,1.310073e+00,5.390286e+02,3.066999e+00,4.559656e+02,6.146248e+00,4.443229e+02,6.395810e+00,4.463485e+02,7.042378e+00,9.548502e+02,1.559170e+01,3.152466e+02,8.861862e+00,3.701285e+02,7.112700e+00,1.982318e+02,6.121428e+00,2.832308e+00,1.934743e+01,5.064771e+02,2.504037e+01
2.294563e+03,2.402712e+03,1.225249e+03,4.751294e+00,1.755970e+02,1.305693e+00,2.568669e+02,1.983721e+00,4.938362e+02,6.319350e+00,4.922338e+02,6.752896e+00,4.637007e+02,6.949305e+00,9.742623e+02,1.539362e+01,1.961576e+02,5.139927e+00,7.354198e+02,9.344847e+00,6.086533e+02,1.614846e+01,1.310699e+00,1.432495e+01,4.466739e+02,1.549818e+01
2.402712e+03,2.515958e+03,1.280251e+03,4.750925e+00,1.830820e+02,1.301177e+00,2.680921e+02,1.980787e+00,5.370583e+02,6.537592e+00,5.487047e+02,7.176590e+00,4.793933e+02,6.843080e+00,1.032283e+03,1.550884e+01,3.533964e+02,8.682148e+00,1.338471e+03,2.307488e+01,3.458363e+02,8.071874e+00,1.897705e+00,1.853984e+01,5.085055e+02,1.802233e+01
2.515958e+03,2.634542e+03,1.337764e+03,4.750539e+00,1.908671e+02,1.296495e+00,2.803194e+02,1.979442e+00,5.899302e+02,6.843290e+00,6.161793e+02,7.683945e+00,4.964345e+02,6.744040e+00,1.095806e+03,1.567985e+01,2.396640e+02,5.569576e+00,3.752789e+02,5.809402e+00,4.080565e+02,9.686393e+00,2.071509e+00,2.735826e+01,8.346716e+02,4.277754e+01
2.634542e+03,2.758715e+03,1.397965e+03,4.750134e+00,1.988168e+02,1.291664e+00,2.930971e+02,1.978254e+00,6.655988e+02,7.365435e+00,6.978806e+02,8.299914e+00,5.137668e+02,6.646489e+00,1.167322e+03,1.592085e+01,2.631794e+03,5.840057e+01,1.569355e+03,2.371571e+01,2.952835e+02,6.984995e+00,1.236733e+00,2.933361e+01,5.524465e+02,2.087731e+01
2.758715e+03,2.888740e+03,1.460418e+03,4.749711e+00,2.071386e+02,1.286668e+00,3.063342e+02,1.977073e+00,8.231663e+02,8.656642e+00,7.982249e+02,9.055171e+00,5.317651e+02,6.547980e+00,1.249981e+03,1.625672e+01,5.336101e+02,1.116709e+01,3.410856e+02,6.657669e+00,2.984269e+02,6.288930e+00,1.515989e+00,2.098147e+01,5.836826e+02,2.143940e+01
2.888740e+03,3.024894e+03,1.525357e+03,4.749268e+00,2.158396e+02,1.281498e+00,3.200866e+02,1.975860e+00,1.579378e+03,1.561533e+01,9.232141e+02,9.992300e+00,5.502267e+02,6.452371e+00,1.346964e+03,1.671491e+01,3.752568e+02,7.391950e+00,7.960223e+02,9.906652e+00,3.739022e+02,7.637147e+00,1.476950e+00,1.884547e+01,5.146761e+02,1.627217e+01
3.024894e+03,3.167465e+03,1.593359e+03,4.748805e+00,2.248383e+02,1.276160e+00,3.344880e+02,1.974604e+00,3.689846e+03,3.474910e+01,1.082110e+03,1.117543e+01,5.696390e+02,6.363507e+00,1.465860e+03,1.735850e+01,3.748322e+02,6.998422e+00,3.454836e+02,6.212866e+00,5.206513e+02,8.671007e+00,1.369175e+00,4.900667e+01,5.372758e+02,1.726093e+01
3.167465e+03,3.316756e+03,1.664565e+03,4.748319e+00,2.340809e+02,1.270644e+00,3.495833e+02,1.973291e+00,1.487282e+03,1.355143e+01,1.284950e+03,1.268240e+01,5.897020e+02,6.278365e+00,1.686810e+03,1.907016e+01,3.418633e+02,6.038168e+00,5.115522e+02,6.541291e+00,1.475188e+03,2.732291e+01,1.847377e+00,2.734878e+01,5.887197e+02,1.862240e+01
3.316756e+03,3.473083e+03,1.739124e+03,4.747810e+00,2.436914e+02,1.264945e+00,3.653993e+02,1.971920e+00,1.163648e+03,1.018739e+01,1.549140e+03,1.462390e+01,6.124126e+02,6.215896e+00,1.801311e+03,1.948327e+01,3.358600e+02,5.626750e+00,9.343434e+02,1.061482e+01,4.516448e+02,8.265448e+00,1.289473e+00,2.704412e+01,7.525750e+02,2.519499e+01
3.473083e+03,3.636778e+03,1.816711e+03,4.747277e+00,2.537266e+02,1.259061e+00,3.818551e+02,1.970485e+00,1.342582e+03,1.125636e+01,1.898937e+03,1.712626e+01,6.420217e+02,6.213468e+00,2.015093e+03,2.083783e+01,3.248649e+02,5.178636e+00,1.073644e+03,1.217983e+01,1.050234e+03,1.742950e+01,1.368621e+00,2.023905e+01,7.098372e+02,2.208140e+01
3.636778e+03,3.808189e+03,1.897060e+03,4.746719e+00,2.641153e+02,1.253005e+00,3.988782e+02,1.968980e+00,2.281772e+03,1.833504e+01,2.355122e+03,2.027853e+01,7.033467e+02,6.498055e+00,2.305013e+03,2.279886e+01,2.734375e+02,4.174626e+00,1.199148e+03,1.404974e+01,6.074033e+02,9.131547e+00,8.998241e-01,1.733180e+01,7.286071e+02,2.134623e+01
3.808189e+03,3.987679e+03,1.981173e+03,4.746135e+00,2.747637e+02,1.246774e+00,4.167000e+02,1.967405e+00,2.719177e+03,2.097239e+01,2.916612e+03,2.396905e+01,9.455338e+02,8.366144e+00,2.664658e+03,2.521189e+01,2.815236e+03,4.015134e+01,1.243301e+03,1.194188e+01,4.651739e+02,7.157839e+00,1.191005e+00,3.519656e+01,7.846632e+02,2.264465e+01
3.987679e+03,4.175628e+03,2.069093e+03,4.745523e+00,2.858434e+02,1.240371e+00,4.353966e+02,1.965754e+00,1.710320e+03,1.251759e+01,3.512221e+03,2.754145e+01,9.061735e+02,7.672861e+00,3.073366e+03,2.785301e+01,1.131626e+03,1.566833e+01,1.155840e+03,1.244355e+01,5.069887e+02,7.096222e+00,1.350887e+01,1.318443e+01,6.208895e+02,1.560523e+01
4.175628e+03,4.372436e+03,2.160734e+03,4.744883e+00,2.974007e+02,1.233876e+00,4.549216e+02,1.964026e+00,1.526558e+03,1.059032e+01,3.946335e+03,2.950552e+01,7.727316e+02,6.223893e+00,3.479630e+03,3.015667e+01,5.433218e+02,7.071585e+00,6.660343e+02,7.135321e+00,7.806150e+02,9.279669e+00,6.892382e+01,2.214011e+01,6.508508e+02,1.524628e+01
4.372436e+03,4.578521e+03,2.255836e+03,4.744212e+00,3.094295e+02,1.227383e+00,4.751318e+02,1.962221e+00,1.478227e+03,9.822947e+00,4.009237e+03,2.853835e+01,7.642825e+02,5.867320e+00,3.770136e+03,3.121028e+01,4.518690e+02,5.561723e+00,8.359622e+02,8.040628e+00,6.435369e+02,7.925933e+00,1.072832e+02,1.812237e+01,7.024871e+02,1.643136e+01
4.578521e+03,4.794318e+03,2.355325e+03,4.743510e+00,3.218906e+02,1.221105e+00,4.962328e+02,1.960385e+00,1.545797e+03,9.812178e+00,3.782521e+03,2.556958e+01,7.813773e+02,5.720244e+00,3.841477e+03,3.036650e+01,1.425275e+03,1.690992e+01,1.231041e+03,1.337381e+01,5.828598e+02,6.979616e+00,8.355582e+01,9.101119e+00,6.537110e+02,1.488752e+01
4.794318e+03,5.020287e+03,2.459491e+03,4.742775e+00,3.350856e+02,1.215649e+00,5.734158e+02,2.089908e+00,1.649793e+03,9.994445e+00,3.633950e+03,2.325668e+01,8.073594e+02,5.641510e+00,3.690449e+03,2.785446e+01,6.061076e+02,6.849603e+00,6.640742e+02,6.544286e+00,6.226201e+02,7.015213e+00,3.030560e+02,2.429806e+01,7.264408e+02,1.670272e+01
5.020287e+03,5.256906e+03,2.567582e+03,4.742007e+00,3.496222e+02,1.212769e+00,5.413612e+02,1.956905e+00,1.778339e+03,1.028211e+01,3.888622e+03,2.356841e+01,8.442803e+02,5.630226e+00,3.415495e+03,2.458417e+01,6.036018e+02,6.483284e+00,1.733116e+03,1.557273e+01,6.949754e+02,7.807197e+00,3.790787e+02,2.231459e+01,6.769350e+02,1.433939e+01
5.256906e+03,5.504678e+03,2.680047e+03,4.741204e+00,3.682484e+02,1.220328e+00,5.650546e+02,1.954027e+00,1.926812e+03,1.064365e+01,4.832917e+03,2.792393e+01,8.983990e+02,5.716872e+00,3.116289e+03,2.135660e+01,7.010252e+02,7.190300e+00,7.190965e+02,6.617737e+00,1.245291e+03,1.317547e+01,3.251516e+02,1.591629e+01,7.227746e+02,1.469007e+01
5.504678e+03,5.764127e+03,2.797807e+03,4.740364e+00,4.206768e+02,1.323110e+00,5.900822e+02,1.951667e+00,2.098717e+03,1.107611e+01,7.843823e+03,4.374990e+01,9.937484e+02,6.039618e+00,2.848535e+03,1.860050e+01,1.076329e+03,1.049881e+01,1.992037e+03,1.688725e+01,1.173531e+03,1.160211e+01,5.386136e+02,2.208697e+01,8.287714e+02,1.673977e+01
5.764127e+03,6.035805e+03,2.920992e+03,4.739484e+00,4.283555e+03,1.215425e+01,6.159843e+02,1.949212e+00,2.292375e+03,1.156841e+01,5.137136e+03,2.715184e+01,1.255123e+03,7.296138e+00,2.621175e+03,1.630622e+01,1.300403e+03,1.239701e+01,1.556117e+03,1.260052e+01,8.456903e+02,7.917401e+00,6.155843e+02,2.234927e+01,7.543783e+02,1.432277e+01
6.035805e+03,6.320289e+03,3.048540e+03,4.738563e+00,4.642877e+02,1.338561e+00,6.430443e+02,1.946646e+00,2.514160e+03,1.212879e+01,3.938332e+03,1.981159e+01,2.073551e+03,1.156028e+01,2.443770e+03,1.449589e+01,6.183333e+02,5.459430e+00,1.442585e+03,1.159880e+01,1.197897e+03,1.121146e+01,7.523909e+02,2.362845e+01,1.008325e+03,2.006925e+01
6.320289e+03,6.618180e+03,3.181144e+03,4.737598e+00,4.293894e+02,1.191508e+00,6.711401e+02,1.943946e+00,2.766835e+03,1.275773e+01,4.409541e+03,2.148309e+01,1.861688e+03,9.885186e+00,2.339178e+03,1.324047e+01,6.482161e+02,5.449729e+00,1.607628e+03,1.247577e+01,9.305835e+02,8.085684e+00,6.574908e+02,1.858523e+01,9.176413e+02,1.683964e+01
6.618180e+03,6.930112e+03,3.319728e+03,4.736588e+00,4.371707e+02,1.161633e+00,7.004530e+02,1.941112e+00,3.062695e+03,1.351485e+01,5.002035e+03,2.355900e+01,1.811938e+03,9.090559e+00,2.204476e+03,1.189931e+01,3.155696e+03,2.541388e+01,1.870549e+03,1.341718e+01,8.928005e+02,7.380662e+00,6.384749e+02,1.633321e+01,9.521747e+02,1.687789e+01
6.930112e+03,7.256746e+03,3.463874e+03,4.735529e+00,4.499765e+02,1.144170e+00,7.310227e+02,1.938130e+00,3.395497e+03,1.430793e+01,4.648888e+03,2.101122e+01,2.479407e+03,1.178923e+01,2.207035e+03,1.138217e+01,2.458962e+03,1.915729e+01,1.131955e+03,7.910130e+00,8.595003e+02,6.799481e+00,8.454246e+02,1.971049e+01,9.368267e+02,1.553757e+01
7.256746e+03,7.598775e+03,3.614205e+03,4.734422e+00,4.644148e+02,1.129705e+00,7.629455e+02,1.934997e+00,3.797129e+03,1.529302e+01,4.380316e+03,1.894955e+01,3.994203e+03,1.803574e+01,2.244483e+03,1.106138e+01,1.813312e+03,1.350278e+01,1.043515e+03,7.082624e+00,1.092376e+03,8.508289e+00,1.063667e+03,2.223994e+01,9.399732e+02,1.493727e+01
7.598775e+03,7.956925e+03,3.770236e+03,4.733262e+00,4.796733e+02,1.116120e+00,7.959993e+02,1.931695e+00,4.338028e+03,1.669522e+01,5.258025e+03,2.180661e+01,5.566218e+03,2.401167e+01,2.196023e+03,1.035162e+01,1.092831e+03,7.736178e+00,1.063129e+03,6.918269e+00,1.215892e+03,8.892704e+00,8.727854e+02,1.697947e+01,9.605071e+02,1.492117e+01
7.956925e+03,8.331956e+03,3.933102e+03,4.732047e+00,4.953295e+02,1.102629e+00,8.304097e+02,1.928226e+00,6.326399e+03,2.322301e+01,6.867351e+03,2.734300e+01,4.983789e+03,2.060099e+01,2.035955e+03,9.150360e+00,9.863914e+02,6.598755e+00,1.096181e+03,6.850776e+00,1.120688e+03,7.815837e+00,8.121223e+02,1.465011e+01,1.168499e+03,1.786913e+01
8.331956e+03,8.724662e+03,4.103632e+03,4.730775e+00,5.112912e+02,1.088864e+00,8.661231e+02,1.924568e+00,8.165368e+03,2.883157e+01,6.206094e+03,2.367534e+01,3.620327e+03,1.433929e+01,2.025617e+03,8.702835e+00,1.019740e+03,6.523011e+00,1.158110e+03,6.882146e+00,1.156881e+03,7.615066e+00,9.048299e+02,1.509080e+01,1.084929e+03,1.546436e+01
8.724662e+03,9.135878e+03,4.280573e+03,4.729443e+00,5.274382e+02,1.074654e+00,9.032450e+02,1.920710e+00,6.528292e+03,2.197054e+01,4.525072e+03,1.649031e+01,2.759627e+03,1.047515e+01,2.092689e+03,8.609827e+00,1.730609e+03,1.067116e+01,1.214823e+03,6.914297e+00,2.508172e+03,1.593067e+01,9.588691e+02,1.474831e+01,1.083547e+03,1.492622e+01
9.135878e+03,9.566476e+03,4.463761e+03,4.728049e+00,5.436988e+02,1.059889e+00,9.418184e+02,1.916638e+00,7.114050e+03,2.287405e+01,3.437540e+03,1.196119e+01,2.330549e+03,8.484139e+00,2.243395e+03,8.852748e+00,1.245313e+03,7.304968e+00,1.271980e+03,6.947964e+00,1.779194e+03,1.094299e+01,1.409403e+03,2.012095e+01,1.144243e+03,1.487549e+01
9.566476e+03,1.001737e+04,4.655553e+03,4.726588e+00,5.600436e+02,1.044465e+00,9.821979e+02,1.912375e+00,8.063189e+03,2.478109e+01,2.809192e+03,9.335331e+00,2.032144e+03,7.088167e+00,2.490845e+03,9.391084e+00,1.237432e+03,6.926185e+00,1.337752e+03,6.983211e+00,1.617114e+03,9.406998e+00,1.516942e+03,2.056335e+01,1.140859e+03,1.446453e+01
1.001737e+04,1.048951e+04,4.853549e+03,4.725057e+00,5.763156e+02,1.028301e+00,1.023923e+03,1.907862e+00,9.361363e+03,2.750136e+01,2.423690e+03,7.690779e+00,1.967243e+03,6.585603e+00,3.062880e+03,1.106490e+01,1.234304e+03,6.618738e+00,1.393463e+03,7.015099e+00,1.766372e+03,9.906291e+00,1.371813e+03,1.730994e+01,1.241273e+03,1.525393e+01
1.048951e+04,1.098391e+04,5.058399e+03,4.723453e+00,5.925115e+02,1.011330e+00,1.067120e+03,1.903095e+00,1.148972e+04,3.228025e+01,2.165156e+03,6.567465e+00,1.856510e+03,5.953404e+00,4.238195e+03,1.467021e+01,1.157373e+03,5.917063e+00,1.451211e+03,7.044090e+00,2.092612e+03,1.120042e+01,1.442124e+03,1.711422e+01,1.343984e+03,1.570706e+01
1.098391e+04,1.150161e+04,5.272904e+03,4.721775e+00,6.082507e+02,9.934616e-01,1.112220e+03,1.898091e+00,1.557144e+04,4.186803e+01,1.985673e+03,5.757060e+00,1.830346e+03,5.608605e+00,6.679286e+03,2.213958e+01,1.158342e+03,5.643989e+00,1.499200e+03,7.074448e+00,1.520097e+03,7.761772e+00,1.515006e+03,1.691344e+01,1.282244e+03,1.428616e+01
1.150161e+04,1.204371e+04,5.497515e+03,4.720017e+00,6.231175e+02,9.745712e-01,1.158634e+03,1.892771e+00,1.506267e+04,3.867793e+01,1.855909e+03,5.142851e+00,1.665822e+03,4.883887e+00,1.137928e+04,3.609010e+01,1.424952e+03,6.647953e+00,1.570761e+03,7.106236e+00,2.322443e+03,1.134515e+01,1.590447e+03,1.670802e+01,1.369998e+03,1.485550e+01
1.204371e+04,1.261136e+04,5.732532e+03,4.718176e+00,6.383414e+02,9.547506e-01,1.207057e+03,1.887185e+00,1.925416e+04,4.727194e+01,1.820587e+03,4.809085e+00,1.629080e+03,4.566778e+00,1.735066e+04,5.271162e+01,1.610068e+03,7.230889e+00,1.662568e+03,7.139523e+00,1.584327e+03,7.422419e+00,1.665189e+03,1.649897e+01,1.448822e+03,1.514043e+01
1.261136e+04,1.320577e+04,5.973491e+03,4.716248e+00,6.521907e+02,9.337137e-01,1.256990e+03,1.881257e+00,2.225932e+04,5.225383e+01,1.692778e+03,4.281177e+00,1.605933e+03,4.304509e+00,1.877821e+04,5.468098e+01,1.020709e+03,4.375689e+00,1.724461e+03,7.174379e+00,1.520337e+03,6.804536e+00,1.738268e+03,1.628657e+01,1.648998e+03,1.659238e+01
1.320577e+04,1.382819e+04,6.223220e+03,4.714229e+00,6.656099e+02,9.115391e-01,1.308885e+03,1.875020e+00,2.570315e+04,5.780235e+01,1.626541e+03,3.937784e+00,1.574557e+03,4.038666e+00,1.646631e+04,4.608627e+01,7.537151e+03,3.037517e+01,1.806237e+03,7.210877e+00,2.260289e+03,9.551618e+00,1.815234e+03,1.608876e+01,1.650007e+03,1.590101e+01
1.382819e+04,1.447995e+04,6.484689e+03,4.712115e+00,6.774908e+02,8.879977e-01,1.362546e+03,1.868465e+00,3.093696e+04,6.642727e+01,1.609059e+03,3.724765e+00,1.602106e+03,3.945479e+00,1.455879e+04,3.860629e+01,2.314147e+03,8.969880e+00,1.890489e+03,7.249096e+00,1.991842e+03,8.083487e+00,1.896117e+03,1.589995e+01,1.604333e+03,1.473758e+01
1.447995e+04,1.516243e+04,6.758224e+03,4.709902e+00,6.884293e+02,8.631248e-01,1.419729e+03,1.863193e+00,3.734588e+04,7.669695e+01,1.555496e+03,3.438838e+00,1.527230e+03,3.588767e+00,3.048832e+04,7.634289e+01,1.698844e+03,6.302681e+00,1.999392e+03,7.289116e+00,1.950739e+03,7.641442e+00,1.980193e+03,1.573144e+01,1.770912e+03,1.557941e+01
1.516243e+04,1.587707e+04,7.038628e+03,4.707584e+00,6.971373e+02,8.366873e-01,1.605193e+03,1.994094e+00,4.480840e+04,8.796993e+01,1.511322e+03,3.198274e+00,1.497912e+03,3.368439e+00,5.210194e+04,1.250083e+02,1.871938e+03,6.698663e+00,2.077812e+03,7.331023e+00,2.581736e+03,9.626213e+00,2.064306e+03,1.557091e+01,1.784041e+03,1.514483e+01
1.587707e+04,1.662540e+04,7.329605e+03,4.705157e+00,7.045196e+02,8.087670e-01,1.533514e+03,1.845982e+00,5.433227e+04,1.020570e+02,1.485129e+03,3.004683e+00,1.462298e+03,3.146061e+00,3.512536e+04,8.082450e+01,1.323266e+03,4.510173e+00,2.184564e+03,7.374904e+00,2.642538e+03,9.343191e+00,2.148961e+03,1.540916e+01,1.788938e+03,1.451187e+01
1.662540e+04,1.740900e+04,7.634297e+03,4.702615e+00,7.089575e+02,7.791284e-01,1.594736e+03,1.837447e+00,6.018081e+04,1.082330e+02,1.452575e+03,2.811218e+00,1.417303e+03,2.916583e+00,2.299978e+04,5.067147e+01,4.571923e+03,1.457940e+01,2.291262e+03,7.420854e+00,2.611265e+03,8.917050e+00,2.234158e+03,1.523964e+01,1.948150e+03,1.524070e+01
1.740900e+04,1.822953e+04,7.949668e+03,4.699954e+00,7.112770e+02,7.478961e-01,1.657622e+03,1.828463e+00,6.464468e+04,1.112327e+02,1.416175e+03,2.620380e+00,1.361609e+03,2.683935e+00,1.738985e+04,3.667732e+01,1.040534e+04,3.222057e+01,2.397988e+03,7.468969e+00,2.690196e+03,8.781451e+00,2.321547e+03,1.506025e+01,2.250298e+03,1.689652e+01
1.822953e+04,1.908873e+04,8.274200e+03,4.697167e+00,7.107206e+02,7.149974e-01,1.721383e+03,1.818788e+00,6.512635e+04,1.072081e+02,1.425285e+03,2.511564e+00,1.293308e+03,2.440614e+00,1.435130e+04,2.899183e+01,3.176466e+03,9.356481e+00,2.526098e+03,7.519352e+00,2.372406e+03,7.413398e+00,2.405844e+03,1.485362e+01,2.051806e+03,1.465167e+01
1.908873e+04,1.998843e+04,8.613966e+03,4.694249e+00,7.071421e+02,6.806464e-01,1.788107e+03,1.808662e+00,6.051367e+04,9.534228e+01,2.052275e+03,3.461511e+00,1.181453e+03,2.131753e+00,1.244262e+04,2.406385e+01,5.533386e+03,1.581225e+01,2.655647e+03,7.572110e+00,2.738047e+03,8.192522e+00,2.491447e+03,1.463015e+01,1.945366e+03,1.332489e+01
1.998843e+04,2.093054e+04,8.960607e+03,4.691227e+00,7.003364e+02,6.453574e-01,1.856052e+03,1.797749e+00,5.038851e+04,7.597483e+01,1.677027e+03,2.719176e+00,1.050362e+03,1.815430e+00,1.126350e+04,2.088395e+01,3.776187e+03,1.032216e+01,2.783041e+03,7.622795e+00,2.717506e+03,7.794372e+00,2.584145e+03,1.444387e+01,2.202598e+03,1.453522e+01
2.093054e+04,2.191705e+04,9.313836e+03,4.688096e+00,6.915692e+02,6.098863e-01,1.925152e+03,1.785989e+00,2.513157e+04,3.652712e+01,1.481192e+03,2.295756e+00,8.909355e+02,1.477729e+00,1.054643e+04,1.875638e+01,2.854199e+03,7.391282e+00,2.929192e+03,7.671003e+00,3.210554e+03,8.754968e+00,2.684476e+03,1.429975e+01,2.287134e+03,1.443852e+01
2.191705e+04,2.295006e+04,9.683699e+03,4.684817e+00,6.821895e+02,5.755781e-01,1.996426e+03,1.773507e+00,5.545373e+04,7.643513e+01,2.480871e+03,3.647462e+00,6.694963e+02,1.085576e+00,9.549233e+03,1.618485e+01,2.898359e+03,7.210286e+00,3.077300e+03,7.721483e+00,3.101489e+03,8.132887e+00,2.786598e+03,1.415336e+01,2.361116e+03,1.424831e+01
2.295006e+04,2.403175e+04,1.007090e+04,4.681385e+00,6.760427e+02,5.458852e-01,2.068175e+03,1.759972e+00,4.474982e+04,5.912974e+01,3.335678e+03,4.797494e+00,4.187517e+02,6.444016e-01,9.147580e+03,1.485630e+01,5.530269e+03,1.317863e+01,3.234061e+03,7.774341e+00,3.473280e+03,8.693183e+00,2.887966e+03,1.400630e+01,2.420560e+03,1.404683e+01
2.403175e+04,2.516443e+04,1.047633e+04,4.677790e+00,7.631024e+02,5.902326e-01,2.141880e+03,1.745534e+00,3.386055e+04,4.276416e+01,1.523318e+03,2.076116e+00,3.050463e+02,4.540455e-01,8.473472e+03,1.314732e+01,3.660652e+03,8.342497e+00,3.397395e+03,7.829691e+00,3.366968e+03,8.094265e+00,2.993582e+03,1.385232e+01,2.511712e+03,1.393834e+01
2.516443e+04,2.635050e+04,1.090080e+04,4.674026e+00,7.221627e+02,5.339698e-01,2.215178e+03,1.729636e+00,2.716536e+04,3.281528e+01,2.450195e+03,3.186849e+00,1.642236e+03,2.279568e+00,7.860492e+03,1.168564e+01,3.309738e+03,7.202888e+00,3.575299e+03,7.887649e+00,4.459324e+03,1.011542e+01,3.097578e+03,1.368916e+01,2.611022e+03,1.391461e+01
2.635050e+04,2.759247e+04,1.134515e+04,4.670084e+00,8.379398e+02,5.927856e-01,2.289755e+03,1.712580e+00,2.525661e+04,2.913853e+01,3.191185e+03,3.980498e+00,2.113571e+04,2.780219e+01,7.240138e+03,1.033697e+01,4.012163e+03,8.369281e+00,3.760731e+03,7.948339e+00,3.527947e+03,7.735522e+00,3.202508e+03,1.351716e+01,2.721213e+03,1.389137e+01
2.759247e+04,2.889297e+04,1.179344e+04,4.665956e+00,1.143642e+03,7.739469e-01,2.363828e+03,1.693962e+00,1.842306e+04,2.036884e+01,3.554815e+03,4.175853e+00,5.663710e+04,7.198210e+01,1.235129e+04,1.676655e+01,3.762343e+03,7.503055e+00,3.957848e+03,8.011890e+00,3.958973e+03,8.281986e+00,3.311076e+03,1.333705e+01,2.842362e+03,1.386805e+01
2.889297e+04,3.025477e+04,1.224978e+04,4.661634e+00,1.951405e+03,1.263192e+00,2.437861e+03,1.673637e+00,1.383474e+04,1.463727e+01,3.582565e+03,4.085899e+00,2.427994e+04,2.955589e+01,1.551320e+04,2.036494e+01,4.199596e+03,8.040201e+00,4.166005e+03,8.078062e+00,3.882581e+03,7.783090e+00,3.423709e+03,1.314957e+01,2.959826e+03,1.384099e+01
3.025477e+04,3.168076e+04,1.272754e+04,4.657109e+00,4.290933e+03,2.656879e+00,2.510205e+03,1.651189e+00,1.073489e+04,1.088405e+01,3.381227e+03,3.652534e+00,1.399119e+04,1.627947e+01,1.068320e+04,1.337038e+01,4.698452e+03,8.596129e+00,4.378272e+03,8.132721e+00,5.170465e+03,9.907079e+00,3.539850e+03,1.299728e+01,3.076580e+03,1.378623e+01
3.168076e+04,3.317395e+04,1.322746e+04,4.652369e+00,1.230524e+04,7.287963e+00,2.587324e+03,1.630217e+00,9.431480e+03,9.162317e+00,2.536054e+03,2.654210e+00,1.018333e+04,1.132907e+01,1.083377e+04,1.304821e+01,5.043015e+03,8.837340e+00,4.597803e+03,8.182337e+00,4.807462e+03,8.818313e+00,3.660668e+03,1.286074e+01,3.189082e+03,1.371392e+01
3.317395e+04,3.473753e+04,1.373736e+04,4.647407e+00,3.911326e+04,2.219056e+01,2.644759e+03,1.597933e+00,3.245480e+03,3.043006e+00,1.853212e+03,1.847822e+00,8.387076e+03,8.964280e+00,9.568721e+03,1.101653e+01,3.523188e+03,5.878735e+00,4.831292e+03,8.234293e+00,4.800810e+03,8.454412e+00,3.788257e+03,1.271775e+01,3.301816e+03,1.363807e+01
3.473753e+04,3.637479e+04,1.425957e+04,4.642211e+00,5.526322e+04,3.016290e+01,2.703436e+03,1.565897e+00,6.866995e+03,6.045449e+00,1.947747e+03,1.846986e+00,7.356142e+03,7.500333e+00,9.283708e+03,1.023095e+01,7.021911e+03,1.130827e+01,5.079062e+03,8.290981e+00,5.038034e+03,8.496084e+00,3.914981e+03,1.256341e+01,3.424528e+03,1.355885e+01
3.637479e+04,3.808923e+04,1.479869e+04,4.636770e+00,3.172034e+04,1.659600e+01,2.757900e+03,1.531489e+00,5.563840e+04,4.722241e+01,3.988847e+03,3.550399e+00,6.751528e+03,6.609209e+00,9.034056e+03,9.501534e+00,5.199399e+03,7.995787e+00,5.343213e+03,8.354567e+00,5.503741e+03,8.872703e+00,4.034597e+03,1.239328e+01,3.550929e+03,1.347676e+01
3.808923e+04,3.988448e+04,1.536113e+04,4.631072e+00,1.822612e+04,9.124297e+00,3.294437e+03,1.757795e+00,3.295005e+04,2.682656e+01,3.292675e+03,2.821533e+00,6.352804e+03,5.971334e+00,8.415585e+03,8.498353e+00,5.204274e+03,7.638878e+00,5.622771e+03,8.421241e+00,5.454767e+03,8.438534e+00,4.160042e+03,1.221494e+01,3.686358e+03,1.339167e+01
3.988448e+04,4.176434e+04,1.593611e+04,4.625106e+00,1.247927e+04,5.978831e+00,2.809988e+03,1.436273e+00,1.908259e+04,1.484431e+01,1.973898e+03,1.626866e+00,6.267208e+03,5.640766e+00,7.783205e+03,7.499467e+00,1.327699e+04,1.844699e+01,5.914133e+03,8.486129e+00,5.862916e+03,8.673206e+00,4.292576e+03,1.205484e+01,3.826330e+03,1.330251e+01
4.176434e+04,4.373280e+04,1.652370e+04,4.618859e+00,9.591210e+03,4.398680e+00,2.786481e+03,1.369805e+00,1.431015e+04,1.064953e+01,1.429625e+03,1.132109e+00,6.205839e+03,5.348253e+00,9.118939e+03,8.412348e+00,1.376189e+04,1.843602e+01,6.216077e+03,8.547715e+00,6.152842e+03,8.715779e+00,4.432695e+03,1.192161e+01,3.963060e+03,1.320788e+01
4.373280e+04,4.579404e+04,1.712221e+04,4.612318e+00,7.924435e+03,3.479356e+00,2.717973e+03,1.285689e+00,7.697490e+03,5.483301e+00,9.132124e+02,6.917768e-01,5.871279e+03,4.842073e+00,8.008270e+03,7.088525e+00,1.014556e+04,1.301087e+01,6.539046e+03,8.611878e+00,6.440057e+03,8.736817e+00,4.578281e+03,1.178175e+01,4.103397e+03,1.311472e+01
4.579404e+04,4.795243e+04,1.774714e+04,4.605468e+00,6.857731e+03,2.883142e+00,2.567680e+03,1.169501e+00,6.035142e+03,4.061555e+00,1.283470e+03,9.280853e-01,6.361628e+03,5.060255e+00,7.482713e+03,6.369199e+00,9.730883e+03,1.203837e+01,6.874455e+03,8.675950e+00,6.740307e+03,8.758537e+00,4.719074e+03,1.163171e+01,4.268125e+03,1.307446e+01
4.795243e+04,5.021255e+04,1.840118e+04,4.598296e+00,6.121239e+03,2.464434e+00,2.261359e+03,9.924298e-01,8.148796e+03,5.220082e+00,1.656957e+04,1.145503e+01,5.642241e+03,4.258791e+00,6.538890e+03,5.311872e+00,6.700983e+03,7.932063e+00,7.229500e+03,8.742119e+00,7.054527e+03,8.780967e+00,4.864114e+03,1.147995e+01,4.442340e+03,1.304644e+01
5.021255e+04,5.257920e+04,1.905861e+04,4.590971e+00,5.584173e+03,2.152982e+00,1.614511e+03,6.818394e-01,3.954007e+04,2.450903e+01,4.132737e+04,2.777438e+01,7.906723e+03,5.690679e+00,5.872152e+03,4.606959e+00,5.905625e+03,6.687776e+00,7.592071e+03,8.797737e+00,7.382593e+03,8.803804e+00,5.021458e+03,1.134820e+01,4.620947e+03,1.301986e+01
5.257920e+04,5.505739e+04,1.972729e+04,4.583435e+00,5.179085e+03,1.912395e+00,1.616150e+03,6.203070e-01,5.085957e+04,3.041745e+01,1.154118e+04,7.407633e+00,8.530982e+03,5.931156e+00,4.875580e+03,3.644566e+00,7.697512e+03,8.375478e+00,7.964245e+03,8.846174e+00,7.725690e+03,8.827142e+00,5.190065e+03,1.122910e+01,4.812014e+03,1.299461e+01
5.505739e+04,5.765239e+04,2.042732e+04,4.575544e+00,4.870203e+03,1.722488e+00,4.750934e+04,1.742040e+01,3.413623e+04,1.957121e+01,8.769748e+03,5.352421e+00,6.296726e+03,4.244573e+00,3.688509e+03,2.649633e+00,7.951631e+03,8.305897e+00,8.351765e+03,8.891520e+00,8.084190e+03,8.851226e+00,5.356127e+03,1.110373e+01,4.985445e+03,1.291028e+01
5.765239e+04,6.036969e+04,2.115731e+04,4.567280e+00,4.645493e+03,1.573501e+00,1.063439e+04,3.747468e+00,2.460927e+04,1.348363e+01,9.864284e+03,5.836331e+00,6.061733e+03,3.934739e+00,3.482745e+03,2.400186e+00,1.204253e+04,1.202847e+01,8.753450e+03,8.934012e+00,8.458876e+03,8.876070e+00,5.520292e+03,1.097199e+01,5.141357e+03,1.276839e+01
6.036969e+04,6.321507e+04,2.188826e+04,4.558627e+00,4.521637e+03,1.466986e+00,7.545299e+03,2.558577e+00,2.287589e+04,1.194423e+01,4.387433e+03,2.462482e+00,5.918970e+03,3.687652e+00,1.646998e+04,1.073234e+01,8.449756e+03,8.081286e+00,9.176820e+03,8.978503e+00,8.848575e+03,8.900765e+00,5.693634e+03,1.084400e+01,5.303810e+03,1.262752e+01
6.321507e+04,6.619456e+04,2.263178e+04,4.549567e+00,4.550951e+03,1.414093e+00,6.621867e+03,2.162203e+00,2.224845e+04,1.111741e+01,6.401255e+03,3.449534e+00,5.051262e+03,3.038183e+00,4.483757e+04,2.818571e+01,1.283437e+04,1.169305e+01,9.619760e+03,9.024623e+00,9.254852e+03,8.925805e+00,5.875144e+03,1.071733e+01,5.464941e+03,1.248990e+01
6.619456e+04,6.931448e+04,2.340216e+04,4.540079e+00,4.863154e+03,1.447279e+00,6.494951e+03,2.049788e+00,1.729027e+04,8.296007e+00,6.494898e+03,3.375330e+00,4.031000e+03,2.331923e+00,2.820663e+04,1.704165e+01,1.093237e+04,9.682273e+00,1.007968e+04,9.068396e+00,9.679763e+03,8.951558e+00,6.056650e+03,1.059592e+01,5.659644e+03,1.241055e+01
6.931448e+04,7.258146e+04,2.419024e+04,4.530145e+00,5.779641e+03,1.647005e+00,5.951733e+03,1.804479e+00,1.490662e+04,6.848604e+00,4.120634e+03,2.046279e+00,3.866487e+03,2.060577e+00,2.007174e+04,1.162717e+01,1.300115e+04,1.088548e+01,1.056060e+04,9.112089e+00,1.012344e+04,8.977747e+00,6.243871e+03,1.047525e+01,5.862670e+03,1.234140e+01
7.258146e+04,7.600241e+04,2.498642e+04,4.519741e+00,8.141782e+03,2.221499e+00,5.781259e+03,1.689882e+00,2.004095e+04,8.814952e+00,5.076990e+03,2.416306e+00,2.285295e+04,1.084740e+01,1.642680e+04,9.125446e+00,1.299397e+04,1.047784e+01,1.106389e+04,9.155626e+00,1.058540e+04,9.003456e+00,6.434269e+03,1.035691e+01,6.078635e+03,1.227080e+01
7.600241e+04,7.958460e+04,2.580301e+04,4.508848e+00,1.441479e+04,3.765208e+00,5.648364e+03,1.592365e+00,1.524797e+04,6.465185e+00,3.429306e+03,1.561549e+00,7.642301e+03,3.717130e+00,1.436745e+04,7.659599e+00,1.043945e+04,8.099903e+00,1.158913e+04,9.201137e+00,1.106852e+04,9.029787e+00,6.631254e+03,1.023327e+01,6.319142e+03,1.223947e+01
7.958460e+04,8.333562e+04,2.663201e+04,4.497440e+00,3.196286e+04,7.995619e+00,5.523888e+03,1.502646e+00,1.151883e+04,4.656535e+00,2.432971e+03,1.063613e+00,5.467199e+03,2.490553e+00,1.417494e+04,7.264563e+00,1.515242e+04,1.129093e+01,1.212695e+04,9.239979e+00,1.156680e+04,9.053764e+00,6.835221e+03,1.011460e+01,6.573802e+03,1.222049e+01
8.333562e+04,8.726345e+04,2.748037e+04,4.485496e+00,6.807946e+04,1.633641e+01,5.451940e+03,1.432967e+00,2.086954e+04,8.118960e+00,2.688238e+03,1.127276e+00,3.708926e+04,1.522217e+01,1.340562e+04,6.597670e+00,1.259380e+04,9.013742e+00,1.267371e+04,9.266992e+00,1.207688e+04,9.073452e+00,7.044438e+03,1.000708e+01,6.833268e+03,1.219413e+01
8.726345e+04,9.137640e+04,2.833943e+04,4.472989e+00,8.028777e+04,1.850531e+01,5.246679e+03,1.330012e+00,1.318341e+04,4.890226e+00,4.866114e+03,1.951754e+00,1.426935e+04,6.155882e+00,1.253748e+04,5.922791e+00,1.511327e+04,1.039956e+01,1.324527e+04,9.296193e+00,1.261009e+04,9.093555e+00,7.259378e+03,9.894626e+00,7.086929e+03,1.214289e+01
9.137640e+04,9.568321e+04,2.921195e+04,4.459892e+00,5.099692e+04,1.128647e+01,5.064923e+03,1.241100e+00,1.231517e+04,4.379880e+00,2.156388e+04,8.146003e+00,1.039171e+04,4.419761e+00,1.048325e+04,4.738004e+00,1.342895e+04,8.838458e+00,1.386342e+04,9.341105e+00,1.316458e+04,9.113610e+00,7.478413e+03,9.776163e+00,7.338699e+03,1.207754e+01
9.568321e+04,1.001930e+05,3.010141e+04,4.446178e+00,3.115331e+04,6.605215e+00,4.844612e+03,1.147679e+00,1.536017e+04,5.230397e+00,5.958472e+04,2.170939e+01,1.023238e+04,4.129170e+00,1.368708e+04,5.943910e+00,1.308155e+04,8.272986e+00,1.451787e+04,9.392634e+00,1.374162e+04,9.132973e+00,7.695494e+03,9.649265e+00,7.535922e+03,1.191097e+01
1.001930e+05,1.049154e+05,3.097595e+04,4.432177e+00,2.112858e+04,4.296179e+00,4.572252e+03,1.048022e+00,1.569095e+04,5.103296e+00,3.516519e+04,1.231101e+01,9.597646e+03,3.739244e+00,9.156316e+03,3.830335e+00,1.522653e+04,9.229978e+00,1.516254e+04,9.422449e+00,1.429775e+04,9.127330e+00,7.915228e+03,9.531594e+00,7.763383e+03,1.178593e+01
1.049154e+05,1.098603e+05,3.184661e+04,4.417824e+00,1.542862e+04,3.010991e+00,4.240062e+03,9.407447e-01,1.502853e+04,4.710931e+00,2.121977e+04,7.116386e+00,7.818585e+03,2.981695e+00,2.019743e+04,8.017456e+00,1.906690e+04,1.114368e+01,1.580861e+04,9.432838e+00,1.491064e+04,9.143541e+00,8.144895e+03,9.425239e+00,8.053012e+03,1.174293e+01
1.098603e+05,1.150383e+05,3.275752e+04,4.402797e+00,1.303870e+04,2.440899e+00,3.838355e+03,8.246342e-01,1.213226e+04,3.650887e+00,1.350156e+04,4.340522e+00,7.652646e+03,2.777321e+00,1.736822e+04,6.678477e+00,1.735707e+04,9.720157e+00,1.647842e+04,9.443719e+00,1.554948e+04,9.160171e+00,8.386931e+03,9.318301e+00,8.351636e+03,1.169858e+01
1.150383e+05,1.204603e+05,3.371061e+04,4.387069e+00,3.832724e+04,6.843768e+00,3.349389e+03,6.980049e-01,1.360005e+04,3.906841e+00,8.552559e+03,2.642063e+00,6.252411e+03,2.161316e+00,1.097863e+04,4.051681e+00,1.775298e+04,9.534073e+00,1.717233e+04,9.455120e+00,1.621107e+04,9.176789e+00,8.637619e+03,9.215661e+00,8.658265e+03,1.165156e+01
1.204603e+05,1.261380e+05,3.470429e+04,4.370620e+00,2.476336e+04,4.310514e+00,2.777714e+03,5.619437e-01,1.257450e+04,3.486851e+00,1.978698e+04,5.849221e+00,7.431946e+03,2.523307e+00,1.249181e+04,4.409848e+00,1.484521e+04,7.693685e+00,1.789302e+04,9.468192e+00,1.689572e+04,9.193063e+00,8.886652e+03,9.107774e+00,8.969165e+03,1.159831e+01
1.261380e+05,1.320832e+05,3.563552e+04,4.353456e+00,7.592000e+03,1.258367e+00,2.133897e+03,4.192409e-01,1.005159e+04,2.669959e+00,1.211250e+04,3.413969e+00,1.373008e+04,4.108814e+00,7.661915e+03,2.599635e+00,1.941082e+04,9.633239e+00,1.864253e+04,9.482718e+00,1.759940e+04,9.208735e+00,9.144205e+03,9.015521e+00,9.285374e+03,1.153860e+01
1.320832e+05,1.383086e+05,3.655471e+04,4.335669e+00,2.139405e+04,3.395093e+00,1.473704e+03,2.802701e-01,1.487121e+04,3.808215e+00,6.318475e+03,1.713140e+00,3.915899e+03,1.205946e+00,1.220456e+04,3.921794e+00,1.776957e+04,8.500150e+00,1.941796e+04,9.497929e+00,1.833128e+04,9.224797e+00,9.382039e+03,8.898077e+00,9.608900e+03,1.147607e+01
1.383086e+05,1.448274e+05,3.751484e+04,4.318242e+00,6.073992e+04,9.282208e+00,9.844203e+02,1.743356e-01,9.875938e+03,2.427900e+00,5.354818e+04,1.385562e+01,3.963514e+04,1.013127e+01,3.138276e+04,9.683615e+00,1.601369e+04,7.380377e+00,2.020963e+04,9.507497e+00,1.908632e+04,9.240566e+00,9.619239e+03,8.771169e+00,9.938267e+03,1.141006e+01
1.448274e+05,1.516535e+05,3.852797e+04,4.307446e+00,7.807296e+04,1.149842e+01,1.197598e+03,1.789319e-01,8.532689e+03,2.012521e+00,3.870191e+04,9.639846e+00,2.085833e+04,5.578692e+00,1.816875e+04,5.407049e+00,1.911948e+04,8.464244e+00,2.099291e+04,9.501078e+00,1.986603e+04,9.255385e+00,9.862279e+03,8.647538e+00,1.027124e+04,1.133627e+01
1.516535e+05,1.588013e+05,4.022614e+04,4.364650e+00,8.244381e+04,1.164314e+01,3.904929e+03,5.236786e-01,1.552864e+04,3.522809e+00,2.638779e+04,6.287781e+00,1.185550e+04,3.252471e+00,1.365889e+04,3.836762e+00,2.218491e+04,9.436771e+00,2.180432e+04,9.496296e+00,2.063930e+04,9.261423e+00,1.011904e+04,8.529975e+00,1.058273e+04,1.123005e+01
1.588013e+05,1.662861e+05,4.056124e+04,4.259412e+00,7.418029e+04,1.012730e+01,1.410890e+04,1.799427e+00,9.144221e+03,1.990672e+00,2.358099e+04,5.393359e+00,8.021235e+03,2.130005e+00,4.057441e+04,1.101917e+01,2.553329e+04,1.042628e+01,2.263216e+04,9.492492e+00,2.142810e+04,9.263298e+00,1.039926e+04,8.426411e+00,1.089559e+04,1.112290e+01
1.662861e+05,1.741235e+05,4.150611e+04,4.234950e+00,4.302293e+04,5.635410e+00,3.920081e+04,4.863989e+00,9.686767e+03,2.028058e+00,1.893598e+04,4.148831e+00,2.107334e+04,4.832918e+00,2.438211e+04,6.332015e+00,2.614146e+04,1.031153e+01,2.346392e+04,9.488508e+00,2.224478e+04,9.264358e+00,1.071066e+04,8.345736e+00,1.123201e+04,1.102919e+01
1.741235e+05,1.823304e+05,4.247215e+04,4.211525e+00,3.463743e+04,4.362763e+00,8.524453e+04,1.034337e+01,1.118839e+04,2.237166e+00,1.914211e+04,4.034722e+00,9.437261e+03,2.303709e+00,1.606702e+04,3.993651e+00,3.017601e+04,1.142751e+01,2.433413e+04,9.484336e+00,2.309639e+04,9.265416e+00,1.103146e+04,8.266757e+00,1.157506e+04,1.092428e+01
1.823304e+05,1.909241e+05,4.340230e+04,4.187695e+00,2.933655e+04,3.555064e+00,1.172094e+05,1.394691e+01,2.548700e+04,4.888033e+00,2.078824e+04,4.187234e+00,3.168361e+04,6.271563e+00,1.638746e+04,3.965603e+00,2.646570e+04,9.685591e+00,2.524536e+04,9.479968e+00,2.397814e+04,9.265626e+00,1.136200e+04,8.188796e+00,1.192208e+04,1.082481e+01
1.909241e+05,1.999229e+05,4.437423e+04,4.162741e+00,3.189389e+04,3.711758e+00,1.099732e+05,1.281217e+01,3.975921e+04,7.395034e+00,1.725123e+04,3.332735e+00,3.387907e+04,6.854868e+00,2.685447e+04,6.197958e+00,2.257202e+04,7.966478e+00,2.619954e+04,9.475394e+00,2.489822e+04,9.265512e+00,1.170153e+04,8.110830e+00,1.227428e+04,1.072829e+01
1.999229e+05,2.093458e+05,4.532438e+04,4.137247e+00,6.514006e+04,7.302690e+00,9.334954e+04,1.057028e+01,1.824010e+04,3.266320e+00,1.536721e+04,2.861192e+00,2.032037e+04,4.269416e+00,2.918586e+04,6.434348e+00,2.476922e+04,8.419394e+00,2.714693e+04,9.463246e+00,2.582161e+04,9.258826e+00,1.204838e+04,8.035219e+00,1.263751e+04,1.063272e+01
2.093458e+05,2.192128e+05,4.624910e+04,4.111217e+00,5.642749e+04,6.110549e+00,8.027235e+04,8.749142e+00,1.347654e+04,2.323140e+00,1.330271e+04,2.388482e+00,1.175207e+04,2.414921e+00,4.189241e+04,8.878141e+00,2.683197e+04,8.784021e+00,2.808466e+04,9.442804e+00,2.671694e+04,9.243315e+00,1.240939e+04,7.965031e+00,1.301077e+04,1.053465e+01
2.192128e+05,2.295448e+05,4.720342e+04,4.083960e+00,4.479264e+04,4.673154e+00,7.100388e+04,7.450999e+00,1.164781e+04,1.934782e+00,1.451013e+04,2.520860e+00,2.692720e+04,4.917252e+00,1.970768e+04,4.054473e+00,2.958756e+04,9.338720e+00,2.906658e+04,9.421397e+00,2.764084e+04,9.225701e+00,1.277988e+04,7.894848e+00,1.338467e+04,1.042709e+01
2.295448e+05,2.403639e+05,4.809060e+04,4.055420e+00,3.352372e+04,3.371799e+00,6.468475e+04,6.538187e+00,8.637948e+03,1.376774e+00,2.522757e+04,4.219653e+00,1.499063e+04,2.823039e+00,3.454348e+04,6.723546e+00,3.141135e+04,9.575494e+00,3.009479e+04,9.398981e+00,2.857937e+04,9.207008e+00,1.315196e+04,7.819426e+00,1.375788e+04,1.031774e+01
2.403639e+05,2.516929e+05,4.899387e+04,4.025552e+00,2.732886e+04,2.651130e+00,6.005104e+04,5.846571e+00,2.207969e+04,3.394794e+00,2.326610e+04,3.761954e+00,1.820442e+04,3.168142e+00,3.432068e+04,6.424409e+00,3.145831e+04,9.256159e+00,3.116942e+04,9.375377e+00,2.954936e+04,9.187702e+00,1.354094e+04,7.740378e+00,1.414452e+04,1.020921e+01
2.516929e+05,2.635558e+05,4.986423e+04,3.995229e+00,2.825779e+04,2.644583e+00,5.681811e+04,5.330758e+00,2.760706e+04,4.159662e+00,1.591260e+04,2.496947e+00,1.451984e+04,2.465182e+00,2.870320e+04,5.233115e+00,3.013847e+04,8.561471e+00,3.217464e+04,9.342895e+00,3.050774e+04,9.160976e+00,1.391651e+04,7.654026e+00,1.454364e+04,1.010643e+01
2.635558e+05,2.759779e+05,5.073056e+04,3.964041e+00,1.755667e+04,1.583698e+00,5.449763e+04,4.927954e+00,3.438868e+04,4.975225e+00,1.161551e+04,1.765921e+00,1.032514e+04,1.679673e+00,2.275417e+04,3.963057e+00,3.035321e+04,8.315495e+00,3.315622e+04,9.304290e+00,3.146852e+04,9.127874e+00,1.428958e+04,7.561815e+00,1.494166e+04,9.998151e+00
2.759779e+05,2.889854e+05,5.156133e+04,3.931475e+00,6.557963e+04,5.705006e+00,5.280798e+04,4.605435e+00,2.260731e+04,3.175005e+00,1.476675e+04,2.169340e+00,3.769867e+04,5.474223e+00,3.842051e+04,6.432000e+00,3.254805e+04,8.608506e+00,3.418406e+04,9.263864e+00,3.246551e+04,9.092757e+00,1.467080e+04,7.467466e+00,1.533521e+04,9.886282e+00
2.889854e+05,3.026060e+05,5.237143e+04,3.897473e+00,6.103257e+04,5.141301e+00,5.190927e+04,4.366284e+00,1.367876e+04,1.841793e+00,1.126218e+04,1.608947e+00,1.204226e+04,1.984681e+00,3.447302e+04,5.578653e+00,3.256863e+04,8.326215e+00,3.525846e+04,9.221367e+00,3.350300e+04,9.055634e+00,1.507046e+04,7.371054e+00,1.573100e+04,9.769734e+00
3.026060e+05,3.168686e+05,5.314538e+04,3.862974e+00,5.950270e+04,4.835617e+00,5.087771e+04,4.129832e+00,2.380438e+04,3.085285e+00,1.370301e+04,1.952411e+00,8.326008e+03,1.113809e+00,2.840993e+04,4.454816e+00,3.091561e+04,7.623293e+00,3.631277e+04,9.170621e+00,3.450524e+04,9.003251e+00,1.554688e+04,7.312982e+00,1.613924e+04,9.655103e+00
3.168686e+05,3.318035e+05,5.390686e+04,3.827417e+00,4.747953e+04,3.738715e+00,5.009167e+04,3.923294e+00,2.000128e+04,2.507637e+00,2.983954e+04,4.056574e+00,4.282368e+04,5.310699e+00,3.034321e+04,4.606860e+00,3.275999e+04,7.781739e+00,3.738047e+04,9.114279e+00,3.551099e+04,8.941424e+00,1.607118e+04,7.273580e+00,1.655546e+04,9.538363e+00
3.318035e+05,3.474422e+05,5.462330e+04,3.790186e+00,3.683872e+04,2.802780e+00,5.029532e+04,3.805564e+00,2.705212e+04,3.286598e+00,2.739502e+04,3.554615e+00,1.815717e+04,2.426349e+00,3.443699e+04,5.099827e+00,3.672223e+04,8.412934e+00,3.849848e+04,9.055281e+00,3.655983e+04,8.876379e+00,1.661409e+04,7.234033e+00,1.697327e+04,9.414247e+00
3.474422e+05,3.638181e+05,5.531647e+04,3.751857e+00,3.583326e+04,2.634433e+00,4.944761e+04,3.611777e+00,2.701599e+04,3.218172e+00,1.300866e+04,1.602247e+00,2.510054e+04,2.802884e+00,3.685511e+04,5.288597e+00,3.985517e+04,8.812993e+00,3.959825e+04,8.991542e+00,3.760642e+04,8.811928e+00,1.718459e+04,7.194900e+00,1.741065e+04,9.298428e+00
3.638181e+05,3.809658e+05,5.596389e+04,3.712925e+00,7.918065e+04,5.656929e+00,4.903469e+04,3.461368e+00,1.141242e+04,1.257892e+00,3.241640e+04,3.718413e+00,2.600078e+04,2.929445e+00,2.884260e+04,4.016176e+00,4.033956e+04,8.614790e+00,4.062066e+04,8.921226e+00,3.865919e+04,8.747195e+00,1.778058e+04,7.157760e+00,1.785958e+04,9.183120e+00
3.809658e+05,3.989217e+05,5.657951e+04,3.672290e+00,4.002917e+04,2.757157e+00,5.171022e+04,3.531396e+00,1.608004e+04,1.716634e+00,1.379797e+04,1.470909e+00,5.555662e+04,5.803956e+00,2.722972e+04,3.630233e+00,4.245221e+04,8.750845e+00,4.168864e+04,8.847523e+00,3.974731e+04,8.679675e+00,1.839610e+04,7.119517e+00,1.829626e+04,9.062198e+00
3.989217e+05,4.177239e+05,5.715624e+04,3.630648e+00,5.982537e+04,3.994355e+00,5.248631e+04,3.438120e+00,2.300286e+04,2.370849e+00,5.366816e+04,5.470924e+00,5.104710e+04,5.197856e+00,1.754061e+04,2.228707e+00,4.708644e+04,9.382681e+00,4.279623e+04,8.768689e+00,4.080384e+04,8.612727e+00,1.900101e+04,7.072073e+00,1.874502e+04,8.942286e+00
4.177239e+05,4.374123e+05,5.768443e+04,3.588157e+00,8.124876e+04,5.280385e+00,5.256252e+04,3.267223e+00,2.994453e+04,2.952622e+00,4.192569e+04,4.252326e+00,3.567859e+04,4.192199e+00,4.124298e+04,4.902530e+00,4.801307e+04,9.255448e+00,4.394241e+04,8.684029e+00,4.187139e+04,8.545024e+00,1.958595e+04,7.014601e+00,1.921417e+04,8.825468e+00
4.374123e+05,4.580287e+05,5.818069e+04,3.543823e+00,7.432005e+04,4.691153e+00,5.341218e+04,3.150602e+00,2.472502e+04,2.304675e+00,2.518472e+04,2.484538e+00,4.387874e+04,4.459988e+00,4.136481e+04,4.756893e+00,4.871500e+04,9.085428e+00,4.512939e+04,8.595311e+00,4.294153e+04,8.477384e+00,2.019732e+04,6.956555e+00,1.969556e+04,8.709279e+00
4.580287e+05,4.796167e+05,5.861395e+04,3.498961e+00,6.808510e+04,4.177051e+00,5.455623e+04,3.053204e+00,4.034531e+04,3.639347e+00,4.769845e+04,4.428919e+00,3.134595e+04,3.132252e+00,4.082406e+04,4.628480e+00,4.849092e+04,8.761043e+00,4.623883e+04,8.501788e+00,4.401308e+04,8.407982e+00,2.084113e+04,6.899978e+00,2.019599e+04,8.594784e+00
4.796167e+05,5.022223e+05,5.901487e+04,3.452513e+00,6.233835e+04,3.717660e+00,5.596933e+04,2.971773e+00,3.459606e+04,3.014371e+00,4.214154e+04,3.988646e+00,3.540731e+04,3.376960e+00,3.249685e+04,3.657437e+00,4.522797e+04,7.915800e+00,4.736484e+04,8.403701e+00,4.511685e+04,8.336015e+00,2.151702e+04,6.842263e+00,2.069966e+04,8.481315e+00
5.022223e+05,5.258934e+05,5.935790e+04,3.405208e+00,6.243196e+04,3.626510e+00,5.844523e+04,2.934188e+00,2.420159e+04,2.038930e+00,2.634296e+04,2.468588e+00,3.736413e+04,3.571922e+00,3.485624e+04,3.870142e+00,4.862392e+04,8.215358e+00,4.844017e+04,8.301816e+00,4.625298e+04,8.257648e+00,2.223087e+04,6.791096e+00,2.123988e+04,8.371585e+00
5.258934e+05,5.506801e+05,5.965512e+04,3.356580e+00,8.204227e+04,4.654115e+00,7.410051e+04,3.337908e+00,3.050447e+04,2.487916e+00,3.899272e+04,3.399186e+00,3.317530e+04,3.055208e+00,3.266036e+04,3.502402e+00,5.275499e+04,8.601043e+00,4.949284e+04,8.195713e+00,4.744810e+04,8.173572e+00,2.298109e+04,6.743338e+00,2.180916e+04,8.268234e+00
5.506801e+05,5.766350e+05,5.989979e+04,3.306858e+00,7.903611e+04,4.361857e+00,1.203856e+05,7.225180e+00,2.596340e+04,2.007412e+00,2.982375e+04,2.607034e+00,3.241956e+04,2.852403e+00,3.055681e+04,3.076453e+00,5.132890e+04,8.074458e+00,5.050200e+04,8.085964e+00,4.863245e+04,8.088438e+00,2.377277e+04,6.700009e+00,2.238928e+04,8.167510e+00
5.766350e+05,6.038134e+05,6.009165e+04,3.255995e+00,6.892366e+04,3.716601e+00,5.718259e+04,3.812625e+00,3.922514e+04,2.849262e+00,2.320698e+04,1.867344e+00,2.669038e+04,2.695725e+00,2.884544e+04,2.668956e+00,5.114203e+04,7.763848e+00,5.147428e+04,7.972316e+00,4.982781e+04,8.002116e+00,2.460842e+04,6.661273e+00,2.298246e+04,8.060317e+00
6.038134e+05,6.322726e+05,6.022688e+04,3.204243e+00,6.560737e+04,3.441479e+00,5.248040e+04,3.010329e+00,3.374608e+04,2.300861e+00,5.291695e+04,3.762788e+00,2.056462e+04,1.835990e+00,4.718396e+04,4.136047e+00,5.313576e+04,7.787994e+00,5.253748e+04,7.855748e+00,5.097191e+04,7.906187e+00,2.550920e+04,6.634933e+00,2.360501e+04,7.950891e+00
6.322726e+05,6.620733e+05,6.031053e+04,3.151119e+00,9.296167e+04,4.752290e+00,5.493715e+04,2.848122e+00,3.909209e+04,2.543621e+00,4.329741e+04,3.349839e+00,2.699322e+04,1.826891e+00,4.588255e+04,3.909377e+00,5.598054e+04,7.926623e+00,5.366987e+04,7.735589e+00,5.208313e+04,7.804168e+00,2.647479e+04,6.623030e+00,2.426232e+04,7.843556e+00
6.620733e+05,6.932785e+05,6.033277e+04,3.097291e+00,6.348405e+04,3.165474e+00,5.609503e+04,2.634874e+00,4.725908e+04,3.002612e+00,2.491539e+04,2.006734e+00,5.066274e+04,3.190811e+00,4.389841e+04,3.724540e+00,5.862712e+04,8.022926e+00,5.476759e+04,7.613386e+00,5.320448e+04,7.701181e+00,2.749262e+04,6.619240e+00,2.491921e+04,7.754098e+00
6.932785e+05,7.259545e+05,6.029972e+04,3.042226e+00,6.880629e+04,3.342593e+00,5.873130e+04,2.500325e+00,5.462047e+04,3.417774e+00,3.051029e+04,2.068577e+00,4.585846e+04,2.907321e+00,3.908445e+04,3.237228e+00,6.020626e+04,7.959000e+00,5.582638e+04,7.488509e+00,5.431213e+04,7.594248e+00,2.855053e+04,6.616383e+00,2.546057e+04,7.668277e+00
7.259545e+05,7.601706e+05,6.021099e+04,2.986305e+00,7.125558e+04,3.372004e+00,6.579751e+04,2.517604e+00,5.348353e+04,3.301252e+00,6.224074e+04,3.589014e+00,6.611956e+04,4.164837e+00,3.344918e+04,2.547836e+00,5.898323e+04,7.515864e+00,5.681402e+04,7.359817e+00,5.541026e+04,7.479836e+00,2.964370e+04,6.617737e+00,2.606581e+04,7.563095e+00
7.601706e+05,7.959994e+05,6.006243e+04,2.929569e+00,1.159372e+05,5.343273e+00,8.474834e+04,2.829628e+00,4.760966e+04,2.845982e+00,3.697256e+04,2.235126e+00,6.865708e+04,4.320555e+00,4.768495e+04,3.370011e+00,5.620337e+04,6.900128e+00,5.773915e+04,7.233929e+00,5.643249e+04,7.364100e+00,3.073169e+04,6.619672e+00,2.670949e+04,7.472105e+00
7.959994e+05,8.335169e+05,5.986248e+04,2.871860e+00,1.002540e+05,4.516637e+00,1.456211e+05,6.846069e+00,3.930922e+04,2.255476e+00,5.909484e+04,3.541929e+00,4.317406e+04,3.040700e+00,5.434863e+04,3.261409e+00,5.748066e+04,6.792283e+00,5.854553e+04,7.103674e+00,5.721014e+04,7.245920e+00,3.183361e+04,6.616579e+00,2.741059e+04,7.385802e+00
8.335169e+05,8.728028e+05,5.960401e+04,2.813345e+00,9.908827e+04,4.349629e+00,8.391046e+04,4.217337e+00,4.597735e+04,2.547277e+00,4.761944e+04,2.634692e+00,4.810721e+04,3.044811e+00,5.182487e+04,2.998882e+00,6.366860e+04,7.239816e+00,5.922983e+04,6.973620e+00,5.794272e+04,7.125618e+00,3.298050e+04,6.614575e+00,2.820315e+04,7.307533e+00
8.728028e+05,9.139402e+05,5.928794e+04,2.754150e+00,7.802209e+04,3.344452e+00,8.494573e+04,3.476977e+00,5.139587e+04,2.771134e+00,7.390575e+04,3.865463e+00,3.447773e+04,2.434861e+00,6.476596e+04,3.584461e+00,6.406074e+04,7.008382e+00,5.995415e+04,6.843479e+00,5.872394e+04,7.004772e+00,3.411814e+04,6.611833e+00,2.908778e+04,7.237313e+00
9.139402e+05,9.570166e+05,5.891686e+04,2.694303e+00,7.183186e+04,3.000878e+00,1.107982e+05,4.525106e+00,5.014248e+04,2.633758e+00,3.919346e+04,2.260620e+00,3.168702e+04,1.990174e+00,5.882121e+04,3.139880e+00,6.378801e+04,6.715218e+00,6.066509e+04,6.712226e+00,5.967955e+04,6.883410e+00,3.521600e+04,6.609376e+00,2.993954e+04,7.163788e+00
9.570166e+05,1.002123e+06,5.849128e+04,2.633822e+00,7.022059e+04,2.863131e+00,1.125044e+05,5.066051e+00,5.784232e+04,3.040153e+00,6.621809e+04,3.342216e+00,4.930908e+04,2.820048e+00,6.141150e+04,3.149742e+00,6.364430e+04,6.477638e+00,6.128745e+04,6.573879e+00,6.078368e+04,6.761556e+00,3.642279e+04,6.617783e+00,3.060278e+04,7.109756e+00
1.002123e+06,1.049356e+06,5.800595e+04,2.573484e+00,7.881437e+04,3.125313e+00,8.682435e+04,4.025350e+00,5.208165e+04,2.735283e+00,4.658401e+04,2.373287e+00,5.261062e+04,2.768453e+00,5.883360e+04,2.905048e+00,6.481110e+04,6.353970e+00,6.183042e+04,6.455265e+00,6.211439e+04,6.646170e+00,3.759692e+04,6.628791e+00,3.129798e+04,7.060335e+00
1.049356e+06,1.098815e+06,5.747604e+04,2.512047e+00,7.063963e+04,2.726008e+00,6.735479e+04,3.056307e+00,5.483325e+04,2.843790e+00,7.015166e+04,3.162981e+00,4.914146e+04,2.806313e+00,5.932199e+04,2.824845e+00,6.685270e+04,6.290876e+00,6.221512e+04,6.325749e+00,6.362403e+04,6.535915e+00,3.881354e+04,6.661676e+00,3.202414e+04,7.017161e+00
1.098815e+06,1.150605e+06,5.690023e+04,2.450168e+00,9.364266e+04,3.513465e+00,6.163978e+04,2.624807e+00,5.005598e+04,2.482602e+00,5.824994e+04,2.873648e+00,4.969178e+04,2.465885e+00,6.535065e+04,3.001456e+00,6.894732e+04,6.225881e+00,6.271019e+04,6.200142e+00,6.506259e+04,6.423166e+00,3.999881e+04,6.694668e+00,3.278680e+04,6.982842e+00
1.150605e+06,1.204836e+06,5.627377e+04,2.388092e+00,1.168031e+05,4.269547e+00,7.022187e+04,2.338413e+00,5.641371e+04,2.677356e+00,5.022748e+04,2.307787e+00,5.175067e+04,2.254908e+00,7.327762e+04,3.245152e+00,7.064171e+04,6.119287e+00,6.322908e+04,6.075122e+00,6.645384e+04,6.307423e+00,4.113422e+04,6.725534e+00,3.364453e+04,6.953501e+00
1.204836e+06,1.261623e+06,5.560402e+04,2.326049e+00,9.181088e+04,3.256932e+00,7.739522e+04,2.772530e+00,7.008071e+04,3.171679e+00,7.906039e+04,3.615011e+00,7.507067e+04,3.081213e+00,8.053280e+04,3.440801e+00,7.181467e+04,5.965836e+00,6.434579e+04,5.952670e+00,6.798863e+04,6.195852e+00,4.224158e+04,6.751294e+00,3.464068e+04,6.929160e+00
1.261623e+06,1.321086e+06,5.489233e+04,2.263546e+00,8.559932e+04,2.945183e+00,1.050836e+05,3.168753e+00,6.639234e+04,2.760435e+00,8.168672e+04,3.308161e+00,6.914593e+04,2.867806e+00,9.132883e+04,3.768316e+00,7.281632e+04,5.782497e+00,6.590340e+04,5.829022e+00,6.981579e+04,6.087355e+00,4.331339e+04,6.781572e+00,3.596952e+04,6.923125e+00
1.321086e+06,1.383352e+06,5.414276e+04,2.201808e+00,8.147889e+04,2.712512e+00,8.954620e+04,2.709989e+00,7.778667e+04,2.962950e+00,7.749149e+04,2.807732e+00,6.479791e+04,2.850796e+00,9.040989e+04,3.610727e+00,7.383359e+04,5.596283e+00,6.739947e+04,5.705006e+00,7.184565e+04,5.983436e+00,4.427036e+04,6.805410e+00,3.754832e+04,6.928381e+00
1.383352e+06,1.448553e+06,5.335924e+04,2.139637e+00,1.066274e+05,3.437699e+00,9.787548e+04,3.022645e+00,9.055008e+04,3.311814e+00,8.506950e+04,2.971057e+00,7.719533e+04,2.887040e+00,8.127410e+04,3.179511e+00,7.518013e+04,5.439287e+00,6.900604e+04,5.596668e+00,7.390155e+04,5.878269e+00,4.517246e+04,6.828541e+00,3.947126e+04,6.943687e+00
1.448553e+06,1.516828e+06,5.254634e+04,2.078223e+00,9.569352e+04,2.986489e+00,1.019967e+05,2.838385e+00,8.944261e+04,3.241566e+00,1.012117e+05,3.549405e+00,6.635274e+04,2.866459e+00,9.040815e+04,3.502178e+00,7.725404e+04,5.337426e+00,7.042081e+04,5.483528e+00,7.580101e+04,5.766813e+00,4.599748e+04,6.852923e+00,4.151608e+04,6.967331e+00
1.516828e+06,1.588320e+06,5.171232e+04,2.017558e+00,1.071909e+05,3.238523e+00,1.036769e+05,2.678791e+00,8.705497e+04,3.037716e+00,9.828878e+04,3.442059e+00,8.545487e+04,3.296742e+00,8.313929e+04,3.207349e+00,7.971484e+04,5.257344e+00,7.186353e+04,5.371318e+00,7.743611e+04,5.653928e+00,4.677656e+04,6.877665e+00,4.330073e+04,6.970063e+00
1.588320e+06,1.663181e+06,5.085616e+04,1.957167e+00,9.491448e+04,2.772726e+00,1.947515e+05,5.118865e+00,9.001083e+04,3.042714e+00,9.371851e+04,3.220396e+00,8.076431e+04,3.037720e+00,8.228334e+04,3.055343e+00,8.226177e+04,5.175272e+00,7.352624e+04,5.265680e+00,7.889694e+04,5.540615e+00,4.759357e+04,6.911076e+00,4.494326e+04,7.006969e+00
1.663181e+06,1.741571e+06,5.002755e+04,1.899322e+00,1.119042e+05,3.162537e+00,9.494523e+04,2.753646e+00,9.190193e+04,3.073223e+00,9.317895e+04,3.130758e+00,7.770916e+04,2.850409e+00,9.133614e+04,3.291012e+00,8.454058e+04,5.072177e+00,7.540917e+04,5.158128e+00,8.040785e+04,5.427727e+00,4.846303e+04,6.960055e+00,4.684402e+04,7.061005e+00
1.741571e+06,1.823656e+06,4.925817e+04,1.844700e+00,1.046263e+05,2.863117e+00,8.355928e+04,1.897454e+00,1.002767e+05,3.094115e+00,1.037919e+05,3.394868e+00,8.373240e+04,2.799995e+00,9.027992e+04,3.163511e+00,8.672104e+04,4.963035e+00,7.743780e+04,5.060082e+00,8.212207e+04,5.314604e+00,4.909266e+04,7.009947e+00,4.882950e+04,7.125151e+00
1.823656e+06,1.909610e+06,4.841877e+04,1.787602e+00,9.984754e+04,2.634456e+00,1.408275e+05,4.715304e+00,1.085956e+05,3.233434e+00,1.004442e+05,3.207718e+00,9.070632e+04,2.931172e+00,8.305763e+04,2.838501e+00,8.831360e+04,4.834163e+00,7.979147e+04,4.963149e+00,8.410220e+04,5.202365e+00,4.957660e+04,7.058701e+00,5.074344e+04,7.189300e+00
1.909610e+06,1.999614e+06,4.773724e+04,1.734718e+00,1.179145e+05,3.021238e+00,1.369981e+05,3.939638e+00,1.193311e+05,3.519296e+00,9.743191e+04,3.037512e+00,1.079076e+05,3.379981e+00,8.565811e+04,2.844721e+00,9.009986e+04,4.720396e+00,8.217705e+04,4.858059e+00,8.613462e+04,5.089495e+00,4.988647e+04,7.104391e+00,5.247651e+04,7.252885e+00
1.999614e+06,2.093861e+06,5.975502e+04,2.212871e+00,1.303821e+05,3.294807e+00,9.381319e+04,2.351693e+00,1.150895e+05,3.379594e+00,1.121635e+05,3.411602e+00,1.013223e+05,3.431640e+00,9.528485e+04,3.069478e+00,9.237753e+04,4.619924e+00,8.450926e+04,4.758189e+00,8.830655e+04,4.980626e+00,5.003371e+04,7.131582e+00,5.412440e+04,7.314859e+00
2.093861e+06,2.192551e+06,4.759771e+04,1.727342e+00,1.240935e+05,3.142611e+00,1.138556e+05,3.169697e+00,1.188776e+05,3.470172e+00,1.179136e+05,3.505343e+00,9.668506e+04,3.127455e+00,9.779890e+04,3.064822e+00,9.516418e+04,4.534306e+00,8.688134e+04,4.670074e+00,9.058280e+04,4.876203e+00,5.006295e+04,7.140149e+00,5.583369e+04,7.386026e+00
2.192551e+06,2.295891e+06,4.620650e+04,1.635925e+00,1.211271e+05,3.081806e+00,1.059126e+05,2.584516e+00,1.194751e+05,3.397128e+00,1.232247e+05,3.579223e+00,1.023187e+05,3.102779e+00,1.004335e+05,3.060798e+00,9.718265e+04,4.453850e+00,8.908987e+04,4.576354e+00,9.283138e+04,4.770861e+00,4.998590e+04,7.144999e+00,5.763957e+04,7.463857e+00
2.295891e+06,2.404102e+06,4.609967e+04,1.610540e+00,1.068060e+05,2.722395e+00,1.055318e+05,2.583100e+00,1.264012e+05,3.433361e+00,1.179283e+05,3.339907e+00,1.162202e+05,3.302637e+00,1.086295e+05,3.232292e+00,9.837654e+04,4.380344e+00,9.130525e+04,4.493497e+00,9.472756e+04,4.665670e+00,4.983075e+04,7.140909e+00,5.922813e+04,7.539560e+00
2.404102e+06,2.517414e+06,4.671717e+04,1.614641e+00,1.137387e+05,2.926830e+00,1.275865e+05,2.932082e+00,1.334942e+05,3.580374e+00,1.373237e+05,3.802053e+00,1.231114e+05,3.509129e+00,1.083090e+05,3.141049e+00,1.008001e+05,4.315798e+00,9.386844e+04,4.408753e+00,9.646365e+04,4.559825e+00,4.966154e+04,7.129205e+00,5.993488e+04,7.608076e+00
2.517414e+06,2.636066e+06,4.806825e+04,1.647939e+00,1.359442e+05,3.405234e+00,1.239140e+05,2.949774e+00,1.374200e+05,3.758618e+00,1.337665e+05,3.629278e+00,1.313429e+05,3.754793e+00,1.144171e+05,3.244960e+00,1.036564e+05,4.254041e+00,9.663253e+04,4.322240e+00,9.842643e+04,4.465590e+00,4.955948e+04,7.112568e+00,6.200594e+04,7.686336e+00
2.636066e+06,2.760311e+06,5.150335e+04,1.761875e+00,1.215299e+05,2.837106e+00,1.122892e+05,2.557551e+00,1.352092e+05,3.636414e+00,1.393652e+05,3.708146e+00,1.236834e+05,3.437613e+00,1.120438e+05,3.098855e+00,1.068049e+05,4.192815e+00,9.934596e+04,4.239017e+00,1.005201e+05,4.377924e+00,4.949671e+04,7.092541e+00,6.370957e+04,7.749652e+00
2.760311e+06,2.890411e+06,6.311884e+04,2.191986e+00,1.225520e+05,2.698935e+00,1.330234e+05,2.909829e+00,1.334101e+05,3.495296e+00,1.439106e+05,3.762612e+00,1.262621e+05,3.382312e+00,1.223148e+05,3.315984e+00,1.097529e+05,4.129912e+00,1.021042e+05,4.157254e+00,1.027392e+05,4.289588e+00,4.948211e+04,7.061389e+00,6.534328e+04,7.807363e+00
2.890411e+06,3.026644e+06,6.428522e+04,2.309343e+00,1.271646e+05,2.644426e+00,1.073264e+05,2.172076e+00,1.399215e+05,3.613578e+00,1.379073e+05,3.566453e+00,1.311687e+05,3.349538e+00,1.252827e+05,3.307902e+00,1.123900e+05,4.064141e+00,1.047957e+05,4.080331e+00,1.049394e+05,4.201512e+00,4.951257e+04,7.020747e+00,6.716822e+04,7.860686e+00
3.026644e+06,3.169297e+06,4.667176e+04,1.552840e+00,1.207976e+05,2.446185e+00,1.324496e+05,2.631755e+00,1.391124e+05,3.536340e+00,1.406466e+05,3.593986e+00,1.401885e+05,3.549156e+00,1.221318e+05,3.132039e+00,1.155139e+05,4.004026e+00,1.074513e+05,4.007281e+00,1.072559e+05,4.131001e+00,4.981959e+04,6.962645e+00,6.870344e+04,7.905954e+00
3.169297e+06,3.318675e+06,6.273348e+04,2.135775e+00,1.221920e+05,2.500282e+00,1.180858e+05,2.305806e+00,1.436128e+05,3.615935e+00,1.488174e+05,3.688791e+00,1.319885e+05,3.430699e+00,1.292932e+05,3.261587e+00,1.185603e+05,3.950514e+00,1.100723e+05,3.938486e+00,1.095735e+05,4.069027e+00,5.028026e+04,6.893941e+00,7.038788e+04,7.946464e+00
3.318675e+06,3.475092e+06,7.375763e+04,2.557326e+00,1.231359e+05,2.504750e+00,1.207358e+05,2.353595e+00,1.463430e+05,3.606500e+00,1.497525e+05,3.768437e+00,1.336837e+05,3.400091e+00,1.353342e+05,3.409119e+00,1.213564e+05,3.903129e+00,1.126234e+05,3.877119e+00,1.118608e+05,4.006818e+00,5.076264e+04,6.821999e+00,7.219682e+04,7.985516e+00
3.475092e+06,3.638882e+06,7.635870e+04,2.669061e+00,1.294275e+05,2.586195e+00,1.050964e+05,2.023680e+00,1.538301e+05,3.732295e+00,1.527333e+05,3.743517e+00,1.374033e+05,3.415658e+00,1.401396e+05,3.484716e+00,1.234984e+05,3.841087e+00,1.152396e+05,3.823794e+00,1.143557e+05,3.950993e+00,5.138248e+04,6.739063e+00,7.403905e+04,8.005736e+00
3.638882e+06,3.810392e+06,7.068395e+04,2.464645e+00,1.276031e+05,2.455266e+00,1.018272e+05,1.843903e+00,1.526009e+05,3.688402e+00,1.549275e+05,3.725171e+00,1.485625e+05,3.578812e+00,1.410694e+05,3.423704e+00,1.261115e+05,3.783999e+00,1.178924e+05,3.779274e+00,1.172097e+05,3.907459e+00,5.223748e+04,6.638568e+00,7.586581e+04,8.002279e+00
3.810392e+06,3.989986e+06,6.180253e+04,2.121259e+00,1.273693e+05,2.358971e+00,1.264692e+05,2.188183e+00,1.495344e+05,3.568867e+00,1.542443e+05,3.617680e+00,1.505113e+05,3.600757e+00,1.464753e+05,3.461084e+00,1.291605e+05,3.741092e+00,1.206940e+05,3.745000e+00,1.200807e+05,3.864707e+00,5.313675e+04,6.533074e+00,7.773771e+04,7.989430e+00
3.989986e+06,4.178044e+06,5.559098e+04,1.858714e+00,1.326073e+05,2.408867e+00,1.272268e+05,2.163859e+00,1.554717e+05,3.676825e+00,1.621337e+05,3.749722e+00,1.509745e+05,3.749264e+00,1.497824e+05,3.404175e+00,1.322580e+05,3.714104e+00,1.240657e+05,3.722353e+00,1.232140e+05,3.834792e+00,5.419839e+04,6.425601e+00,7.971204e+04,7.966915e+00
4.178044e+06,4.374966e+06,5.896025e+04,2.131365e+00,1.283744e+05,2.277775e+00,1.519657e+05,2.576305e+00,1.582686e+05,3.674685e+00,1.621830e+05,3.676827e+00,1.519847e+05,3.641311e+00,1.576671e+05,3.506284e+00,1.352457e+05,3.701971e+00,1.283246e+05,3.711943e+00,1.267005e+05,3.820952e+00,5.546034e+04,6.316811e+00,8.168043e+04,7.927660e+00
4.374966e+06,4.581170e+06,4.798968e+04,1.736011e+00,1.236495e+05,2.144523e+00,1.442134e+05,2.385011e+00,1.591213e+05,3.610548e+00,1.679198e+05,3.731823e+00,1.540245e+05,3.575744e+00,1.669762e+05,3.637198e+00,1.383513e+05,3.703972e+00,1.328245e+05,3.713811e+00,1.302646e+05,3.809067e+00,5.678291e+04,6.203509e+00,8.338270e+04,7.868178e+00
4.581170e+06,4.797092e+06,4.112033e+04,1.439684e+00,1.296132e+05,2.231567e+00,1.714717e+05,2.745615e+00,1.622560e+05,3.624766e+00,1.714996e+05,3.742926e+00,1.588051e+05,3.629175e+00,1.709774e+05,3.605117e+00,1.417542e+05,3.718867e+00,1.358566e+05,3.727435e+00,1.343508e+05,3.811730e+00,5.817516e+04,6.090886e+00,8.583014e+04,7.791425e+00
4.797092e+06,5.023192e+06,3.796304e+04,1.292648e+00,1.286225e+05,2.167101e+00,1.601958e+05,2.537567e+00,1.632177e+05,3.561349e+00,1.756752e+05,3.765295e+00,1.626233e+05,3.652118e+00,1.763154e+05,3.601538e+00,1.456824e+05,3.746284e+00,1.388104e+05,3.752808e+00,1.387044e+05,3.819214e+00,5.963471e+04,5.974617e+00,8.761945e+04,7.695231e+00
5.023192e+06,5.259948e+06,3.455482e+04,1.148965e+00,1.318287e+05,2.167604e+00,1.649726e+05,2.438559e+00,1.662240e+05,3.536362e+00,1.761834e+05,3.660632e+00,1.658595e+05,3.639501e+00,1.843042e+05,3.680531e+00,1.489058e+05,3.771839e+00,1.434955e+05,3.790322e+00,1.433300e+05,3.845112e+00,6.114009e+04,5.865964e+00,8.970202e+04,7.584864e+00
5.259948e+06,5.507863e+06,3.761387e+04,1.258999e+00,1.331495e+05,2.122707e+00,1.292471e+05,1.831124e+00,1.687539e+05,3.468566e+00,1.797010e+05,3.648077e+00,1.708953e+05,3.678947e+00,1.898402e+05,3.673545e+00,1.524761e+05,3.820740e+00,1.494756e+05,3.833934e+00,1.482503e+05,3.883499e+00,6.270039e+04,5.761313e+00,9.210091e+04,7.462561e+00
5.507863e+06,5.767462e+06,3.349619e+04,1.089629e+00,1.305338e+05,2.015063e+00,1.629463e+05,2.309506e+00,1.728249e+05,3.453044e+00,1.830338e+05,3.628273e+00,1.743787e+05,3.649192e+00,1.971253e+05,3.728280e+00,1.559929e+05,3.878580e+00,1.555788e+05,3.882333e+00,1.531426e+05,3.922417e+00,6.431329e+04,5.660617e+00,9.520838e+04,7.333582e+00
5.767462e+06,6.039298e+06,3.416661e+04,1.089870e+00,1.399407e+05,2.134106e+00,1.601750e+05,2.231832e+00,1.753078e+05,3.383373e+00,1.855587e+05,3.580206e+00,1.782128e+05,3.628403e+00,2.011460e+05,3.680635e+00,1.587686e+05,3.924791e+00,1.618194e+05,3.935432e+00,1.580145e+05,3.962382e+00,6.598035e+04,5.563315e+00,9.857805e+04,7.207894e+00
6.039298e+06,6.323946e+06,4.683888e+04,1.498538e+00,1.363966e+05,2.009573e+00,1.605776e+05,2.252702e+00,1.784199e+05,3.313785e+00,1.888073e+05,3.552931e+00,1.813601e+05,3.575240e+00,2.074691e+05,3.704595e+00,1.626616e+05,3.980870e+00,1.677033e+05,3.988395e+00,1.628285e+05,4.008782e+00,6.753672e+04,5.470905e+00,1.021545e+05,7.068426e+00
6.323946e+06,6.622010e+06,3.263662e+04,1.088320e+00,1.418973e+05,2.059587e+00,1.407319e+05,1.793143e+00,1.825113e+05,3.262045e+00,1.908104e+05,3.483247e+00,1.852019e+05,3.611905e+00,2.124904e+05,3.682301e+00,1.671204e+05,4.039709e+00,1.733872e+05,4.042145e+00,1.676331e+05,4.059143e+00,6.904433e+04,5.384514e+00,1.065158e+05,6.931157e+00
6.622010e+06,6.934122e+06,2.624980e+04,8.132049e-01,1.390899e+05,1.986171e+00,1.619737e+05,2.090562e+00,1.866109e+05,3.208106e+00,1.951445e+05,3.469937e+00,1.874106e+05,3.557166e+00,2.163551e+05,3.628470e+00,1.715744e+05,4.099880e+00,1.785456e+05,4.092301e+00,1.722952e+05,4.110047e+00,7.054372e+04,5.306934e+00,1.109562e+05,6.801468e+00
6.934122e+06,7.260945e+06,2.576741e+04,7.965722e-01,1.326836e+05,1.866296e+00,1.598498e+05,1.940610e+00,1.908144e+05,3.151796e+00,1.985400e+05,3.435493e+00,1.903141e+05,3.492399e+00,2.209083e+05,3.599962e+00,1.754293e+05,4.150768e+00,1.837141e+05,4.140110e+00,1.767824e+05,4.157530e+00,7.209949e+04,5.236119e+00,1.150345e+05,6.665922e+00
7.260945e+06,7.603172e+06,4.865160e+04,1.644774e+00,1.294586e+05,1.824024e+00,1.740893e+05,2.122205e+00,1.952960e+05,3.093152e+00,1.998698e+05,3.364689e+00,1.918144e+05,3.471764e+00,2.254282e+05,3.563781e+00,1.793666e+05,4.194847e+00,1.890583e+05,4.182714e+00,1.811950e+05,4.197325e+00,7.376229e+04,5.185504e+00,1.182500e+05,6.521788e+00
7.603172e+06,7.961529e+06,5.688017e+04,1.977716e+00,1.316723e+05,1.850509e+00,1.815446e+05,2.126846e+00,1.998814e+05,3.032248e+00,2.022535e+05,3.289875e+00,1.956683e+05,3.412755e+00,2.301635e+05,3.536019e+00,1.832191e+05,4.233698e+00,1.937603e+05,4.220102e+00,1.856892e+05,4.237174e+00,7.549341e+04,5.146658e+00,1.206522e+05,6.373073e+00
7.961529e+06,8.336777e+06,4.565450e+04,1.641539e+00,1.296510e+05,1.778072e+00,1.717254e+05,1.932317e+00,2.044499e+05,2.969146e+00,2.052292e+05,3.195353e+00,1.997012e+05,3.345085e+00,2.345606e+05,3.496444e+00,1.869161e+05,4.267256e+00,1.990878e+05,4.252581e+00,1.899598e+05,4.270643e+00,7.657730e+04,5.115729e+00,1.234792e+05,6.242550e+00
8.336777e+06,8.729711e+06,3.218992e+04,1.105636e+00,1.323579e+05,1.788487e+00,1.715561e+05,1.996927e+00,2.090478e+05,2.904257e+00,2.084280e+05,3.123977e+00,2.041078e+05,3.281189e+00,2.381382e+05,3.419821e+00,1.908844e+05,4.290566e+00,2.056754e+05,4.278512e+00,1.942222e+05,4.294606e+00,7.791956e+04,5.099756e+00,1.273964e+05,6.124232e+00
8.729711e+06,9.141164e+06,3.393128e+04,1.132309e+00,1.284207e+05,1.692311e+00,1.713112e+05,1.931843e+00,2.137509e+05,2.838202e+00,2.124987e+05,3.058791e+00,2.083999e+05,3.219835e+00,2.424622e+05,3.365704e+00,1.941388e+05,4.298574e+00,2.124003e+05,4.297149e+00,1.990081e+05,4.317498e+00,7.922863e+04,5.094790e+00,1.318251e+05,6.030516e+00
9.141164e+06,9.572011e+06,3.689772e+04,1.284052e+00,1.316897e+05,1.712041e+00,1.688881e+05,1.860346e+00,2.184248e+05,2.771688e+00,2.170669e+05,2.978587e+00,2.157944e+05,3.164959e+00,2.475661e+05,3.329652e+00,1.970929e+05,4.291995e+00,2.185849e+05,4.307984e+00,2.033530e+05,4.326865e+00,8.049637e+04,5.099153e+00,1.362284e+05,5.950069e+00
9.572011e+06,1.002316e+07,3.454452e+04,1.208790e+00,1.349399e+05,1.729232e+00,1.693549e+05,1.821842e+00,2.232886e+05,2.705844e+00,2.214648e+05,2.895770e+00,2.211672e+05,3.093389e+00,2.526722e+05,3.291256e+00,1.997794e+05,4.272935e+00,2.211934e+05,4.309776e+00,2.083781e+05,4.334142e+00,8.174868e+04,5.105083e+00,1.402466e+05,5.879504e+00
1.002316e+07,1.049558e+07,3.286774e+04,1.135214e+00,1.347035e+05,1.691060e+00,1.722856e+05,1.865510e+00,2.280477e+05,2.641364e+00,2.255217e+05,2.799271e+00,2.254927e+05,3.026193e+00,2.567367e+05,3.208573e+00,2.027634e+05,4.246098e+00,2.246557e+05,4.299109e+00,2.138697e+05,4.330457e+00,8.311959e+04,5.120268e+00,1.439027e+05,5.827351e+00
1.049558e+07,1.099027e+07,3.910324e+04,1.321251e+00,1.380741e+05,1.706097e+00,1.690969e+05,1.795355e+00,2.328010e+05,2.579622e+00,2.317465e+05,2.751638e+00,2.305987e+05,2.976069e+00,2.617749e+05,3.137436e+00,2.060817e+05,4.211102e+00,2.314454e+05,4.280939e+00,2.198523e+05,4.319015e+00,8.458499e+04,5.148109e+00,1.480531e+05,5.791638e+00
1.099027e+07,1.150827e+07,4.119239e+04,1.386458e+00,1.429557e+05,1.741410e+00,1.692147e+05,1.774247e+00,2.371482e+05,2.521316e+00,2.379451e+05,2.700599e+00,2.350239e+05,2.906268e+00,2.672718e+05,3.052881e+00,2.097598e+05,4.167739e+00,2.382162e+05,4.252053e+00,2.258560e+05,4.300219e+00,8.609763e+04,5.181438e+00,1.523233e+05,5.772128e+00
1.150827e+07,1.205068e+07,4.137109e+04,1.375770e+00,1.455906e+05,1.742594e+00,1.734716e+05,1.821756e+00,2.413570e+05,2.467171e+00,2.431664e+05,2.626540e+00,2.406179e+05,2.836448e+00,2.741244e+05,2.982343e+00,2.139491e+05,4.115727e+00,2.445748e+05,4.210982e+00,2.320328e+05,4.272480e+00,8.770745e+04,5.217232e+00,1.557778e+05,5.750210e+00
1.205068e+07,1.261866e+07,4.149104e+04,1.367295e+00,1.476347e+05,1.732540e+00,1.770513e+05,1.861553e+00,2.453364e+05,2.416391e+00,2.469864e+05,2.561487e+00,2.464379e+05,2.766905e+00,2.822849e+05,2.927826e+00,2.190934e+05,4.061042e+00,2.497793e+05,4.158691e+00,2.394451e+05,4.236065e+00,8.949295e+04,5.252825e+00,1.606614e+05,5.756720e+00
1.261866e+07,1.321341e+07,4.227901e+04,1.397217e+00,1.504856e+05,1.734208e+00,1.819431e+05,1.925404e+00,2.491246e+05,2.371381e+00,2.533330e+05,2.529984e+00,2.507949e+05,2.698650e+00,2.895372e+05,2.852431e+00,2.252128e+05,4.003306e+00,2.557043e+05,4.096376e+00,2.478774e+05,4.192135e+00,9.172900e+04,5.290448e+00,1.659843e+05,5.780960e+00
1.321341e+07,1.383619e+07,4.269117e+04,1.390010e+00,1.525211e+05,1.738220e+00,1.783765e+05,1.834078e+00,2.530733e+05,2.329195e+00,2.569253e+05,2.462314e+00,2.541623e+05,2.632506e+00,2.960269e+05,2.768593e+00,2.319573e+05,3.939938e+00,2.647041e+05,4.024073e+00,2.563569e+05,4.132297e+00,9.430895e+04,5.329775e+00,1.711529e+05,5.830572e+00
1.383619e+07,1.448833e+07,4.117020e+04,1.326005e+00,1.545100e+05,1.746160e+00,1.803868e+05,1.843434e+00,2.578221e+05,2.292109e+00,2.602719e+05,2.413465e+00,2.570596e+05,2.569552e+00,3.030252e+05,2.702442e+00,2.393491e+05,3.871563e+00,2.746646e+05,3.946138e+00,2.649386e+05,4.063814e+00,9.723183e+04,5.370502e+00,1.762137e+05,5.869261e+00
1.448833e+07,1.517120e+07,4.298722e+04,1.383342e+00,1.566259e+05,1.749706e+00,1.770274e+05,1.752618e+00,2.632400e+05,2.257666e+00,2.654898e+05,2.378493e+00,2.630050e+05,2.510645e+00,3.097564e+05,2.628682e+00,2.475461e+05,3.799507e+00,2.843238e+05,3.863640e+00,2.734946e+05,3.980033e+00,1.007224e+05,5.409053e+00,1.809680e+05,5.903087e+00
1.517120e+07,1.588626e+07,4.540940e+04,1.461334e+00,1.589729e+05,1.756761e+00,1.811482e+05,1.773668e+00,2.688159e+05,2.226528e+00,2.734784e+05,2.320627e+00,2.676497e+05,2.457661e+00,3.170041e+05,2.561407e+00,2.566589e+05,3.721633e+00,2.955817e+05,3.781825e+00,2.828551e+05,3.892977e+00,1.050797e+05,5.439861e+00,1.865877e+05,5.964279e+00
1.588626e+07,1.663502e+07,4.568225e+04,1.465298e+00,1.610524e+05,1.764588e+00,1.880654e+05,1.840700e+00,2.746881e+05,2.198989e+00,2.776064e+05,2.268201e+00,2.721446e+05,2.408037e+00,3.235671e+05,2.480443e+00,2.665501e+05,3.640553e+00,3.086171e+05,3.702840e+00,2.928995e+05,3.809116e+00,1.114866e+05,5.460672e+00,1.919470e+05,6.020526e+00
1.663502e+07,1.741907e+07,4.390403e+04,1.402236e+00,1.624929e+05,1.772369e+00,1.927302e+05,1.872911e+00,2.806916e+05,2.175195e+00,2.828212e+05,2.242672e+00,2.779775e+05,2.368634e+00,3.309081e+05,2.418421e+00,2.772358e+05,3.559313e+00,3.235251e+05,3.633037e+00,3.038547e+05,3.732526e+00,1.187717e+05,5.471770e+00,1.964422e+05,6.059544e+00
1.741907e+07,1.824008e+07,4.517601e+04,1.431690e+00,1.640508e+05,1.780241e+00,1.927465e+05,1.839251e+00,2.863140e+05,2.155834e+00,2.867531e+05,2.197844e+00,2.842569e+05,2.332009e+00,3.394485e+05,2.380267e+00,2.888479e+05,3.481587e+00,3.373703e+05,3.577866e+00,3.152791e+05,3.667037e+00,1.281924e+05,5.471958e+00,2.014761e+05,6.099162e+00
1.824008e+07,1.909978e+07,4.675985e+04,1.478794e+00,1.651675e+05,1.788120e+00,1.962079e+05,1.873169e+00,2.924209e+05,2.141774e+00,2.919690e+05,2.172282e+00,2.913391e+05,2.302875e+00,3.472382e+05,2.336051e+00,3.010929e+05,3.412669e+00,3.468138e+05,3.542514e+00,3.273918e+05,3.602330e+00,1.373452e+05,5.451048e+00,2.081482e+05,6.148252e+00
1.909978e+07,2.000000e+07,4.735838e+04,1.498802e+00,1.661177e+05,1.795936e+00,1.958024e+05,1.845025e+00,2.979011e+05,2.133575e+00,2.962645e+05,2.159750e+00,2.995446e+05,2.280647e+00,3.549234e+05,2.303856e+00,3.139761e+05,3.345089e+00,3.640851e+05,3.529904e+00,3.395154e+05,3.536929e+00,1.464766e+05,5.411856e+00,2.148865e+05,6.178210e+00
