# Code predictions of the FUMEX-II simplified cases, extracted from the vector
# figures 7, 9 and 11 of IAEA-TECDOC-1687 (2012).
# Burnup in MWd/kgU (rod average). Piece: the PDF path a point came from (the
# points of one piece are in drawing order). Value: centre temperature in degC at 1 % FGR
# for case 27(1), fission gas release in % for cases 27(2a) and 27(2b).
# The curve "Vitanza" of case 27(1) is the empirical threshold drawn in Fig. 7.
# Case "IFA-534.14 rod 18 power": the power history of Fig. 20, burnup in
# MWd/kgUO2 and value in kW/m.  Cases "IFA-534.14 rod N FGR kind": the markers of
# Figs. 21 and 22, with the category number (0 = the measurement) in the burnup
# column and the release in % in the value column.
case,code,burnup,value,piece,colour
27(1),Vitanza,3.7162,1501.0494,0,#000000
27(1),Vitanza,3.8249,1494.8321,0,#000000
27(1),Vitanza,3.7954,1474.0188,0,#000000
27(1),Vitanza,4.1261,1455.0083,0,#000000
27(1),Vitanza,4.1822,1452.3391,0,#000000
27(1),Vitanza,4.2375,1449.5728,0,#000000
27(1),Vitanza,4.2893,1446.8828,0,#000000
27(1),Vitanza,4.3401,1444.172,0,#000000
27(1),Vitanza,4.3904,1441.4409,0,#000000
27(1),Vitanza,4.4405,1438.6901,0,#000000
27(1),Vitanza,4.4912,1435.9206,0,#000000
27(1),Vitanza,4.5428,1433.1334,0,#000000
27(1),Vitanza,4.5946,1430.4031,0,#000000
27(1),Vitanza,4.6495,1427.6096,0,#000000
27(1),Vitanza,4.7071,1424.8028,0,#000000
27(1),Vitanza,4.7682,1421.9842,0,#000000
27(1),Vitanza,4.8334,1419.1562,0,#000000
27(1),Vitanza,4.9034,1416.3214,0,#000000
27(1),Vitanza,4.9791,1413.4832,0,#000000
27(1),Vitanza,5.0611,1410.646,0,#000000
27(1),Vitanza,5.1631,1407.1017,0,#000000
27(1),Vitanza,5.2879,1403.0916,0,#000000
27(1),Vitanza,5.4019,1399.6071,0,#000000
27(1),Vitanza,5.5303,1395.8858,0,#000000
27(1),Vitanza,5.6493,1392.4894,0,#000000
27(1),Vitanza,5.7684,1389.1068,0,#000000
27(1),Vitanza,5.8879,1385.7362,0,#000000
27(1),Vitanza,6.0076,1382.3757,0,#000000
27(1),Vitanza,6.1279,1379.0235,0,#000000
27(1),Vitanza,6.2487,1375.6779,0,#000000
27(1),Vitanza,6.3701,1372.337,0,#000000
27(1),Vitanza,6.4923,1368.9991,0,#000000
27(1),Vitanza,6.6153,1365.6624,0,#000000
27(1),Vitanza,6.7392,1362.3253,0,#000000
27(1),Vitanza,6.8641,1358.9859,0,#000000
27(1),Vitanza,6.9901,1355.6426,0,#000000
27(1),Vitanza,7.1173,1352.2937,0,#000000
27(1),Vitanza,7.2457,1348.9376,0,#000000
27(1),Vitanza,7.5111,1342.1035,0,#000000
27(1),Vitanza,7.7957,1334.87,0,#000000
27(1),Vitanza,8.0639,1328.1483,0,#000000
27(1),Vitanza,8.334,1321.821,0,#000000
27(1),Vitanza,8.4364,1319.3053,0,#000000
27(1),Vitanza,8.5405,1316.7563,0,#000000
27(1),Vitanza,8.6536,1314.0201,0,#000000
27(1),Vitanza,8.7621,1311.4826,0,#000000
27(1),Vitanza,8.8717,1308.9417,0,#000000
27(1),Vitanza,8.9917,1306.2458,0,#000000
27(1),Vitanza,9.1054,1303.7493,0,#000000
27(1),Vitanza,9.2289,1301.0972,0,#000000
27(1),Vitanza,9.3464,1298.6663,0,#000000
27(1),Vitanza,9.4647,1296.2555,0,#000000
27(1),Vitanza,9.5943,1293.7385,0,#000000
27(1),Vitanza,9.716,1291.4211,0,#000000
27(1),Vitanza,9.8482,1289.0066,0,#000000
27(1),Vitanza,9.9731,1286.799,0,#000000
27(1),Vitanza,10.1075,1284.5057,0,#000000
27(1),Vitanza,10.2351,1282.4223,0,#000000
27(1),Vitanza,10.4612,1278.7592,0,#000000
27(1),Vitanza,10.6718,1275.4312,0,#000000
27(1),Vitanza,10.8211,1273.2468,0,#000000
27(1),Vitanza,10.9764,1271.0074,0,#000000
27(1),Vitanza,11.1261,1268.9118,0,#000000
27(1),Vitanza,11.2809,1266.7682,0,#000000
27(1),Vitanza,11.4312,1264.7397,0,#000000
27(1),Vitanza,11.5813,1262.7262,0,#000000
27(1),Vitanza,11.7362,1260.6875,0,#000000
27(1),Vitanza,11.887,1258.7123,0,#000000
27(1),Vitanza,12.0411,1256.7131,0,#000000
27(1),Vitanza,12.1927,1254.7552,0,#000000
27(1),Vitanza,12.3462,1252.7759,0,#000000
27(1),Vitanza,12.4985,1250.8148,0,#000000
27(1),Vitanza,12.6516,1248.8365,0,#000000
27(1),Vitanza,12.8047,1246.8519,0,#000000
27(1),Vitanza,12.9583,1244.849,0,#000000
27(1),Vitanza,13.1118,1242.8291,0,#000000
27(1),Vitanza,13.2513,1241.0473,0,#000000
27(1),Vitanza,13.4139,1239.1549,0,#000000
27(1),Vitanza,13.795,1234.7155,0,#000000
27(1),Vitanza,15.1057,1221.3358,0,#000000
27(1),Vitanza,16.459,1208.6319,0,#000000
27(1),Vitanza,17.8407,1196.7947,0,#000000
27(1),Vitanza,19.2476,1185.7721,0,#000000
27(1),Vitanza,20.6765,1175.5128,0,#000000
27(1),Vitanza,22.124,1165.9664,0,#000000
27(1),Vitanza,23.5871,1157.0834,0,#000000
27(1),Vitanza,25.0625,1148.8151,0,#000000
27(1),Vitanza,26.5471,1141.1134,0,#000000
27(1),Vitanza,28.0377,1133.9307,0,#000000
27(1),Vitanza,29.5311,1127.2201,0,#000000
27(1),Vitanza,31.0241,1120.9349,0,#000000
27(1),Vitanza,32.5137,1115.0288,0,#000000
27(1),Vitanza,33.9966,1109.4558,0,#000000
27(1),Vitanza,35.4695,1104.1702,0,#000000
27(1),Vitanza,36.9295,1099.1264,0,#000000
27(1),Vitanza,37.8916,1095.8866,0,#000000
27(1),Vitanza,38.3662,1094.2832,0,#000000
27(1),Vitanza,38.876,1092.7596,0,#000000
27(1),Vitanza,39.3667,1091.1496,0,#000000
27(1),Vitanza,42.1073,1083.1049,0,#000000
27(1),Vitanza,44.8483,1075.6652,0,#000000
27(1),Vitanza,47.5942,1068.6813,0,#000000
27(1),Vitanza,50.3444,1062.1258,0,#000000
27(1),Vitanza,53.0984,1055.9712,0,#000000
27(1),Vitanza,55.8554,1050.1899,0,#000000
27(1),Vitanza,58.6151,1044.7544,0,#000000
27(1),Vitanza,61.3767,1039.6372,0,#000000
27(1),Vitanza,64.1398,1034.8106,0,#000000
27(1),Vitanza,66.9036,1030.2469,0,#000000
27(1),Vitanza,69.6677,1025.9187,0,#000000
27(1),Vitanza,72.4313,1021.7981,0,#000000
27(1),Vitanza,75.1941,1017.8576,0,#000000
27(1),Vitanza,77.9553,1014.0697,0,#000000
27(1),Vitanza,80.7143,1010.4066,0,#000000
27(1),Vitanza,83.4707,1006.8409,0,#000000
27(1),Vitanza,84.7315,1005.1408,0,#000000
27(1),Vitanza,86.036,1003.6603,0,#000000
27(1),Vitanza,92.5408,996.3624,0,#000000
27(1),Vitanza,99.0481,989.5106,0,#000000
27(1),Vitanza,100.1454,988.4344,0,#000000
27(1),START3,15.3838,1310.6855,0,#ff00ff
27(1),START3,15.4227,1309.5012,0,#ff00ff
27(1),START3,15.4692,1308.317,0,#ff00ff
27(1),START3,15.5236,1306.9847,0,#ff00ff
27(1),START3,15.5262,1306.8981,0,#ff00ff
27(1),START3,15.5283,1306.8055,0,#ff00ff
27(1),START3,15.5299,1306.7076,0,#ff00ff
27(1),START3,15.531,1306.6054,0,#ff00ff
27(1),START3,15.5315,1306.4997,0,#ff00ff
27(1),START3,15.5316,1306.3914,0,#ff00ff
27(1),START3,15.5312,1306.2814,0,#ff00ff
27(1),START3,15.5304,1306.1706,0,#ff00ff
27(1),START3,15.5291,1306.0597,0,#ff00ff
27(1),START3,15.5273,1305.9497,0,#ff00ff
27(1),START3,15.5251,1305.8414,0,#ff00ff
27(1),START3,15.5225,1305.7357,0,#ff00ff
27(1),START3,15.5195,1305.6335,0,#ff00ff
27(1),START3,15.516,1305.5356,0,#ff00ff
27(1),START3,15.5122,1305.443,0,#ff00ff
27(1),START3,15.508,1305.3564,0,#ff00ff
27(1),START3,15.5022,1305.306,0,#ff00ff
27(1),START3,15.4964,1305.2659,0,#ff00ff
27(1),START3,15.4906,1305.2357,0,#ff00ff
27(1),START3,15.4849,1305.2153,0,#ff00ff
27(1),START3,15.4792,1305.2044,0,#ff00ff
27(1),START3,15.4735,1305.2029,0,#ff00ff
27(1),START3,15.4679,1305.2104,0,#ff00ff
27(1),START3,15.4624,1305.2269,0,#ff00ff
27(1),START3,15.457,1305.252,0,#ff00ff
27(1),START3,15.4517,1305.2855,0,#ff00ff
27(1),START3,15.4465,1305.3274,0,#ff00ff
27(1),START3,15.4415,1305.3772,0,#ff00ff
27(1),START3,15.4365,1305.4348,0,#ff00ff
27(1),START3,15.4317,1305.5001,0,#ff00ff
27(1),START3,15.4271,1305.5727,0,#ff00ff
27(1),START3,15.4227,1305.6524,0,#ff00ff
27(1),START3,15.3761,1306.8367,0,#ff00ff
27(1),START3,15.3217,1308.169,0,#ff00ff
27(1),START3,15.2829,1309.3532,0,#ff00ff
27(1),START3,15.2789,1309.4658,0,#ff00ff
27(1),START3,15.2756,1309.5811,0,#ff00ff
27(1),START3,15.273,1309.698,0,#ff00ff
27(1),START3,15.2711,1309.8158,0,#ff00ff
27(1),START3,15.2699,1309.9337,0,#ff00ff
27(1),START3,15.2694,1310.0506,0,#ff00ff
27(1),START3,15.2695,1310.1658,0,#ff00ff
27(1),START3,15.2703,1310.2784,0,#ff00ff
27(1),START3,15.2717,1310.3876,0,#ff00ff
27(1),START3,15.2737,1310.4924,0,#ff00ff
27(1),START3,15.2764,1310.592,0,#ff00ff
27(1),START3,15.2796,1310.6855,0,#ff00ff
27(1),START3,15.2835,1310.7721,0,#ff00ff
27(1),START3,15.2879,1310.8509,0,#ff00ff
27(1),START3,15.2929,1310.921,0,#ff00ff
27(1),START3,15.2984,1310.9816,0,#ff00ff
27(1),START3,15.303,1311.0579,0,#ff00ff
27(1),START3,15.3078,1311.1206,0,#ff00ff
27(1),START3,15.313,1311.1699,0,#ff00ff
27(1),START3,15.3183,1311.2059,0,#ff00ff
27(1),START3,15.3239,1311.2289,0,#ff00ff
27(1),START3,15.3295,1311.2392,0,#ff00ff
27(1),START3,15.3353,1311.2368,0,#ff00ff
27(1),START3,15.3411,1311.2221,0,#ff00ff
27(1),START3,15.3469,1311.1953,0,#ff00ff
27(1),START3,15.3527,1311.1565,0,#ff00ff
27(1),START3,15.3584,1311.106,0,#ff00ff
27(1),START3,15.3639,1311.044,0,#ff00ff
27(1),START3,15.3693,1310.9708,0,#ff00ff
27(1),START3,15.3744,1310.8865,0,#ff00ff
27(1),START3,15.3793,1310.7913,0,#ff00ff
27(1),START3,15.3838,1310.6855,0,#ff00ff
27(1),START3,15.6556,1303.2839,0,#ff00ff
27(1),START3,15.6633,1303.1359,0,#ff00ff
27(1),START3,15.6944,1302.0997,0,#ff00ff
27(1),START3,15.772,1299.7312,0,#ff00ff
27(1),START3,15.7875,1299.2871,0,#ff00ff
27(1),START3,15.7901,1299.1745,0,#ff00ff
27(1),START3,15.792,1299.0593,0,#ff00ff
27(1),START3,15.7932,1298.9423,0,#ff00ff
27(1),START3,15.7937,1298.8245,0,#ff00ff
27(1),START3,15.7937,1298.7067,0,#ff00ff
27(1),START3,15.7931,1298.5897,0,#ff00ff
27(1),START3,15.792,1298.4745,0,#ff00ff
27(1),START3,15.7905,1298.3619,0,#ff00ff
27(1),START3,15.7884,1298.2528,0,#ff00ff
27(1),START3,15.7859,1298.1479,0,#ff00ff
27(1),START3,15.7831,1298.0483,0,#ff00ff
27(1),START3,15.7799,1297.9548,0,#ff00ff
27(1),START3,15.7764,1297.8682,0,#ff00ff
27(1),START3,15.7726,1297.7894,0,#ff00ff
27(1),START3,15.7685,1297.7193,0,#ff00ff
27(1),START3,15.7642,1297.6587,0,#ff00ff
27(1),START3,15.7583,1297.6084,0,#ff00ff
27(1),START3,15.7523,1297.5685,0,#ff00ff
27(1),START3,15.7462,1297.539,0,#ff00ff
27(1),START3,15.74,1297.52,0,#ff00ff
27(1),START3,15.7338,1297.5113,0,#ff00ff
27(1),START3,15.7277,1297.513,0,#ff00ff
27(1),START3,15.7216,1297.5252,0,#ff00ff
27(1),START3,15.7157,1297.5477,0,#ff00ff
27(1),START3,15.71,1297.5807,0,#ff00ff
27(1),START3,15.7045,1297.624,0,#ff00ff
27(1),START3,15.6993,1297.6778,0,#ff00ff
27(1),START3,15.6944,1297.742,0,#ff00ff
27(1),START3,15.6898,1297.8166,0,#ff00ff
27(1),START3,15.6857,1297.9016,0,#ff00ff
27(1),START3,15.682,1297.997,0,#ff00ff
27(1),START3,15.6788,1298.1028,0,#ff00ff
27(1),START3,15.6633,1298.5469,0,#ff00ff
27(1),START3,15.6323,1299.7312,0,#ff00ff
27(1),START3,15.5934,1300.9155,0,#ff00ff
27(1),START3,15.5624,1301.9516,0,#ff00ff
27(1),START3,15.5584,1302.0626,0,#ff00ff
27(1),START3,15.5551,1302.1734,0,#ff00ff
27(1),START3,15.5525,1302.2838,0,#ff00ff
27(1),START3,15.5506,1302.3934,0,#ff00ff
27(1),START3,15.5494,1302.5023,0,#ff00ff
27(1),START3,15.5489,1302.61,0,#ff00ff
27(1),START3,15.549,1302.7164,0,#ff00ff
27(1),START3,15.5498,1302.8214,0,#ff00ff
27(1),START3,15.5512,1302.9245,0,#ff00ff
27(1),START3,15.5532,1303.0258,0,#ff00ff
27(1),START3,15.5559,1303.1248,0,#ff00ff
27(1),START3,15.5591,1303.2215,0,#ff00ff
27(1),START3,15.563,1303.3156,0,#ff00ff
27(1),START3,15.5674,1303.4068,0,#ff00ff
27(1),START3,15.5724,1303.495,0,#ff00ff
27(1),START3,15.5779,1303.58,0,#ff00ff
27(1),START3,15.5825,1303.6303,0,#ff00ff
27(1),START3,15.5873,1303.6705,0,#ff00ff
27(1),START3,15.5924,1303.7007,0,#ff00ff
27(1),START3,15.5977,1303.7211,0,#ff00ff
27(1),START3,15.6031,1303.732,0,#ff00ff
27(1),START3,15.6086,1303.7335,0,#ff00ff
27(1),START3,15.6142,1303.726,0,#ff00ff
27(1),START3,15.6197,1303.7095,0,#ff00ff
27(1),START3,15.6251,1303.6844,0,#ff00ff
27(1),START3,15.6303,1303.6508,0,#ff00ff
27(1),START3,15.6354,1303.609,0,#ff00ff
27(1),START3,15.6402,1303.5592,0,#ff00ff
27(1),START3,15.6446,1303.5015,0,#ff00ff
27(1),START3,15.6487,1303.4363,0,#ff00ff
27(1),START3,15.6524,1303.3637,0,#ff00ff
27(1),START3,15.6556,1303.2839,0,#ff00ff
27(1),START3,15.8962,1294.9942,0,#ff00ff
27(1),START3,15.9195,1294.254,0,#ff00ff
27(1),START3,15.9816,1291.2934,0,#ff00ff
27(1),START3,15.9894,1290.8493,0,#ff00ff
27(1),START3,15.9919,1290.7367,0,#ff00ff
27(1),START3,15.9938,1290.6217,0,#ff00ff
27(1),START3,15.995,1290.5055,0,#ff00ff
27(1),START3,15.9955,1290.389,0,#ff00ff
27(1),START3,15.9953,1290.2734,0,#ff00ff
27(1),START3,15.9946,1290.1597,0,#ff00ff
27(1),START3,15.9932,1290.0491,0,#ff00ff
27(1),START3,15.9913,1289.9426,0,#ff00ff
27(1),START3,15.9889,1289.8413,0,#ff00ff
27(1),START3,15.9859,1289.7463,0,#ff00ff
27(1),START3,15.9824,1289.6586,0,#ff00ff
27(1),START3,15.9785,1289.5794,0,#ff00ff
27(1),START3,15.9741,1289.5098,0,#ff00ff
27(1),START3,15.9692,1289.4508,0,#ff00ff
27(1),START3,15.964,1289.4034,0,#ff00ff
27(1),START3,15.9583,1289.3689,0,#ff00ff
27(1),START3,15.9525,1289.3203,0,#ff00ff
27(1),START3,15.9467,1289.2851,0,#ff00ff
27(1),START3,15.941,1289.2629,0,#ff00ff
27(1),START3,15.9353,1289.2533,0,#ff00ff
27(1),START3,15.9297,1289.2558,0,#ff00ff
27(1),START3,15.9242,1289.27,0,#ff00ff
27(1),START3,15.9189,1289.2956,0,#ff00ff
27(1),START3,15.9137,1289.3319,0,#ff00ff
27(1),START3,15.9087,1289.3787,0,#ff00ff
27(1),START3,15.9039,1289.4354,0,#ff00ff
27(1),START3,15.8993,1289.5017,0,#ff00ff
27(1),START3,15.895,1289.5771,0,#ff00ff
27(1),START3,15.891,1289.6612,0,#ff00ff
27(1),START3,15.8872,1289.7535,0,#ff00ff
27(1),START3,15.8838,1289.8536,0,#ff00ff
27(1),START3,15.8807,1289.9611,0,#ff00ff
27(1),START3,15.8729,1290.4052,0,#ff00ff
27(1),START3,15.8419,1291.8855,0,#ff00ff
27(1),START3,15.8108,1293.2178,0,#ff00ff
27(1),START3,15.7875,1294.106,0,#ff00ff
27(1),START3,15.785,1294.2169,0,#ff00ff
27(1),START3,15.7831,1294.3274,0,#ff00ff
27(1),START3,15.782,1294.4371,0,#ff00ff
27(1),START3,15.7815,1294.5454,0,#ff00ff
27(1),START3,15.7816,1294.652,0,#ff00ff
27(1),START3,15.7824,1294.7565,0,#ff00ff
27(1),START3,15.7837,1294.8583,0,#ff00ff
27(1),START3,15.7856,1294.9572,0,#ff00ff
27(1),START3,15.7881,1295.0525,0,#ff00ff
27(1),START3,15.791,1295.1439,0,#ff00ff
27(1),START3,15.7945,1295.231,0,#ff00ff
27(1),START3,15.7985,1295.3134,0,#ff00ff
27(1),START3,15.8029,1295.3905,0,#ff00ff
27(1),START3,15.8077,1295.462,0,#ff00ff
27(1),START3,15.813,1295.5274,0,#ff00ff
27(1),START3,15.8186,1295.5863,0,#ff00ff
27(1),START3,15.8244,1295.6349,0,#ff00ff
27(1),START3,15.8302,1295.6701,0,#ff00ff
27(1),START3,15.836,1295.6923,0,#ff00ff
27(1),START3,15.8416,1295.7019,0,#ff00ff
27(1),START3,15.8472,1295.6994,0,#ff00ff
27(1),START3,15.8527,1295.6852,0,#ff00ff
27(1),START3,15.8581,1295.6597,0,#ff00ff
27(1),START3,15.8632,1295.6233,0,#ff00ff
27(1),START3,15.8682,1295.5765,0,#ff00ff
27(1),START3,15.873,1295.5198,0,#ff00ff
27(1),START3,15.8776,1295.4535,0,#ff00ff
27(1),START3,15.8819,1295.3781,0,#ff00ff
27(1),START3,15.886,1295.2941,0,#ff00ff
27(1),START3,15.8897,1295.2018,0,#ff00ff
27(1),START3,15.8931,1295.1017,0,#ff00ff
27(1),START3,15.8962,1294.9942,0,#ff00ff
27(1),START3,16.0826,1286.5564,0,#ff00ff
27(1),START3,16.0903,1285.9643,0,#ff00ff
27(1),START3,16.1264,1283.9469,0,#ff00ff
27(1),START3,16.1652,1282.1705,0,#ff00ff
27(1),START3,16.1664,1282.0579,0,#ff00ff
27(1),START3,16.1671,1281.9429,0,#ff00ff
27(1),START3,16.1672,1281.8266,0,#ff00ff
27(1),START3,16.1668,1281.7102,0,#ff00ff
27(1),START3,16.1659,1281.5945,0,#ff00ff
27(1),START3,16.1646,1281.4809,0,#ff00ff
27(1),START3,16.1627,1281.3702,0,#ff00ff
27(1),START3,16.1604,1281.2637,0,#ff00ff
27(1),START3,16.1576,1281.1624,0,#ff00ff
27(1),START3,16.1544,1281.0674,0,#ff00ff
27(1),START3,16.1508,1280.9798,0,#ff00ff
27(1),START3,16.1467,1280.9006,0,#ff00ff
27(1),START3,16.1422,1280.831,0,#ff00ff
27(1),START3,16.1373,1280.772,0,#ff00ff
27(1),START3,16.1321,1280.7246,0,#ff00ff
27(1),START3,16.1264,1280.6901,0,#ff00ff
27(1),START3,16.1206,1280.6415,0,#ff00ff
27(1),START3,16.1148,1280.6063,0,#ff00ff
27(1),START3,16.1091,1280.5841,0,#ff00ff
27(1),START3,16.1034,1280.5745,0,#ff00ff
27(1),START3,16.0978,1280.577,0,#ff00ff
27(1),START3,16.0923,1280.5913,0,#ff00ff
27(1),START3,16.087,1280.6168,0,#ff00ff
27(1),START3,16.0818,1280.6531,0,#ff00ff
27(1),START3,16.0768,1280.6999,0,#ff00ff
27(1),START3,16.072,1280.7566,0,#ff00ff
27(1),START3,16.0674,1280.8229,0,#ff00ff
27(1),START3,16.0631,1280.8983,0,#ff00ff
27(1),START3,16.0591,1280.9824,0,#ff00ff
27(1),START3,16.0553,1281.0747,0,#ff00ff
27(1),START3,16.0519,1281.1748,0,#ff00ff
27(1),START3,16.0488,1281.2822,0,#ff00ff
27(1),START3,16.0177,1283.2066,0,#ff00ff
27(1),START3,15.9789,1285.1311,0,#ff00ff
27(1),START3,15.9634,1285.5751,0,#ff00ff
27(1),START3,15.9622,1285.6877,0,#ff00ff
27(1),START3,15.9616,1285.8027,0,#ff00ff
27(1),START3,15.9614,1285.919,0,#ff00ff
27(1),START3,15.9618,1286.0354,0,#ff00ff
27(1),START3,15.9627,1286.1511,0,#ff00ff
27(1),START3,15.9641,1286.2647,0,#ff00ff
27(1),START3,15.9659,1286.3754,0,#ff00ff
27(1),START3,15.9682,1286.4819,0,#ff00ff
27(1),START3,15.971,1286.5832,0,#ff00ff
27(1),START3,15.9765,1286.7554,0,#ff00ff
27(1),START3,15.9806,1286.8588,0,#ff00ff
27(1),START3,15.9847,1286.938,0,#ff00ff
27(1),START3,15.9891,1287.0076,0,#ff00ff
27(1),START3,15.994,1287.0666,0,#ff00ff
27(1),START3,15.9993,1287.1139,0,#ff00ff
27(1),START3,16.0049,1287.1485,0,#ff00ff
27(1),START3,16.0107,1287.1971,0,#ff00ff
27(1),START3,16.0165,1287.2323,0,#ff00ff
27(1),START3,16.0223,1287.2545,0,#ff00ff
27(1),START3,16.028,1287.2641,0,#ff00ff
27(1),START3,16.0336,1287.2616,0,#ff00ff
27(1),START3,16.039,1287.2473,0,#ff00ff
27(1),START3,16.0444,1287.2218,0,#ff00ff
27(1),START3,16.0496,1287.1855,0,#ff00ff
27(1),START3,16.0546,1287.1387,0,#ff00ff
27(1),START3,16.0594,1287.082,0,#ff00ff
27(1),START3,16.0639,1287.0157,0,#ff00ff
27(1),START3,16.0682,1286.9403,0,#ff00ff
27(1),START3,16.0723,1286.8562,0,#ff00ff
27(1),START3,16.076,1286.7639,0,#ff00ff
27(1),START3,16.0795,1286.6638,0,#ff00ff
27(1),START3,16.0826,1286.5564,0,#ff00ff
27(1),START3,16.2506,1277.8775,0,#ff00ff
27(1),START3,16.3283,1273.5846,0,#ff00ff
27(1),START3,16.3308,1273.472,0,#ff00ff
27(1),START3,16.3327,1273.3571,0,#ff00ff
27(1),START3,16.3338,1273.2408,0,#ff00ff
27(1),START3,16.3343,1273.1243,0,#ff00ff
27(1),START3,16.3342,1273.0087,0,#ff00ff
27(1),START3,16.3335,1272.895,0,#ff00ff
27(1),START3,16.3321,1272.7844,0,#ff00ff
27(1),START3,16.3302,1272.6779,0,#ff00ff
27(1),START3,16.3278,1272.5766,0,#ff00ff
27(1),START3,16.3248,1272.4816,0,#ff00ff
27(1),START3,16.3213,1272.3939,0,#ff00ff
27(1),START3,16.3174,1272.3148,0,#ff00ff
27(1),START3,16.313,1272.2451,0,#ff00ff
27(1),START3,16.3081,1272.1861,0,#ff00ff
27(1),START3,16.3029,1272.1388,0,#ff00ff
27(1),START3,16.2972,1272.1043,0,#ff00ff
27(1),START3,16.2913,1272.0556,0,#ff00ff
27(1),START3,16.2853,1272.0204,0,#ff00ff
27(1),START3,16.2792,1271.9982,0,#ff00ff
27(1),START3,16.2731,1271.9886,0,#ff00ff
27(1),START3,16.267,1271.9912,0,#ff00ff
27(1),START3,16.2611,1272.0054,0,#ff00ff
27(1),START3,16.2553,1272.0309,0,#ff00ff
27(1),START3,16.2497,1272.0673,0,#ff00ff
27(1),START3,16.2444,1272.114,0,#ff00ff
27(1),START3,16.2394,1272.1708,0,#ff00ff
27(1),START3,16.2348,1272.2371,0,#ff00ff
27(1),START3,16.2306,1272.3125,0,#ff00ff
27(1),START3,16.227,1272.3965,0,#ff00ff
27(1),START3,16.2239,1272.4888,0,#ff00ff
27(1),START3,16.2214,1272.589,0,#ff00ff
27(1),START3,16.2196,1272.6964,0,#ff00ff
27(1),START3,16.1342,1276.9893,0,#ff00ff
27(1),START3,16.133,1277.1019,0,#ff00ff
27(1),START3,16.1324,1277.2169,0,#ff00ff
27(1),START3,16.1322,1277.3331,0,#ff00ff
27(1),START3,16.1326,1277.4496,0,#ff00ff
27(1),START3,16.1335,1277.5652,0,#ff00ff
27(1),START3,16.1349,1277.6789,0,#ff00ff
27(1),START3,16.1367,1277.7895,0,#ff00ff
27(1),START3,16.139,1277.896,0,#ff00ff
27(1),START3,16.1418,1277.9973,0,#ff00ff
27(1),START3,16.145,1278.0924,0,#ff00ff
27(1),START3,16.1487,1278.18,0,#ff00ff
27(1),START3,16.1527,1278.2592,0,#ff00ff
27(1),START3,16.1572,1278.3288,0,#ff00ff
27(1),START3,16.1621,1278.3879,0,#ff00ff
27(1),START3,16.1674,1278.4352,0,#ff00ff
27(1),START3,16.173,1278.4697,0,#ff00ff
27(1),START3,16.1788,1278.5183,0,#ff00ff
27(1),START3,16.1846,1278.5535,0,#ff00ff
27(1),START3,16.1904,1278.5757,0,#ff00ff
27(1),START3,16.1961,1278.5853,0,#ff00ff
27(1),START3,16.2016,1278.5828,0,#ff00ff
27(1),START3,16.2071,1278.5685,0,#ff00ff
27(1),START3,16.2125,1278.543,0,#ff00ff
27(1),START3,16.2176,1278.5067,0,#ff00ff
27(1),START3,16.2226,1278.4599,0,#ff00ff
27(1),START3,16.2274,1278.4032,0,#ff00ff
27(1),START3,16.232,1278.3369,0,#ff00ff
27(1),START3,16.2363,1278.2615,0,#ff00ff
27(1),START3,16.2404,1278.1774,0,#ff00ff
27(1),START3,16.2441,1278.0851,0,#ff00ff
27(1),START3,16.2476,1277.985,0,#ff00ff
27(1),START3,16.2506,1277.8775,0,#ff00ff
27(1),START3,16.4137,1269.2917,0,#ff00ff
27(1),START3,16.4214,1268.9956,0,#ff00ff
27(1),START3,16.4991,1264.9987,0,#ff00ff
27(1),START3,16.5003,1264.8862,0,#ff00ff
27(1),START3,16.5009,1264.7712,0,#ff00ff
27(1),START3,16.501,1264.6549,0,#ff00ff
27(1),START3,16.5007,1264.5385,0,#ff00ff
27(1),START3,16.4998,1264.4229,0,#ff00ff
27(1),START3,16.4984,1264.3092,0,#ff00ff
27(1),START3,16.4965,1264.1986,0,#ff00ff
27(1),START3,16.4942,1264.0921,0,#ff00ff
27(1),START3,16.4915,1263.9908,0,#ff00ff
27(1),START3,16.4882,1263.8958,0,#ff00ff
27(1),START3,16.4846,1263.8081,0,#ff00ff
27(1),START3,16.4805,1263.729,0,#ff00ff
27(1),START3,16.476,1263.6593,0,#ff00ff
27(1),START3,16.4712,1263.6003,0,#ff00ff
27(1),START3,16.4659,1263.553,0,#ff00ff
27(1),START3,16.4603,1263.5185,0,#ff00ff
27(1),START3,16.4544,1263.4698,0,#ff00ff
27(1),START3,16.4486,1263.4346,0,#ff00ff
27(1),START3,16.4429,1263.4124,0,#ff00ff
27(1),START3,16.4372,1263.4028,0,#ff00ff
27(1),START3,16.4316,1263.4053,0,#ff00ff
27(1),START3,16.4261,1263.4196,0,#ff00ff
27(1),START3,16.4208,1263.4451,0,#ff00ff
27(1),START3,16.4156,1263.4814,0,#ff00ff
27(1),START3,16.4106,1263.5282,0,#ff00ff
27(1),START3,16.4058,1263.585,0,#ff00ff
27(1),START3,16.4013,1263.6512,0,#ff00ff
27(1),START3,16.3969,1263.7266,0,#ff00ff
27(1),START3,16.3929,1263.8107,0,#ff00ff
27(1),START3,16.3891,1263.903,0,#ff00ff
27(1),START3,16.3857,1264.0031,0,#ff00ff
27(1),START3,16.3826,1264.1106,0,#ff00ff
27(1),START3,16.305,1268.2554,0,#ff00ff
27(1),START3,16.2972,1268.4035,0,#ff00ff
27(1),START3,16.296,1268.516,0,#ff00ff
27(1),START3,16.2954,1268.631,0,#ff00ff
27(1),START3,16.2953,1268.7473,0,#ff00ff
27(1),START3,16.2956,1268.8638,0,#ff00ff
27(1),START3,16.2965,1268.9794,0,#ff00ff
27(1),START3,16.2979,1269.093,0,#ff00ff
27(1),START3,16.2998,1269.2037,0,#ff00ff
27(1),START3,16.3021,1269.3102,0,#ff00ff
27(1),START3,16.3049,1269.4115,0,#ff00ff
27(1),START3,16.3081,1269.5065,0,#ff00ff
27(1),START3,16.3117,1269.5941,0,#ff00ff
27(1),START3,16.3158,1269.6733,0,#ff00ff
27(1),START3,16.3203,1269.743,0,#ff00ff
27(1),START3,16.3251,1269.802,0,#ff00ff
27(1),START3,16.3304,1269.8493,0,#ff00ff
27(1),START3,16.336,1269.8838,0,#ff00ff
27(1),START3,16.3419,1269.9325,0,#ff00ff
27(1),START3,16.3477,1269.9677,0,#ff00ff
27(1),START3,16.3534,1269.9898,0,#ff00ff
27(1),START3,16.3591,1269.9995,0,#ff00ff
27(1),START3,16.3647,1269.9969,0,#ff00ff
27(1),START3,16.3702,1269.9827,0,#ff00ff
27(1),START3,16.3755,1269.9572,0,#ff00ff
27(1),START3,16.3807,1269.9208,0,#ff00ff
27(1),START3,16.3857,1269.874,0,#ff00ff
27(1),START3,16.3905,1269.8173,0,#ff00ff
27(1),START3,16.395,1269.751,0,#ff00ff
27(1),START3,16.3994,1269.6756,0,#ff00ff
27(1),START3,16.4034,1269.5916,0,#ff00ff
27(1),START3,16.4072,1269.4993,0,#ff00ff
27(1),START3,16.4106,1269.3992,0,#ff00ff
27(1),START3,16.4137,1269.2917,0,#ff00ff
27(1),START3,16.5845,1260.7058,0,#ff00ff
27(1),START3,16.6078,1259.8177,0,#ff00ff
27(1),START3,16.6776,1256.561,0,#ff00ff
27(1),START3,16.6788,1256.4484,0,#ff00ff
27(1),START3,16.6795,1256.3331,0,#ff00ff
27(1),START3,16.6796,1256.2162,0,#ff00ff
27(1),START3,16.6792,1256.0984,0,#ff00ff
27(1),START3,16.6783,1255.9806,0,#ff00ff
27(1),START3,16.677,1255.8636,0,#ff00ff
27(1),START3,16.6751,1255.7484,0,#ff00ff
27(1),START3,16.6728,1255.6358,0,#ff00ff
27(1),START3,16.67,1255.5266,0,#ff00ff
27(1),START3,16.6668,1255.4218,0,#ff00ff
27(1),START3,16.6632,1255.3222,0,#ff00ff
27(1),START3,16.6591,1255.2287,0,#ff00ff
27(1),START3,16.6546,1255.1421,0,#ff00ff
27(1),START3,16.6497,1255.0633,0,#ff00ff
27(1),START3,16.6445,1254.9932,0,#ff00ff
27(1),START3,16.6388,1254.9326,0,#ff00ff
27(1),START3,16.633,1254.91,0,#ff00ff
27(1),START3,16.6272,1254.8976,0,#ff00ff
27(1),START3,16.6215,1254.8952,0,#ff00ff
27(1),START3,16.6158,1254.9025,0,#ff00ff
27(1),START3,16.6102,1254.9194,0,#ff00ff
27(1),START3,16.6047,1254.9456,0,#ff00ff
27(1),START3,16.5994,1254.9809,0,#ff00ff
27(1),START3,16.5942,1255.0251,0,#ff00ff
27(1),START3,16.5892,1255.078,0,#ff00ff
27(1),START3,16.5844,1255.1393,0,#ff00ff
27(1),START3,16.5798,1255.2089,0,#ff00ff
27(1),START3,16.5755,1255.2865,0,#ff00ff
27(1),START3,16.5715,1255.3719,0,#ff00ff
27(1),START3,16.5677,1255.4649,0,#ff00ff
27(1),START3,16.5643,1255.5652,0,#ff00ff
27(1),START3,16.5612,1255.6727,0,#ff00ff
27(1),START3,16.4913,1258.9295,0,#ff00ff
27(1),START3,16.4758,1259.8177,0,#ff00ff
27(1),START3,16.4732,1259.9303,0,#ff00ff
27(1),START3,16.4714,1260.0452,0,#ff00ff
27(1),START3,16.4702,1260.1615,0,#ff00ff
27(1),START3,16.4697,1260.278,0,#ff00ff
27(1),START3,16.4699,1260.3936,0,#ff00ff
27(1),START3,16.4706,1260.5072,0,#ff00ff
27(1),START3,16.4719,1260.6178,0,#ff00ff
27(1),START3,16.4738,1260.7243,0,#ff00ff
27(1),START3,16.4763,1260.8256,0,#ff00ff
27(1),START3,16.4793,1260.9206,0,#ff00ff
27(1),START3,16.4828,1261.0083,0,#ff00ff
27(1),START3,16.4867,1261.0875,0,#ff00ff
27(1),START3,16.4911,1261.1571,0,#ff00ff
27(1),START3,16.496,1261.2161,0,#ff00ff
27(1),START3,16.5012,1261.2634,0,#ff00ff
27(1),START3,16.5068,1261.2979,0,#ff00ff
27(1),START3,16.5127,1261.3466,0,#ff00ff
27(1),START3,16.5188,1261.3818,0,#ff00ff
27(1),START3,16.5249,1261.404,0,#ff00ff
27(1),START3,16.531,1261.4136,0,#ff00ff
27(1),START3,16.537,1261.4111,0,#ff00ff
27(1),START3,16.543,1261.3968,0,#ff00ff
27(1),START3,16.5488,1261.3713,0,#ff00ff
27(1),START3,16.5544,1261.3349,0,#ff00ff
27(1),START3,16.5597,1261.2882,0,#ff00ff
27(1),START3,16.5647,1261.2314,0,#ff00ff
27(1),START3,16.5693,1261.1652,0,#ff00ff
27(1),START3,16.5734,1261.0898,0,#ff00ff
27(1),START3,16.5771,1261.0057,0,#ff00ff
27(1),START3,16.5802,1260.9134,0,#ff00ff
27(1),START3,16.5827,1260.8133,0,#ff00ff
27(1),START3,16.5845,1260.7058,0,#ff00ff
27(1),START3,16.7708,1252.2681,0,#ff00ff
27(1),START3,16.8096,1250.4916,0,#ff00ff
27(1),START3,16.864,1248.1231,0,#ff00ff
27(1),START3,16.8665,1248.0122,0,#ff00ff
27(1),START3,16.8684,1247.9017,0,#ff00ff
27(1),START3,16.8695,1247.792,0,#ff00ff
27(1),START3,16.87,1247.6837,0,#ff00ff
27(1),START3,16.8699,1247.5771,0,#ff00ff
27(1),START3,16.8692,1247.4726,0,#ff00ff
27(1),START3,16.8678,1247.3708,0,#ff00ff
27(1),START3,16.8659,1247.272,0,#ff00ff
27(1),START3,16.8635,1247.1766,0,#ff00ff
27(1),START3,16.8605,1247.0852,0,#ff00ff
27(1),START3,16.857,1246.9981,0,#ff00ff
27(1),START3,16.8531,1246.9158,0,#ff00ff
27(1),START3,16.8486,1246.8386,0,#ff00ff
27(1),START3,16.8438,1246.7671,0,#ff00ff
27(1),START3,16.8386,1246.7017,0,#ff00ff
27(1),START3,16.8329,1246.6428,0,#ff00ff
27(1),START3,16.8271,1246.5942,0,#ff00ff
27(1),START3,16.8213,1246.559,0,#ff00ff
27(1),START3,16.8155,1246.5368,0,#ff00ff
27(1),START3,16.8099,1246.5272,0,#ff00ff
27(1),START3,16.8043,1246.5297,0,#ff00ff
27(1),START3,16.7988,1246.5439,0,#ff00ff
27(1),START3,16.7935,1246.5694,0,#ff00ff
27(1),START3,16.7883,1246.6058,0,#ff00ff
27(1),START3,16.7833,1246.6526,0,#ff00ff
27(1),START3,16.7785,1246.7093,0,#ff00ff
27(1),START3,16.7739,1246.7756,0,#ff00ff
27(1),START3,16.7696,1246.851,0,#ff00ff
27(1),START3,16.7655,1246.9351,0,#ff00ff
27(1),START3,16.7618,1247.0274,0,#ff00ff
27(1),START3,16.7584,1247.1275,0,#ff00ff
27(1),START3,16.7553,1247.235,0,#ff00ff
27(1),START3,16.6932,1249.6035,0,#ff00ff
27(1),START3,16.6544,1251.3798,0,#ff00ff
27(1),START3,16.6532,1251.4924,0,#ff00ff
27(1),START3,16.6525,1251.6074,0,#ff00ff
27(1),START3,16.6523,1251.7236,0,#ff00ff
27(1),START3,16.6527,1251.8401,0,#ff00ff
27(1),START3,16.6534,1251.9557,0,#ff00ff
27(1),START3,16.6546,1252.0694,0,#ff00ff
27(1),START3,16.6562,1252.18,0,#ff00ff
27(1),START3,16.6582,1252.2865,0,#ff00ff
27(1),START3,16.6606,1252.3878,0,#ff00ff
27(1),START3,16.6633,1252.4829,0,#ff00ff
27(1),START3,16.6663,1252.5705,0,#ff00ff
27(1),START3,16.6696,1252.6497,0,#ff00ff
27(1),START3,16.6732,1252.7193,0,#ff00ff
27(1),START3,16.6771,1252.7784,0,#ff00ff
27(1),START3,16.6811,1252.8257,0,#ff00ff
27(1),START3,16.6854,1252.8602,0,#ff00ff
27(1),START3,16.6913,1252.9088,0,#ff00ff
27(1),START3,16.6974,1252.944,0,#ff00ff
27(1),START3,16.7035,1252.9662,0,#ff00ff
27(1),START3,16.7097,1252.9758,0,#ff00ff
27(1),START3,16.7158,1252.9733,0,#ff00ff
27(1),START3,16.722,1252.9591,0,#ff00ff
27(1),START3,16.728,1252.9335,0,#ff00ff
27(1),START3,16.7339,1252.8972,0,#ff00ff
27(1),START3,16.7397,1252.8504,0,#ff00ff
27(1),START3,16.7451,1252.7937,0,#ff00ff
27(1),START3,16.7504,1252.7274,0,#ff00ff
27(1),START3,16.7553,1252.652,0,#ff00ff
27(1),START3,16.7598,1252.568,0,#ff00ff
27(1),START3,16.764,1252.4757,0,#ff00ff
27(1),START3,16.7676,1252.3755,0,#ff00ff
27(1),START3,16.7708,1252.2681,0,#ff00ff
27(1),START3,16.963,1243.8946,0,#ff00ff
27(1),START3,17.0248,1241.6574,0,#ff00ff
27(1),START3,17.0714,1239.881,0,#ff00ff
27(1),START3,17.074,1239.7684,0,#ff00ff
27(1),START3,17.0761,1239.6532,0,#ff00ff
27(1),START3,17.0776,1239.5362,0,#ff00ff
27(1),START3,17.0786,1239.4184,0,#ff00ff
27(1),START3,17.0791,1239.3006,0,#ff00ff
27(1),START3,17.079,1239.1836,0,#ff00ff
27(1),START3,17.0784,1239.0684,0,#ff00ff
27(1),START3,17.0772,1238.9558,0,#ff00ff
27(1),START3,17.0754,1238.8467,0,#ff00ff
27(1),START3,17.0732,1238.7419,0,#ff00ff
27(1),START3,17.0703,1238.6423,0,#ff00ff
27(1),START3,17.067,1238.5487,0,#ff00ff
27(1),START3,17.0631,1238.4621,0,#ff00ff
27(1),START3,17.0586,1238.3834,0,#ff00ff
27(1),START3,17.0536,1238.3133,0,#ff00ff
27(1),START3,17.0481,1238.2527,0,#ff00ff
27(1),START3,17.0422,1238.204,0,#ff00ff
27(1),START3,17.0361,1238.1688,0,#ff00ff
27(1),START3,17.03,1238.1467,0,#ff00ff
27(1),START3,17.0239,1238.137,0,#ff00ff
27(1),START3,17.0179,1238.1396,0,#ff00ff
27(1),START3,17.0119,1238.1538,0,#ff00ff
27(1),START3,17.0061,1238.1793,0,#ff00ff
27(1),START3,17.0005,1238.2157,0,#ff00ff
27(1),START3,16.9952,1238.2624,0,#ff00ff
27(1),START3,16.9902,1238.3192,0,#ff00ff
27(1),START3,16.9856,1238.3855,0,#ff00ff
27(1),START3,16.9815,1238.4608,0,#ff00ff
27(1),START3,16.9778,1238.5449,0,#ff00ff
27(1),START3,16.9747,1238.6372,0,#ff00ff
27(1),START3,16.9722,1238.7373,0,#ff00ff
27(1),START3,16.9704,1238.8448,0,#ff00ff
27(1),START3,16.9161,1240.6212,0,#ff00ff
27(1),START3,16.8617,1242.8416,0,#ff00ff
27(1),START3,16.854,1242.8416,0,#ff00ff
27(1),START3,16.8514,1242.9543,0,#ff00ff
27(1),START3,16.8496,1243.0695,0,#ff00ff
27(1),START3,16.8484,1243.1864,0,#ff00ff
27(1),START3,16.8479,1243.3043,0,#ff00ff
27(1),START3,16.848,1243.4221,0,#ff00ff
27(1),START3,16.8488,1243.539,0,#ff00ff
27(1),START3,16.8501,1243.6542,0,#ff00ff
27(1),START3,16.852,1243.7669,0,#ff00ff
27(1),START3,16.8545,1243.876,0,#ff00ff
27(1),START3,16.8575,1243.9808,0,#ff00ff
27(1),START3,16.8609,1244.0804,0,#ff00ff
27(1),START3,16.8649,1244.1739,0,#ff00ff
27(1),START3,16.8693,1244.2605,0,#ff00ff
27(1),START3,16.8741,1244.3393,0,#ff00ff
27(1),START3,16.8794,1244.4094,0,#ff00ff
27(1),START3,16.885,1244.47,0,#ff00ff
27(1),START3,16.8923,1244.5857,0,#ff00ff
27(1),START3,16.8989,1244.6542,0,#ff00ff
27(1),START3,16.9046,1244.6764,0,#ff00ff
27(1),START3,16.9103,1244.686,0,#ff00ff
27(1),START3,16.9159,1244.6835,0,#ff00ff
27(1),START3,16.9214,1244.6693,0,#ff00ff
27(1),START3,16.9267,1244.6438,0,#ff00ff
27(1),START3,16.9319,1244.6074,0,#ff00ff
27(1),START3,16.9369,1244.5606,0,#ff00ff
27(1),START3,16.9417,1244.5039,0,#ff00ff
27(1),START3,16.9463,1244.4376,0,#ff00ff
27(1),START3,16.9506,1244.3622,0,#ff00ff
27(1),START3,16.9546,1244.2781,0,#ff00ff
27(1),START3,16.9584,1244.1858,0,#ff00ff
27(1),START3,16.9615,1244.072,0,#ff00ff
27(1),START3,16.963,1243.8946,0,#ff00ff
27(1),START3,17.1878,1235.8842,0,#ff00ff
27(1),START3,17.1956,1235.7362,0,#ff00ff
27(1),START3,17.2499,1233.9598,0,#ff00ff
27(1),START3,17.312,1232.1834,0,#ff00ff
27(1),START3,17.316,1232.0708,0,#ff00ff
27(1),START3,17.3193,1231.9556,0,#ff00ff
27(1),START3,17.322,1231.8386,0,#ff00ff
27(1),START3,17.3239,1231.7208,0,#ff00ff
27(1),START3,17.3252,1231.603,0,#ff00ff
27(1),START3,17.3259,1231.486,0,#ff00ff
27(1),START3,17.3261,1231.3708,0,#ff00ff
27(1),START3,17.3256,1231.2582,0,#ff00ff
27(1),START3,17.3246,1231.149,0,#ff00ff
27(1),START3,17.3231,1231.0442,0,#ff00ff
27(1),START3,17.3211,1230.9446,0,#ff00ff
27(1),START3,17.3186,1230.8511,0,#ff00ff
27(1),START3,17.3156,1230.7645,0,#ff00ff
27(1),START3,17.3122,1230.6857,0,#ff00ff
27(1),START3,17.3084,1230.6156,0,#ff00ff
27(1),START3,17.3043,1230.555,0,#ff00ff
27(1),START3,17.2984,1230.4787,0,#ff00ff
27(1),START3,17.2923,1230.416,0,#ff00ff
27(1),START3,17.2862,1230.3667,0,#ff00ff
27(1),START3,17.28,1230.3307,0,#ff00ff
27(1),START3,17.2738,1230.3077,0,#ff00ff
27(1),START3,17.2677,1230.2974,0,#ff00ff
27(1),START3,17.2616,1230.2998,0,#ff00ff
27(1),START3,17.2557,1230.3145,0,#ff00ff
27(1),START3,17.25,1230.3414,0,#ff00ff
27(1),START3,17.2445,1230.3801,0,#ff00ff
27(1),START3,17.2393,1230.4306,0,#ff00ff
27(1),START3,17.2344,1230.4926,0,#ff00ff
27(1),START3,17.2298,1230.5659,0,#ff00ff
27(1),START3,17.2257,1230.6502,0,#ff00ff
27(1),START3,17.222,1230.7453,0,#ff00ff
27(1),START3,17.2189,1230.8511,0,#ff00ff
27(1),START3,17.2111,1230.8511,0,#ff00ff
27(1),START3,17.149,1232.7755,0,#ff00ff
27(1),START3,17.0869,1234.5519,0,#ff00ff
27(1),START3,17.0869,1234.6999,0,#ff00ff
27(1),START3,17.0842,1234.8125,0,#ff00ff
27(1),START3,17.0821,1234.9277,0,#ff00ff
27(1),START3,17.0806,1235.0447,0,#ff00ff
27(1),START3,17.0796,1235.1625,0,#ff00ff
27(1),START3,17.0791,1235.2803,0,#ff00ff
27(1),START3,17.0792,1235.3973,0,#ff00ff
27(1),START3,17.0799,1235.5125,0,#ff00ff
27(1),START3,17.0811,1235.6251,0,#ff00ff
27(1),START3,17.0828,1235.7343,0,#ff00ff
27(1),START3,17.0851,1235.8391,0,#ff00ff
27(1),START3,17.0879,1235.9387,0,#ff00ff
27(1),START3,17.0912,1236.0322,0,#ff00ff
27(1),START3,17.0952,1236.1188,0,#ff00ff
27(1),START3,17.0996,1236.1976,0,#ff00ff
27(1),START3,17.1046,1236.2677,0,#ff00ff
27(1),START3,17.1102,1236.3283,0,#ff00ff
27(1),START3,17.1147,1236.3786,0,#ff00ff
27(1),START3,17.1196,1236.4185,0,#ff00ff
27(1),START3,17.1247,1236.448,0,#ff00ff
27(1),START3,17.1299,1236.467,0,#ff00ff
27(1),START3,17.1354,1236.4757,0,#ff00ff
27(1),START3,17.1409,1236.474,0,#ff00ff
27(1),START3,17.1464,1236.4618,0,#ff00ff
27(1),START3,17.1519,1236.4393,0,#ff00ff
27(1),START3,17.1573,1236.4063,0,#ff00ff
27(1),START3,17.1626,1236.363,0,#ff00ff
27(1),START3,17.1676,1236.3092,0,#ff00ff
27(1),START3,17.1724,1236.245,0,#ff00ff
27(1),START3,17.1769,1236.1704,0,#ff00ff
27(1),START3,17.181,1236.0854,0,#ff00ff
27(1),START3,17.1846,1235.99,0,#ff00ff
27(1),START3,17.1878,1235.8842,0,#ff00ff
27(1),START3,17.4595,1228.4826,0,#ff00ff
27(1),START3,17.5018,1227.0799,0,#ff00ff
27(1),START3,17.6028,1224.7114,0,#ff00ff
27(1),START3,17.6055,1224.6248,0,#ff00ff
27(1),START3,17.6078,1224.5321,0,#ff00ff
27(1),START3,17.6098,1224.4342,0,#ff00ff
27(1),START3,17.6114,1224.332,0,#ff00ff
27(1),START3,17.6125,1224.2263,0,#ff00ff
27(1),START3,17.6133,1224.1181,0,#ff00ff
27(1),START3,17.6136,1224.008,0,#ff00ff
27(1),START3,17.6134,1223.8972,0,#ff00ff
27(1),START3,17.6128,1223.7863,0,#ff00ff
27(1),START3,17.6118,1223.6763,0,#ff00ff
27(1),START3,17.6102,1223.568,0,#ff00ff
27(1),START3,17.6082,1223.4623,0,#ff00ff
27(1),START3,17.6057,1223.3601,0,#ff00ff
27(1),START3,17.6027,1223.2623,0,#ff00ff
27(1),START3,17.5991,1223.1696,0,#ff00ff
27(1),START3,17.595,1223.083,0,#ff00ff
27(1),START3,17.5892,1223.0066,0,#ff00ff
27(1),START3,17.5834,1222.9437,0,#ff00ff
27(1),START3,17.5776,1222.8937,0,#ff00ff
27(1),START3,17.5718,1222.8563,0,#ff00ff
27(1),START3,17.5661,1222.8311,0,#ff00ff
27(1),START3,17.5605,1222.8176,0,#ff00ff
27(1),START3,17.5549,1222.8154,0,#ff00ff
27(1),START3,17.5494,1222.824,0,#ff00ff
27(1),START3,17.544,1222.843,0,#ff00ff
27(1),START3,17.5387,1222.872,0,#ff00ff
27(1),START3,17.5335,1222.9105,0,#ff00ff
27(1),START3,17.5284,1222.9581,0,#ff00ff
27(1),START3,17.5235,1223.0144,0,#ff00ff
27(1),START3,17.5187,1223.079,0,#ff00ff
27(1),START3,17.5141,1223.1513,0,#ff00ff
27(1),START3,17.5096,1223.231,0,#ff00ff
27(1),START3,17.4009,1225.7475,0,#ff00ff
27(1),START3,17.3543,1226.9318,0,#ff00ff
27(1),START3,17.3516,1227.0184,0,#ff00ff
27(1),START3,17.3493,1227.1108,0,#ff00ff
27(1),START3,17.3473,1227.208,0,#ff00ff
27(1),START3,17.3458,1227.3088,0,#ff00ff
27(1),START3,17.3448,1227.4123,0,#ff00ff
27(1),START3,17.3442,1227.5173,0,#ff00ff
27(1),START3,17.3442,1227.6227,0,#ff00ff
27(1),START3,17.3446,1227.7275,0,#ff00ff
27(1),START3,17.3456,1227.8305,0,#ff00ff
27(1),START3,17.3472,1227.9308,0,#ff00ff
27(1),START3,17.3494,1228.0271,0,#ff00ff
27(1),START3,17.3521,1228.1184,0,#ff00ff
27(1),START3,17.3598,1228.4221,0,#ff00ff
27(1),START3,17.3639,1228.5002,0,#ff00ff
27(1),START3,17.3687,1228.5701,0,#ff00ff
27(1),START3,17.3741,1228.6306,0,#ff00ff
27(1),START3,17.3787,1228.707,0,#ff00ff
27(1),START3,17.3835,1228.77,0,#ff00ff
27(1),START3,17.3887,1228.8199,0,#ff00ff
27(1),START3,17.394,1228.8573,0,#ff00ff
27(1),START3,17.3996,1228.8825,0,#ff00ff
27(1),START3,17.4052,1228.896,0,#ff00ff
27(1),START3,17.411,1228.8983,0,#ff00ff
27(1),START3,17.4168,1228.8897,0,#ff00ff
27(1),START3,17.4226,1228.8707,0,#ff00ff
27(1),START3,17.4284,1228.8417,0,#ff00ff
27(1),START3,17.4341,1228.8032,0,#ff00ff
27(1),START3,17.4396,1228.7555,0,#ff00ff
27(1),START3,17.445,1228.6992,0,#ff00ff
27(1),START3,17.4501,1228.6347,0,#ff00ff
27(1),START3,17.455,1228.5623,0,#ff00ff
27(1),START3,17.4595,1228.4826,0,#ff00ff
27(1),START3,17.758,1221.3066,0,#ff00ff
27(1),START3,17.7736,1221.0106,0,#ff00ff
27(1),START3,17.9211,1218.0499,0,#ff00ff
27(1),START3,17.9252,1217.9633,0,#ff00ff
27(1),START3,17.9287,1217.8707,0,#ff00ff
27(1),START3,17.9317,1217.7728,0,#ff00ff
27(1),START3,17.9342,1217.6706,0,#ff00ff
27(1),START3,17.9361,1217.5649,0,#ff00ff
27(1),START3,17.9374,1217.4566,0,#ff00ff
27(1),START3,17.9383,1217.3466,0,#ff00ff
27(1),START3,17.9385,1217.2357,0,#ff00ff
27(1),START3,17.9383,1217.1249,0,#ff00ff
27(1),START3,17.9374,1217.0148,0,#ff00ff
27(1),START3,17.9361,1216.9066,0,#ff00ff
27(1),START3,17.9342,1216.8009,0,#ff00ff
27(1),START3,17.9317,1216.6987,0,#ff00ff
27(1),START3,17.9287,1216.6008,0,#ff00ff
27(1),START3,17.9252,1216.5081,0,#ff00ff
27(1),START3,17.9211,1216.4216,0,#ff00ff
27(1),START3,17.9165,1216.3435,0,#ff00ff
27(1),START3,17.9117,1216.2758,0,#ff00ff
27(1),START3,17.9065,1216.2186,0,#ff00ff
27(1),START3,17.9012,1216.1718,0,#ff00ff
27(1),START3,17.8956,1216.1353,0,#ff00ff
27(1),START3,17.89,1216.1093,0,#ff00ff
27(1),START3,17.8842,1216.0937,0,#ff00ff
27(1),START3,17.8784,1216.0885,0,#ff00ff
27(1),START3,17.8726,1216.0937,0,#ff00ff
27(1),START3,17.8668,1216.1093,0,#ff00ff
27(1),START3,17.8611,1216.1353,0,#ff00ff
27(1),START3,17.8556,1216.1718,0,#ff00ff
27(1),START3,17.8502,1216.2186,0,#ff00ff
27(1),START3,17.8451,1216.2758,0,#ff00ff
27(1),START3,17.8402,1216.3435,0,#ff00ff
27(1),START3,17.8357,1216.4216,0,#ff00ff
27(1),START3,17.6804,1219.5302,0,#ff00ff
27(1),START3,17.6649,1219.8263,0,#ff00ff
27(1),START3,17.6621,1219.9129,0,#ff00ff
27(1),START3,17.6598,1220.0055,0,#ff00ff
27(1),START3,17.6578,1220.1034,0,#ff00ff
27(1),START3,17.6563,1220.2056,0,#ff00ff
27(1),START3,17.6551,1220.3113,0,#ff00ff
27(1),START3,17.6544,1220.4196,0,#ff00ff
27(1),START3,17.6541,1220.5296,0,#ff00ff
27(1),START3,17.6542,1220.6405,0,#ff00ff
27(1),START3,17.6548,1220.7514,0,#ff00ff
27(1),START3,17.6559,1220.8614,0,#ff00ff
27(1),START3,17.6574,1220.9697,0,#ff00ff
27(1),START3,17.6594,1221.0753,0,#ff00ff
27(1),START3,17.6619,1221.1775,0,#ff00ff
27(1),START3,17.665,1221.2754,0,#ff00ff
27(1),START3,17.6685,1221.3681,0,#ff00ff
27(1),START3,17.6726,1221.4547,0,#ff00ff
27(1),START3,17.6772,1221.5311,0,#ff00ff
27(1),START3,17.682,1221.594,0,#ff00ff
27(1),START3,17.6872,1221.644,0,#ff00ff
27(1),START3,17.6925,1221.6813,0,#ff00ff
27(1),START3,17.6981,1221.7065,0,#ff00ff
27(1),START3,17.7038,1221.7201,0,#ff00ff
27(1),START3,17.7095,1221.7223,0,#ff00ff
27(1),START3,17.7153,1221.7137,0,#ff00ff
27(1),START3,17.7212,1221.6947,0,#ff00ff
27(1),START3,17.7269,1221.6657,0,#ff00ff
27(1),START3,17.7326,1221.6272,0,#ff00ff
27(1),START3,17.7381,1221.5796,0,#ff00ff
27(1),START3,17.7435,1221.5232,0,#ff00ff
27(1),START3,17.7486,1221.4587,0,#ff00ff
27(1),START3,17.7535,1221.3864,0,#ff00ff
27(1),START3,17.758,1221.3066,0,#ff00ff
27(1),START3,18.0919,1214.9413,0,#ff00ff
27(1),START3,18.2239,1212.5727,0,#ff00ff
27(1),START3,18.2704,1211.8326,0,#ff00ff
27(1),START3,18.2745,1211.746,0,#ff00ff
27(1),START3,18.2781,1211.6534,0,#ff00ff
27(1),START3,18.2811,1211.5555,0,#ff00ff
27(1),START3,18.2837,1211.4533,0,#ff00ff
27(1),START3,18.2857,1211.3476,0,#ff00ff
27(1),START3,18.2872,1211.2393,0,#ff00ff
27(1),START3,18.2883,1211.1293,0,#ff00ff
27(1),START3,18.2889,1211.0184,0,#ff00ff
27(1),START3,18.289,1210.9075,0,#ff00ff
27(1),START3,18.2887,1210.7975,0,#ff00ff
27(1),START3,18.288,1210.6893,0,#ff00ff
27(1),START3,18.2868,1210.5836,0,#ff00ff
27(1),START3,18.2852,1210.4814,0,#ff00ff
27(1),START3,18.2833,1210.3835,0,#ff00ff
27(1),START3,18.2809,1210.2908,0,#ff00ff
27(1),START3,18.2782,1210.2042,0,#ff00ff
27(1),START3,18.2737,1210.1262,0,#ff00ff
27(1),START3,18.2688,1210.0582,0,#ff00ff
27(1),START3,18.2637,1210.0003,0,#ff00ff
27(1),START3,18.2583,1209.9521,0,#ff00ff
27(1),START3,18.2528,1209.9135,0,#ff00ff
27(1),START3,18.2471,1209.8842,0,#ff00ff
27(1),START3,18.2413,1209.864,0,#ff00ff
27(1),START3,18.2351,1209.83,0,#ff00ff
27(1),START3,18.2287,1209.7929,0,#ff00ff
27(1),START3,18.2225,1209.7722,0,#ff00ff
27(1),START3,18.2165,1209.7677,0,#ff00ff
27(1),START3,18.2108,1209.7815,0,#ff00ff
27(1),START3,18.2055,1209.8114,0,#ff00ff
27(1),START3,18.2004,1209.8499,0,#ff00ff
27(1),START3,18.1957,1209.9087,0,#ff00ff
27(1),START3,18.1916,1209.9829,0,#ff00ff
27(1),START3,18.1462,1210.7964,0,#ff00ff
27(1),START3,18.0065,1213.1648,0,#ff00ff
27(1),START3,18.0024,1213.2514,0,#ff00ff
27(1),START3,17.9988,1213.3441,0,#ff00ff
27(1),START3,17.9958,1213.442,0,#ff00ff
27(1),START3,17.9934,1213.5442,0,#ff00ff
27(1),START3,17.9915,1213.6499,0,#ff00ff
27(1),START3,17.9901,1213.7582,0,#ff00ff
27(1),START3,17.9893,1213.8682,0,#ff00ff
27(1),START3,17.989,1213.979,0,#ff00ff
27(1),START3,17.9893,1214.0899,0,#ff00ff
27(1),START3,17.9901,1214.1999,0,#ff00ff
27(1),START3,17.9915,1214.3082,0,#ff00ff
27(1),START3,17.9934,1214.4139,0,#ff00ff
27(1),START3,17.9958,1214.5161,0,#ff00ff
27(1),START3,17.9988,1214.6139,0,#ff00ff
27(1),START3,18.0024,1214.7066,0,#ff00ff
27(1),START3,18.0065,1214.7932,0,#ff00ff
27(1),START3,18.011,1214.8729,0,#ff00ff
27(1),START3,18.0159,1214.9453,0,#ff00ff
27(1),START3,18.021,1215.0098,0,#ff00ff
27(1),START3,18.0264,1215.0662,0,#ff00ff
27(1),START3,18.0319,1215.1138,0,#ff00ff
27(1),START3,18.0376,1215.1523,0,#ff00ff
27(1),START3,18.0434,1215.1813,0,#ff00ff
27(1),START3,18.0492,1215.2003,0,#ff00ff
27(1),START3,18.055,1215.2089,0,#ff00ff
27(1),START3,18.0608,1215.2067,0,#ff00ff
27(1),START3,18.0664,1215.1932,0,#ff00ff
27(1),START3,18.072,1215.168,0,#ff00ff
27(1),START3,18.0773,1215.1306,0,#ff00ff
27(1),START3,18.0825,1215.0806,0,#ff00ff
27(1),START3,18.0873,1215.0177,0,#ff00ff
27(1),START3,18.0919,1214.9413,0,#ff00ff
27(1),START3,18.449,1208.8719,0,#ff00ff
27(1),START3,18.5481,1207.2811,0,#ff00ff
27(1),START3,18.6335,1205.9489,0,#ff00ff
27(1),START3,18.6377,1205.8639,0,#ff00ff
27(1),START3,18.6415,1205.7757,0,#ff00ff
27(1),START3,18.6448,1205.6844,0,#ff00ff
27(1),START3,18.6478,1205.5903,0,#ff00ff
27(1),START3,18.6503,1205.4936,0,#ff00ff
27(1),START3,18.6523,1205.3946,0,#ff00ff
27(1),START3,18.6538,1205.2933,0,#ff00ff
27(1),START3,18.6548,1205.1902,0,#ff00ff
27(1),START3,18.6553,1205.0853,0,#ff00ff
27(1),START3,18.6552,1204.9788,0,#ff00ff
27(1),START3,18.6545,1204.8711,0,#ff00ff
27(1),START3,18.6531,1204.7623,0,#ff00ff
27(1),START3,18.6512,1204.6526,0,#ff00ff
27(1),START3,18.6485,1204.5423,0,#ff00ff
27(1),START3,18.6452,1204.4315,0,#ff00ff
27(1),START3,18.6412,1204.3205,0,#ff00ff
27(1),START3,18.6381,1204.2408,0,#ff00ff
27(1),START3,18.6344,1204.1684,0,#ff00ff
27(1),START3,18.6303,1204.1039,0,#ff00ff
27(1),START3,18.6258,1204.0476,0,#ff00ff
27(1),START3,18.621,1204.0,0,#ff00ff
27(1),START3,18.616,1203.9614,0,#ff00ff
27(1),START3,18.6107,1203.9324,0,#ff00ff
27(1),START3,18.6053,1203.9134,0,#ff00ff
27(1),START3,18.5998,1203.9048,0,#ff00ff
27(1),START3,18.5943,1203.9071,0,#ff00ff
27(1),START3,18.5888,1203.9206,0,#ff00ff
27(1),START3,18.5834,1203.9458,0,#ff00ff
27(1),START3,18.5781,1203.9832,0,#ff00ff
27(1),START3,18.573,1204.0331,0,#ff00ff
27(1),START3,18.5681,1204.0961,0,#ff00ff
27(1),START3,18.5636,1204.1725,0,#ff00ff
27(1),START3,18.4704,1205.5047,0,#ff00ff
27(1),START3,18.3695,1206.985,0,#ff00ff
27(1),START3,18.3654,1207.0716,0,#ff00ff
27(1),START3,18.3619,1207.1643,0,#ff00ff
27(1),START3,18.3588,1207.2622,0,#ff00ff
27(1),START3,18.3563,1207.3644,0,#ff00ff
27(1),START3,18.3543,1207.4701,0,#ff00ff
27(1),START3,18.3527,1207.5784,0,#ff00ff
27(1),START3,18.3517,1207.6884,0,#ff00ff
27(1),START3,18.3511,1207.7993,0,#ff00ff
27(1),START3,18.3509,1207.9101,0,#ff00ff
27(1),START3,18.3512,1208.0201,0,#ff00ff
27(1),START3,18.352,1208.1284,0,#ff00ff
27(1),START3,18.3531,1208.2341,0,#ff00ff
27(1),START3,18.3547,1208.3363,0,#ff00ff
27(1),START3,18.3567,1208.4342,0,#ff00ff
27(1),START3,18.359,1208.5268,0,#ff00ff
27(1),START3,18.3618,1208.6134,0,#ff00ff
27(1),START3,18.3663,1208.6931,0,#ff00ff
27(1),START3,18.3712,1208.7655,0,#ff00ff
27(1),START3,18.3771,1208.8762,0,#ff00ff
27(1),START3,18.3835,1208.9968,0,#ff00ff
27(1),START3,18.389,1209.0445,0,#ff00ff
27(1),START3,18.3947,1209.083,0,#ff00ff
27(1),START3,18.4005,1209.112,0,#ff00ff
27(1),START3,18.4063,1209.131,0,#ff00ff
27(1),START3,18.4121,1209.1396,0,#ff00ff
27(1),START3,18.4179,1209.1373,0,#ff00ff
27(1),START3,18.4236,1209.1238,0,#ff00ff
27(1),START3,18.4291,1209.0986,0,#ff00ff
27(1),START3,18.4345,1209.0612,0,#ff00ff
27(1),START3,18.4396,1209.0113,0,#ff00ff
27(1),START3,18.4445,1208.9483,0,#ff00ff
27(1),START3,18.449,1208.8719,0,#ff00ff
27(1),START3,18.8276,1203.1362,0,#ff00ff
27(1),START3,18.8741,1202.5441,0,#ff00ff
27(1),START3,19.0217,1200.4717,0,#ff00ff
27(1),START3,19.0258,1200.4112,0,#ff00ff
27(1),START3,19.0296,1200.3413,0,#ff00ff
27(1),START3,19.033,1200.2632,0,#ff00ff
27(1),START3,19.036,1200.1779,0,#ff00ff
27(1),START3,19.0385,1200.0866,0,#ff00ff
27(1),START3,19.0405,1199.9903,0,#ff00ff
27(1),START3,19.042,1199.8901,0,#ff00ff
27(1),START3,19.043,1199.787,0,#ff00ff
27(1),START3,19.0435,1199.6823,0,#ff00ff
27(1),START3,19.0433,1199.5768,0,#ff00ff
27(1),START3,19.0426,1199.4718,0,#ff00ff
27(1),START3,19.0413,1199.3684,0,#ff00ff
27(1),START3,19.0393,1199.2675,0,#ff00ff
27(1),START3,19.0367,1199.1703,0,#ff00ff
27(1),START3,19.0334,1199.0779,0,#ff00ff
27(1),START3,19.0294,1198.9914,0,#ff00ff
27(1),START3,19.0262,1198.8856,0,#ff00ff
27(1),START3,19.0226,1198.7904,0,#ff00ff
27(1),START3,19.0185,1198.7061,0,#ff00ff
27(1),START3,19.014,1198.6328,0,#ff00ff
27(1),START3,19.0092,1198.5709,0,#ff00ff
27(1),START3,19.0042,1198.5204,0,#ff00ff
27(1),START3,18.9989,1198.4816,0,#ff00ff
27(1),START3,18.9935,1198.4547,0,#ff00ff
27(1),START3,18.988,1198.44,0,#ff00ff
27(1),START3,18.9825,1198.4377,0,#ff00ff
27(1),START3,18.977,1198.4479,0,#ff00ff
27(1),START3,18.9716,1198.4709,0,#ff00ff
27(1),START3,18.9663,1198.507,0,#ff00ff
27(1),START3,18.9612,1198.5562,0,#ff00ff
27(1),START3,18.9563,1198.6189,0,#ff00ff
27(1),START3,18.9518,1198.6953,0,#ff00ff
27(1),START3,18.8043,1200.6197,0,#ff00ff
27(1),START3,18.7499,1201.3598,0,#ff00ff
27(1),START3,18.7458,1201.4448,0,#ff00ff
27(1),START3,18.742,1201.533,0,#ff00ff
27(1),START3,18.7386,1201.6243,0,#ff00ff
27(1),START3,18.7356,1201.7184,0,#ff00ff
27(1),START3,18.7331,1201.815,0,#ff00ff
27(1),START3,18.7311,1201.9141,0,#ff00ff
27(1),START3,18.7296,1202.0153,0,#ff00ff
27(1),START3,18.7286,1202.1185,0,#ff00ff
27(1),START3,18.7281,1202.2234,0,#ff00ff
27(1),START3,18.7282,1202.3299,0,#ff00ff
27(1),START3,18.729,1202.4376,0,#ff00ff
27(1),START3,18.7303,1202.5464,0,#ff00ff
27(1),START3,18.7322,1202.6561,0,#ff00ff
27(1),START3,18.7349,1202.7664,0,#ff00ff
27(1),START3,18.7382,1202.8772,0,#ff00ff
27(1),START3,18.7422,1202.9882,0,#ff00ff
27(1),START3,18.7453,1203.0679,0,#ff00ff
27(1),START3,18.749,1203.1403,0,#ff00ff
27(1),START3,18.7532,1203.2048,0,#ff00ff
27(1),START3,18.7577,1203.2611,0,#ff00ff
27(1),START3,18.7626,1203.3088,0,#ff00ff
27(1),START3,18.7678,1203.3473,0,#ff00ff
27(1),START3,18.7733,1203.3763,0,#ff00ff
27(1),START3,18.779,1203.3953,0,#ff00ff
27(1),START3,18.785,1203.4039,0,#ff00ff
27(1),START3,18.791,1203.4016,0,#ff00ff
27(1),START3,18.7971,1203.3881,0,#ff00ff
27(1),START3,18.8033,1203.3629,0,#ff00ff
27(1),START3,18.8095,1203.3255,0,#ff00ff
27(1),START3,18.8156,1203.2756,0,#ff00ff
27(1),START3,18.8217,1203.2126,0,#ff00ff
27(1),START3,18.8276,1203.1362,0,#ff00ff
27(1),START3,19.2157,1197.9551,0,#ff00ff
27(1),START3,19.371,1196.0307,0,#ff00ff
27(1),START3,19.4176,1195.4386,0,#ff00ff
27(1),START3,19.4219,1195.3781,0,#ff00ff
27(1),START3,19.4259,1195.3082,0,#ff00ff
27(1),START3,19.4297,1195.2301,0,#ff00ff
27(1),START3,19.4331,1195.1448,0,#ff00ff
27(1),START3,19.4362,1195.0535,0,#ff00ff
27(1),START3,19.4389,1194.9572,0,#ff00ff
27(1),START3,19.4411,1194.857,0,#ff00ff
27(1),START3,19.4428,1194.7539,0,#ff00ff
27(1),START3,19.444,1194.6492,0,#ff00ff
27(1),START3,19.4446,1194.5437,0,#ff00ff
27(1),START3,19.4445,1194.4387,0,#ff00ff
27(1),START3,19.4438,1194.3353,0,#ff00ff
27(1),START3,19.4423,1194.2344,0,#ff00ff
27(1),START3,19.4401,1194.1372,0,#ff00ff
27(1),START3,19.437,1194.0448,0,#ff00ff
27(1),START3,19.4331,1193.9583,0,#ff00ff
27(1),START3,19.43,1193.8524,0,#ff00ff
27(1),START3,19.4263,1193.757,0,#ff00ff
27(1),START3,19.4222,1193.672,0,#ff00ff
27(1),START3,19.4177,1193.5974,0,#ff00ff
27(1),START3,19.4129,1193.5333,0,#ff00ff
27(1),START3,19.4079,1193.4795,0,#ff00ff
27(1),START3,19.4026,1193.4361,0,#ff00ff
27(1),START3,19.3972,1193.4032,0,#ff00ff
27(1),START3,19.3917,1193.3806,0,#ff00ff
27(1),START3,19.3862,1193.3685,0,#ff00ff
27(1),START3,19.3807,1193.3667,0,#ff00ff
27(1),START3,19.3753,1193.3754,0,#ff00ff
27(1),START3,19.37,1193.3945,0,#ff00ff
27(1),START3,19.3649,1193.424,0,#ff00ff
27(1),START3,19.36,1193.4639,0,#ff00ff
27(1),START3,19.3555,1193.5142,0,#ff00ff
27(1),START3,19.3011,1194.1063,0,#ff00ff
27(1),START3,19.1459,1196.0307,0,#ff00ff
27(1),START3,19.1417,1196.1157,0,#ff00ff
27(1),START3,19.1379,1196.2039,0,#ff00ff
27(1),START3,19.1345,1196.2952,0,#ff00ff
27(1),START3,19.1314,1196.3892,0,#ff00ff
27(1),START3,19.1288,1196.4859,0,#ff00ff
27(1),START3,19.1266,1196.585,0,#ff00ff
27(1),START3,19.1249,1196.6862,0,#ff00ff
27(1),START3,19.1236,1196.7894,0,#ff00ff
27(1),START3,19.1227,1196.8943,0,#ff00ff
27(1),START3,19.1223,1197.0007,0,#ff00ff
27(1),START3,19.1224,1197.1085,0,#ff00ff
27(1),START3,19.1229,1197.2173,0,#ff00ff
27(1),START3,19.124,1197.327,0,#ff00ff
27(1),START3,19.1256,1197.4373,0,#ff00ff
27(1),START3,19.1277,1197.5481,0,#ff00ff
27(1),START3,19.1303,1197.659,0,#ff00ff
27(1),START3,19.1348,1197.7648,0,#ff00ff
27(1),START3,19.1394,1197.86,0,#ff00ff
27(1),START3,19.1442,1197.9443,0,#ff00ff
27(1),START3,19.1492,1198.0176,0,#ff00ff
27(1),START3,19.1542,1198.0795,0,#ff00ff
27(1),START3,19.1594,1198.13,0,#ff00ff
27(1),START3,19.1647,1198.1688,0,#ff00ff
27(1),START3,19.1701,1198.1957,0,#ff00ff
27(1),START3,19.1756,1198.2104,0,#ff00ff
27(1),START3,19.1812,1198.2127,0,#ff00ff
27(1),START3,19.1869,1198.2025,0,#ff00ff
27(1),START3,19.1926,1198.1795,0,#ff00ff
27(1),START3,19.1983,1198.1434,0,#ff00ff
27(1),START3,19.2041,1198.0942,0,#ff00ff
27(1),START3,19.2099,1198.0315,0,#ff00ff
27(1),START3,19.2157,1197.9551,0,#ff00ff
27(1),START3,19.6195,1193.0701,0,#ff00ff
27(1),START3,19.6893,1192.3299,0,#ff00ff
27(1),START3,19.8213,1190.8496,0,#ff00ff
27(1),START3,19.8269,1190.7646,0,#ff00ff
27(1),START3,19.8319,1190.6764,0,#ff00ff
27(1),START3,19.8363,1190.5851,0,#ff00ff
27(1),START3,19.8402,1190.4911,0,#ff00ff
27(1),START3,19.8436,1190.3944,0,#ff00ff
27(1),START3,19.8464,1190.2953,0,#ff00ff
27(1),START3,19.8487,1190.1941,0,#ff00ff
27(1),START3,19.8504,1190.0909,0,#ff00ff
27(1),START3,19.8516,1189.986,0,#ff00ff
27(1),START3,19.8522,1189.8796,0,#ff00ff
27(1),START3,19.8523,1189.7719,0,#ff00ff
27(1),START3,19.8519,1189.663,0,#ff00ff
27(1),START3,19.8509,1189.5534,0,#ff00ff
27(1),START3,19.8493,1189.443,0,#ff00ff
27(1),START3,19.8472,1189.3323,0,#ff00ff
27(1),START3,19.8446,1189.2213,0,#ff00ff
27(1),START3,19.8414,1189.1155,0,#ff00ff
27(1),START3,19.8378,1189.02,0,#ff00ff
27(1),START3,19.8337,1188.935,0,#ff00ff
27(1),START3,19.8292,1188.8604,0,#ff00ff
27(1),START3,19.8244,1188.7962,0,#ff00ff
27(1),START3,19.8194,1188.7425,0,#ff00ff
27(1),START3,19.8141,1188.6991,0,#ff00ff
27(1),START3,19.8087,1188.6661,0,#ff00ff
27(1),START3,19.8032,1188.6436,0,#ff00ff
27(1),START3,19.7977,1188.6314,0,#ff00ff
27(1),START3,19.7922,1188.6297,0,#ff00ff
27(1),START3,19.7867,1188.6384,0,#ff00ff
27(1),START3,19.7814,1188.6574,0,#ff00ff
27(1),START3,19.7763,1188.6869,0,#ff00ff
27(1),START3,19.7715,1188.7268,0,#ff00ff
27(1),START3,19.767,1188.7771,0,#ff00ff
27(1),START3,19.6272,1190.2575,0,#ff00ff
27(1),START3,19.5573,1191.1457,0,#ff00ff
27(1),START3,19.5518,1191.2063,0,#ff00ff
27(1),START3,19.5468,1191.2764,0,#ff00ff
27(1),START3,19.5423,1191.3552,0,#ff00ff
27(1),START3,19.5384,1191.4417,0,#ff00ff
27(1),START3,19.5351,1191.5353,0,#ff00ff
27(1),START3,19.5322,1191.6349,0,#ff00ff
27(1),START3,19.53,1191.7397,0,#ff00ff
27(1),START3,19.5282,1191.8488,0,#ff00ff
27(1),START3,19.5271,1191.9614,0,#ff00ff
27(1),START3,19.5264,1192.0767,0,#ff00ff
27(1),START3,19.5263,1192.1936,0,#ff00ff
27(1),START3,19.5268,1192.3114,0,#ff00ff
27(1),START3,19.5278,1192.4292,0,#ff00ff
27(1),START3,19.5293,1192.5462,0,#ff00ff
27(1),START3,19.5314,1192.6614,0,#ff00ff
27(1),START3,19.5341,1192.774,0,#ff00ff
27(1),START3,19.5385,1192.8538,0,#ff00ff
27(1),START3,19.5431,1192.9264,0,#ff00ff
27(1),START3,19.5479,1192.9916,0,#ff00ff
27(1),START3,19.5529,1193.0493,0,#ff00ff
27(1),START3,19.5579,1193.0991,0,#ff00ff
27(1),START3,19.5631,1193.1409,0,#ff00ff
27(1),START3,19.5684,1193.1745,0,#ff00ff
27(1),START3,19.5738,1193.1996,0,#ff00ff
27(1),START3,19.5793,1193.2161,0,#ff00ff
27(1),START3,19.5849,1193.2236,0,#ff00ff
27(1),START3,19.5906,1193.2221,0,#ff00ff
27(1),START3,19.5963,1193.2112,0,#ff00ff
27(1),START3,19.602,1193.1908,0,#ff00ff
27(1),START3,19.6078,1193.1606,0,#ff00ff
27(1),START3,19.6136,1193.1204,0,#ff00ff
27(1),START3,19.6195,1193.0701,0,#ff00ff
27(1),START3,20.0309,1188.6291,0,#ff00ff
27(1),START3,20.1551,1187.4449,0,#ff00ff
27(1),START3,20.2483,1186.7047,0,#ff00ff
27(1),START3,20.2539,1186.6458,0,#ff00ff
27(1),START3,20.2589,1186.5804,0,#ff00ff
27(1),START3,20.2634,1186.5089,0,#ff00ff
27(1),START3,20.2674,1186.4318,0,#ff00ff
27(1),START3,20.2708,1186.3494,0,#ff00ff
27(1),START3,20.2738,1186.2624,0,#ff00ff
27(1),START3,20.2763,1186.1709,0,#ff00ff
27(1),START3,20.2784,1186.0756,0,#ff00ff
27(1),START3,20.28,1185.9768,0,#ff00ff
27(1),START3,20.2811,1185.8749,0,#ff00ff
27(1),START3,20.2819,1185.7705,0,#ff00ff
27(1),START3,20.2822,1185.6639,0,#ff00ff
27(1),START3,20.282,1185.5555,0,#ff00ff
27(1),START3,20.2815,1185.4459,0,#ff00ff
27(1),START3,20.2806,1185.3354,0,#ff00ff
27(1),START3,20.2794,1185.2244,0,#ff00ff
27(1),START3,20.2762,1185.1169,0,#ff00ff
27(1),START3,20.2725,1185.0168,0,#ff00ff
27(1),START3,20.2684,1184.9245,0,#ff00ff
27(1),START3,20.264,1184.8405,0,#ff00ff
27(1),START3,20.2592,1184.7651,0,#ff00ff
27(1),START3,20.2541,1184.6988,0,#ff00ff
27(1),START3,20.2489,1184.642,0,#ff00ff
27(1),START3,20.2435,1184.5953,0,#ff00ff
27(1),START3,20.238,1184.5589,0,#ff00ff
27(1),START3,20.2324,1184.5334,0,#ff00ff
27(1),START3,20.2269,1184.5191,0,#ff00ff
27(1),START3,20.2215,1184.5166,0,#ff00ff
27(1),START3,20.2162,1184.5262,0,#ff00ff
27(1),START3,20.2111,1184.5484,0,#ff00ff
27(1),START3,20.2063,1184.5836,0,#ff00ff
27(1),START3,20.2017,1184.6323,0,#ff00ff
27(1),START3,20.1086,1185.3725,0,#ff00ff
27(1),START3,19.9766,1186.5567,0,#ff00ff
27(1),START3,19.971,1186.6172,0,#ff00ff
27(1),START3,19.966,1186.6871,0,#ff00ff
27(1),START3,19.9616,1186.7652,0,#ff00ff
27(1),START3,19.9577,1186.8504,0,#ff00ff
27(1),START3,19.9543,1186.9417,0,#ff00ff
27(1),START3,19.9515,1187.0381,0,#ff00ff
27(1),START3,19.9492,1187.1383,0,#ff00ff
27(1),START3,19.9475,1187.2413,0,#ff00ff
27(1),START3,19.9463,1187.3461,0,#ff00ff
27(1),START3,19.9456,1187.4515,0,#ff00ff
27(1),START3,19.9456,1187.5565,0,#ff00ff
27(1),START3,19.946,1187.66,0,#ff00ff
27(1),START3,19.947,1187.7609,0,#ff00ff
27(1),START3,19.9486,1187.858,0,#ff00ff
27(1),START3,19.9507,1187.9504,0,#ff00ff
27(1),START3,19.9533,1188.037,0,#ff00ff
27(1),START3,19.9564,1188.1445,0,#ff00ff
27(1),START3,19.9598,1188.2446,0,#ff00ff
27(1),START3,19.9636,1188.3369,0,#ff00ff
27(1),START3,19.9676,1188.421,0,#ff00ff
27(1),START3,19.9719,1188.4963,0,#ff00ff
27(1),START3,19.9765,1188.5626,0,#ff00ff
27(1),START3,19.9813,1188.6194,0,#ff00ff
27(1),START3,19.9863,1188.6661,0,#ff00ff
27(1),START3,19.9915,1188.7025,0,#ff00ff
27(1),START3,19.9968,1188.728,0,#ff00ff
27(1),START3,20.0023,1188.7423,0,#ff00ff
27(1),START3,20.0079,1188.7448,0,#ff00ff
27(1),START3,20.0136,1188.7352,0,#ff00ff
27(1),START3,20.0193,1188.713,0,#ff00ff
27(1),START3,20.0251,1188.6778,0,#ff00ff
27(1),START3,20.0309,1188.6291,0,#ff00ff
27(1),START3,20.4657,1184.9283,0,#ff00ff
27(1),START3,20.621,1183.8921,0,#ff00ff
27(1),START3,20.6908,1183.448,0,#ff00ff
27(1),START3,20.6965,1183.4135,0,#ff00ff
27(1),START3,20.7017,1183.3662,0,#ff00ff
27(1),START3,20.7066,1183.3071,0,#ff00ff
27(1),START3,20.7111,1183.2375,0,#ff00ff
27(1),START3,20.7152,1183.1583,0,#ff00ff
27(1),START3,20.7188,1183.0707,0,#ff00ff
27(1),START3,20.722,1182.9757,0,#ff00ff
27(1),START3,20.7248,1182.8744,0,#ff00ff
27(1),START3,20.7271,1182.7679,0,#ff00ff
27(1),START3,20.729,1182.6573,0,#ff00ff
27(1),START3,20.7303,1182.5436,0,#ff00ff
27(1),START3,20.7312,1182.428,0,#ff00ff
27(1),START3,20.7316,1182.3115,0,#ff00ff
27(1),START3,20.7315,1182.1953,0,#ff00ff
27(1),START3,20.7308,1182.0803,0,#ff00ff
27(1),START3,20.7296,1181.9677,0,#ff00ff
27(1),START3,20.7266,1181.8602,0,#ff00ff
27(1),START3,20.7231,1181.7598,0,#ff00ff
27(1),START3,20.7194,1181.6668,0,#ff00ff
27(1),START3,20.7153,1181.5814,0,#ff00ff
27(1),START3,20.711,1181.5038,0,#ff00ff
27(1),START3,20.7065,1181.4343,0,#ff00ff
27(1),START3,20.7017,1181.3729,0,#ff00ff
27(1),START3,20.6967,1181.32,0,#ff00ff
27(1),START3,20.6915,1181.2758,0,#ff00ff
27(1),START3,20.6861,1181.2405,0,#ff00ff
27(1),START3,20.6807,1181.2143,0,#ff00ff
27(1),START3,20.6751,1181.1975,0,#ff00ff
27(1),START3,20.6694,1181.1901,0,#ff00ff
27(1),START3,20.6636,1181.1925,0,#ff00ff
27(1),START3,20.6578,1181.2049,0,#ff00ff
27(1),START3,20.652,1181.2275,0,#ff00ff
27(1),START3,20.5821,1181.6717,0,#ff00ff
27(1),START3,20.4191,1182.8559,0,#ff00ff
27(1),START3,20.4135,1182.8904,0,#ff00ff
27(1),START3,20.4082,1182.9377,0,#ff00ff
27(1),START3,20.4034,1182.9967,0,#ff00ff
27(1),START3,20.399,1183.0664,0,#ff00ff
27(1),START3,20.395,1183.1455,0,#ff00ff
27(1),START3,20.3915,1183.2332,0,#ff00ff
27(1),START3,20.3886,1183.3282,0,#ff00ff
27(1),START3,20.3861,1183.4295,0,#ff00ff
27(1),START3,20.3842,1183.536,0,#ff00ff
27(1),START3,20.3829,1183.6467,0,#ff00ff
27(1),START3,20.3821,1183.7603,0,#ff00ff
27(1),START3,20.382,1183.8759,0,#ff00ff
27(1),START3,20.3825,1183.9924,0,#ff00ff
27(1),START3,20.3837,1184.1087,0,#ff00ff
27(1),START3,20.3855,1184.2236,0,#ff00ff
27(1),START3,20.3881,1184.3362,0,#ff00ff
27(1),START3,20.3911,1184.4437,0,#ff00ff
27(1),START3,20.3946,1184.5438,0,#ff00ff
27(1),START3,20.3983,1184.6361,0,#ff00ff
27(1),START3,20.4024,1184.7202,0,#ff00ff
27(1),START3,20.4067,1184.7956,0,#ff00ff
27(1),START3,20.4113,1184.8618,0,#ff00ff
27(1),START3,20.416,1184.9186,0,#ff00ff
27(1),START3,20.421,1184.9653,0,#ff00ff
27(1),START3,20.4262,1185.0017,0,#ff00ff
27(1),START3,20.4316,1185.0272,0,#ff00ff
27(1),START3,20.437,1185.0415,0,#ff00ff
27(1),START3,20.4426,1185.044,0,#ff00ff
27(1),START3,20.4483,1185.0344,0,#ff00ff
27(1),START3,20.4541,1185.0122,0,#ff00ff
27(1),START3,20.4599,1184.977,0,#ff00ff
27(1),START3,20.4657,1184.9283,0,#ff00ff
27(1),START3,20.916,1182.1157,0,#ff00ff
27(1),START3,20.9315,1182.1157,0,#ff00ff
27(1),START3,21.0868,1181.2275,0,#ff00ff
27(1),START3,21.1489,1180.9315,0,#ff00ff
27(1),START3,21.1545,1180.8986,0,#ff00ff
27(1),START3,21.1598,1180.856,0,#ff00ff
27(1),START3,21.1647,1180.8043,0,#ff00ff
27(1),START3,21.1691,1180.7441,0,#ff00ff
27(1),START3,21.1732,1180.6761,0,#ff00ff
27(1),START3,21.1769,1180.601,0,#ff00ff
27(1),START3,21.1801,1180.5194,0,#ff00ff
27(1),START3,21.1829,1180.4319,0,#ff00ff
27(1),START3,21.1852,1180.3392,0,#ff00ff
27(1),START3,21.187,1180.2419,0,#ff00ff
27(1),START3,21.1884,1180.1408,0,#ff00ff
27(1),START3,21.1893,1180.0363,0,#ff00ff
27(1),START3,21.1897,1179.9293,0,#ff00ff
27(1),START3,21.1895,1179.8204,0,#ff00ff
27(1),START3,21.1889,1179.7101,0,#ff00ff
27(1),START3,21.1877,1179.5992,0,#ff00ff
27(1),START3,21.186,1179.49,0,#ff00ff
27(1),START3,21.1837,1179.3849,0,#ff00ff
27(1),START3,21.181,1179.2846,0,#ff00ff
27(1),START3,21.1779,1179.1898,0,#ff00ff
27(1),START3,21.1743,1179.101,0,#ff00ff
27(1),START3,21.1704,1179.0189,0,#ff00ff
27(1),START3,21.1661,1178.9442,0,#ff00ff
27(1),START3,21.1615,1178.8775,0,#ff00ff
27(1),START3,21.1566,1178.8195,0,#ff00ff
27(1),START3,21.1515,1178.7709,0,#ff00ff
27(1),START3,21.1462,1178.7321,0,#ff00ff
27(1),START3,21.1408,1178.7041,0,#ff00ff
27(1),START3,21.1351,1178.6873,0,#ff00ff
27(1),START3,21.1294,1178.6824,0,#ff00ff
27(1),START3,21.1236,1178.6901,0,#ff00ff
27(1),START3,21.1178,1178.711,0,#ff00ff
27(1),START3,21.0557,1179.0071,0,#ff00ff
27(1),START3,20.8927,1179.8953,0,#ff00ff
27(1),START3,20.8849,1179.8953,0,#ff00ff
27(1),START3,20.8792,1179.9298,0,#ff00ff
27(1),START3,20.8737,1179.9771,0,#ff00ff
27(1),START3,20.8685,1180.0361,0,#ff00ff
27(1),START3,20.8636,1180.1058,0,#ff00ff
27(1),START3,20.859,1180.1849,0,#ff00ff
27(1),START3,20.8549,1180.2726,0,#ff00ff
27(1),START3,20.8512,1180.3676,0,#ff00ff
27(1),START3,20.848,1180.4689,0,#ff00ff
27(1),START3,20.8454,1180.5754,0,#ff00ff
27(1),START3,20.8434,1180.686,0,#ff00ff
27(1),START3,20.842,1180.7997,0,#ff00ff
27(1),START3,20.8413,1180.9153,0,#ff00ff
27(1),START3,20.8413,1181.0318,0,#ff00ff
27(1),START3,20.842,1181.148,0,#ff00ff
27(1),START3,20.8436,1181.263,0,#ff00ff
27(1),START3,20.8461,1181.3755,0,#ff00ff
27(1),START3,20.8478,1181.4831,0,#ff00ff
27(1),START3,20.8501,1181.5834,0,#ff00ff
27(1),START3,20.8528,1181.6764,0,#ff00ff
27(1),START3,20.8559,1181.7618,0,#ff00ff
27(1),START3,20.8595,1181.8394,0,#ff00ff
27(1),START3,20.8634,1181.909,0,#ff00ff
27(1),START3,20.8677,1181.9703,0,#ff00ff
27(1),START3,20.8723,1182.0232,0,#ff00ff
27(1),START3,20.8772,1182.0674,0,#ff00ff
27(1),START3,20.8823,1182.1027,0,#ff00ff
27(1),START3,20.8876,1182.1289,0,#ff00ff
27(1),START3,20.8931,1182.1458,0,#ff00ff
27(1),START3,20.8987,1182.1532,0,#ff00ff
27(1),START3,20.9044,1182.1507,0,#ff00ff
27(1),START3,20.9102,1182.1383,0,#ff00ff
27(1),START3,20.916,1182.1157,0,#ff00ff
27(1),START3,21.3818,1179.8953,0,#ff00ff
27(1),START3,21.3973,1179.7472,0,#ff00ff
27(1),START3,21.6147,1178.859,0,#ff00ff
27(1),START3,21.6204,1178.8262,0,#ff00ff
27(1),START3,21.6259,1178.7836,0,#ff00ff
27(1),START3,21.6312,1178.7319,0,#ff00ff
27(1),START3,21.6362,1178.6717,0,#ff00ff
27(1),START3,21.6408,1178.6037,0,#ff00ff
27(1),START3,21.6451,1178.5286,0,#ff00ff
27(1),START3,21.6491,1178.4469,0,#ff00ff
27(1),START3,21.6525,1178.3594,0,#ff00ff
27(1),START3,21.6556,1178.2667,0,#ff00ff
27(1),START3,21.6581,1178.1695,0,#ff00ff
27(1),START3,21.6602,1178.0683,0,#ff00ff
27(1),START3,21.6616,1177.9639,0,#ff00ff
27(1),START3,21.6625,1177.8569,0,#ff00ff
27(1),START3,21.6628,1177.7479,0,#ff00ff
27(1),START3,21.6624,1177.6376,0,#ff00ff
27(1),START3,21.6613,1177.5267,0,#ff00ff
27(1),START3,21.6596,1177.3932,0,#ff00ff
27(1),START3,21.6573,1177.27,0,#ff00ff
27(1),START3,21.6546,1177.1572,0,#ff00ff
27(1),START3,21.6513,1177.0549,0,#ff00ff
27(1),START3,21.6477,1176.963,0,#ff00ff
27(1),START3,21.6435,1176.8814,0,#ff00ff
27(1),START3,21.639,1176.8103,0,#ff00ff
27(1),START3,21.6341,1176.7496,0,#ff00ff
27(1),START3,21.6288,1176.6993,0,#ff00ff
27(1),START3,21.6232,1176.6594,0,#ff00ff
27(1),START3,21.6173,1176.6299,0,#ff00ff
27(1),START3,21.6111,1176.6108,0,#ff00ff
27(1),START3,21.6046,1176.6021,0,#ff00ff
27(1),START3,21.5978,1176.6039,0,#ff00ff
27(1),START3,21.5908,1176.616,0,#ff00ff
27(1),START3,21.5836,1176.6386,0,#ff00ff
27(1),START3,21.3663,1177.5267,0,#ff00ff
27(1),START3,21.3507,1177.6748,0,#ff00ff
27(1),START3,21.345,1177.7076,0,#ff00ff
27(1),START3,21.3395,1177.7502,0,#ff00ff
27(1),START3,21.3342,1177.802,0,#ff00ff
27(1),START3,21.3293,1177.8621,0,#ff00ff
27(1),START3,21.3246,1177.9301,0,#ff00ff
27(1),START3,21.3203,1178.0053,0,#ff00ff
27(1),START3,21.3164,1178.0869,0,#ff00ff
27(1),START3,21.3129,1178.1744,0,#ff00ff
27(1),START3,21.3098,1178.2671,0,#ff00ff
27(1),START3,21.3073,1178.3644,0,#ff00ff
27(1),START3,21.3053,1178.4655,0,#ff00ff
27(1),START3,21.3038,1178.5699,0,#ff00ff
27(1),START3,21.3029,1178.6769,0,#ff00ff
27(1),START3,21.3027,1178.7859,0,#ff00ff
27(1),START3,21.3031,1178.8961,0,#ff00ff
27(1),START3,21.3042,1179.0071,0,#ff00ff
27(1),START3,21.306,1179.1162,0,#ff00ff
27(1),START3,21.3084,1179.2213,0,#ff00ff
27(1),START3,21.3115,1179.3216,0,#ff00ff
27(1),START3,21.3152,1179.4165,0,#ff00ff
27(1),START3,21.3193,1179.5053,0,#ff00ff
27(1),START3,21.3239,1179.5873,0,#ff00ff
27(1),START3,21.3289,1179.662,0,#ff00ff
27(1),START3,21.3342,1179.7287,0,#ff00ff
27(1),START3,21.3398,1179.7867,0,#ff00ff
27(1),START3,21.3456,1179.8354,0,#ff00ff
27(1),START3,21.3516,1179.8741,0,#ff00ff
27(1),START3,21.3577,1179.9022,0,#ff00ff
27(1),START3,21.3638,1179.919,0,#ff00ff
27(1),START3,21.3699,1179.9239,0,#ff00ff
27(1),START3,21.3759,1179.9162,0,#ff00ff
27(1),START3,21.3818,1179.8953,0,#ff00ff
27(1),START3,21.8476,1177.8229,0,#ff00ff
27(1),START3,22.0184,1177.0826,0,#ff00ff
27(1),START3,22.0805,1176.7866,0,#ff00ff
27(1),START3,22.0862,1176.7537,0,#ff00ff
27(1),START3,22.0918,1176.7111,0,#ff00ff
27(1),START3,22.097,1176.6594,0,#ff00ff
27(1),START3,22.102,1176.5992,0,#ff00ff
27(1),START3,22.1066,1176.5313,0,#ff00ff
27(1),START3,22.1109,1176.4561,0,#ff00ff
27(1),START3,22.1149,1176.3745,0,#ff00ff
27(1),START3,22.1184,1176.287,0,#ff00ff
27(1),START3,22.1214,1176.1943,0,#ff00ff
27(1),START3,22.124,1176.097,0,#ff00ff
27(1),START3,22.126,1175.9959,0,#ff00ff
27(1),START3,22.1275,1175.8914,0,#ff00ff
27(1),START3,22.1283,1175.7844,0,#ff00ff
27(1),START3,22.1286,1175.6755,0,#ff00ff
27(1),START3,22.1282,1175.5652,0,#ff00ff
27(1),START3,22.1271,1175.4543,0,#ff00ff
27(1),START3,22.1254,1175.3451,0,#ff00ff
27(1),START3,22.1231,1175.2401,0,#ff00ff
27(1),START3,22.1204,1175.1398,0,#ff00ff
27(1),START3,22.1173,1175.0449,0,#ff00ff
27(1),START3,22.1137,1174.9561,0,#ff00ff
27(1),START3,22.1098,1174.874,0,#ff00ff
27(1),START3,22.1055,1174.7993,0,#ff00ff
27(1),START3,22.1009,1174.7327,0,#ff00ff
27(1),START3,22.096,1174.6747,0,#ff00ff
27(1),START3,22.0909,1174.626,0,#ff00ff
27(1),START3,22.0856,1174.5873,0,#ff00ff
27(1),START3,22.0802,1174.5592,0,#ff00ff
27(1),START3,22.0745,1174.5424,0,#ff00ff
27(1),START3,22.0688,1174.5375,0,#ff00ff
27(1),START3,22.063,1174.5452,0,#ff00ff
27(1),START3,22.0572,1174.5661,0,#ff00ff
27(1),START3,21.9951,1174.8622,0,#ff00ff
27(1),START3,21.8243,1175.6023,0,#ff00ff
27(1),START3,21.8173,1175.6352,0,#ff00ff
27(1),START3,21.8109,1175.6778,0,#ff00ff
27(1),START3,21.8049,1175.7295,0,#ff00ff
27(1),START3,21.7996,1175.7897,0,#ff00ff
27(1),START3,21.7947,1175.8577,0,#ff00ff
27(1),START3,21.7905,1175.9328,0,#ff00ff
27(1),START3,21.7867,1176.0144,0,#ff00ff
27(1),START3,21.7836,1176.1019,0,#ff00ff
27(1),START3,21.7809,1176.1946,0,#ff00ff
27(1),START3,21.7788,1176.2919,0,#ff00ff
27(1),START3,21.7773,1176.3931,0,#ff00ff
27(1),START3,21.7763,1176.4975,0,#ff00ff
27(1),START3,21.7758,1176.6045,0,#ff00ff
27(1),START3,21.7759,1176.7134,0,#ff00ff
27(1),START3,21.7766,1176.8237,0,#ff00ff
27(1),START3,21.7777,1176.9346,0,#ff00ff
27(1),START3,21.7795,1177.0438,0,#ff00ff
27(1),START3,21.7817,1177.1489,0,#ff00ff
27(1),START3,21.7844,1177.2491,0,#ff00ff
27(1),START3,21.7876,1177.344,0,#ff00ff
27(1),START3,21.7911,1177.4328,0,#ff00ff
27(1),START3,21.7951,1177.5149,0,#ff00ff
27(1),START3,21.7994,1177.5896,0,#ff00ff
27(1),START3,21.8039,1177.6563,0,#ff00ff
27(1),START3,21.8088,1177.7143,0,#ff00ff
27(1),START3,21.8139,1177.763,0,#ff00ff
27(1),START3,21.8192,1177.8017,0,#ff00ff
27(1),START3,21.8247,1177.8298,0,#ff00ff
27(1),START3,21.8303,1177.8466,0,#ff00ff
27(1),START3,21.836,1177.8515,0,#ff00ff
27(1),START3,21.8418,1177.8438,0,#ff00ff
27(1),START3,21.8476,1177.8229,0,#ff00ff
27(1),START3,22.3134,1175.7503,0,#ff00ff
27(1),START3,22.3367,1175.6023,0,#ff00ff
27(1),START3,22.5463,1174.5661,0,#ff00ff
27(1),START3,22.5521,1174.5333,0,#ff00ff
27(1),START3,22.5576,1174.4907,0,#ff00ff
27(1),START3,22.5628,1174.439,0,#ff00ff
27(1),START3,22.5678,1174.3788,0,#ff00ff
27(1),START3,22.5725,1174.3108,0,#ff00ff
27(1),START3,22.5768,1174.2357,0,#ff00ff
27(1),START3,22.5807,1174.154,0,#ff00ff
27(1),START3,22.5842,1174.0665,0,#ff00ff
27(1),START3,22.5872,1173.9738,0,#ff00ff
27(1),START3,22.5898,1173.8766,0,#ff00ff
27(1),START3,22.5918,1173.7754,0,#ff00ff
27(1),START3,22.5933,1173.671,0,#ff00ff
27(1),START3,22.5942,1173.564,0,#ff00ff
27(1),START3,22.5944,1173.455,0,#ff00ff
27(1),START3,22.594,1173.3447,0,#ff00ff
27(1),START3,22.5929,1173.2338,0,#ff00ff
27(1),START3,22.5912,1173.1247,0,#ff00ff
27(1),START3,22.589,1173.0196,0,#ff00ff
27(1),START3,22.5862,1172.9193,0,#ff00ff
27(1),START3,22.5831,1172.8244,0,#ff00ff
27(1),START3,22.5795,1172.7356,0,#ff00ff
27(1),START3,22.5756,1172.6536,0,#ff00ff
27(1),START3,22.5713,1172.5789,0,#ff00ff
27(1),START3,22.5667,1172.5122,0,#ff00ff
27(1),START3,22.5619,1172.4542,0,#ff00ff
27(1),START3,22.5568,1172.4055,0,#ff00ff
27(1),START3,22.5514,1172.3668,0,#ff00ff
27(1),START3,22.546,1172.3387,0,#ff00ff
27(1),START3,22.5404,1172.3219,0,#ff00ff
27(1),START3,22.5346,1172.317,0,#ff00ff
27(1),START3,22.5289,1172.3247,0,#ff00ff
27(1),START3,22.523,1172.3456,0,#ff00ff
27(1),START3,22.3057,1173.3819,0,#ff00ff
27(1),START3,22.2901,1173.5299,0,#ff00ff
27(1),START3,22.2831,1173.5627,0,#ff00ff
27(1),START3,22.2767,1173.6053,0,#ff00ff
27(1),START3,22.2708,1173.6571,0,#ff00ff
27(1),START3,22.2654,1173.7172,0,#ff00ff
27(1),START3,22.2606,1173.7852,0,#ff00ff
27(1),START3,22.2563,1173.8604,0,#ff00ff
27(1),START3,22.2526,1173.942,0,#ff00ff
27(1),START3,22.2494,1174.0295,0,#ff00ff
27(1),START3,22.2467,1174.1222,0,#ff00ff
27(1),START3,22.2446,1174.2195,0,#ff00ff
27(1),START3,22.2431,1174.3206,0,#ff00ff
27(1),START3,22.2421,1174.425,0,#ff00ff
27(1),START3,22.2416,1174.5321,0,#ff00ff
27(1),START3,22.2417,1174.641,0,#ff00ff
27(1),START3,22.2424,1174.7513,0,#ff00ff
27(1),START3,22.2436,1174.8622,0,#ff00ff
27(1),START3,22.2453,1174.9714,0,#ff00ff
27(1),START3,22.2475,1175.0764,0,#ff00ff
27(1),START3,22.2502,1175.1767,0,#ff00ff
27(1),START3,22.2534,1175.2716,0,#ff00ff
27(1),START3,22.2569,1175.3604,0,#ff00ff
27(1),START3,22.2609,1175.4424,0,#ff00ff
27(1),START3,22.2652,1175.5171,0,#ff00ff
27(1),START3,22.2698,1175.5838,0,#ff00ff
27(1),START3,22.2746,1175.6418,0,#ff00ff
27(1),START3,22.2797,1175.6905,0,#ff00ff
27(1),START3,22.285,1175.7292,0,#ff00ff
27(1),START3,22.2905,1175.7573,0,#ff00ff
27(1),START3,22.2961,1175.7741,0,#ff00ff
27(1),START3,22.3018,1175.779,0,#ff00ff
27(1),START3,22.3076,1175.7713,0,#ff00ff
27(1),START3,22.3134,1175.7503,0,#ff00ff
27(1),START3,22.7792,1173.5299,0,#ff00ff
27(1),START3,22.9578,1172.7898,0,#ff00ff
27(1),START3,23.0122,1172.4937,0,#ff00ff
27(1),START3,23.0192,1172.4608,0,#ff00ff
27(1),START3,23.0256,1172.4182,0,#ff00ff
27(1),START3,23.0315,1172.3665,0,#ff00ff
27(1),START3,23.0369,1172.3063,0,#ff00ff
27(1),START3,23.0417,1172.2383,0,#ff00ff
27(1),START3,23.046,1172.1632,0,#ff00ff
27(1),START3,23.0497,1172.0815,0,#ff00ff
27(1),START3,23.0529,1171.994,0,#ff00ff
27(1),START3,23.0555,1171.9013,0,#ff00ff
27(1),START3,23.0576,1171.8041,0,#ff00ff
27(1),START3,23.0592,1171.7029,0,#ff00ff
27(1),START3,23.0602,1171.5985,0,#ff00ff
27(1),START3,23.0606,1171.4915,0,#ff00ff
27(1),START3,23.0605,1171.3826,0,#ff00ff
27(1),START3,23.0599,1171.2723,0,#ff00ff
27(1),START3,23.0587,1171.1614,0,#ff00ff
27(1),START3,23.057,1171.0522,0,#ff00ff
27(1),START3,23.0548,1170.9472,0,#ff00ff
27(1),START3,23.0521,1170.8469,0,#ff00ff
27(1),START3,23.0489,1170.752,0,#ff00ff
27(1),START3,23.0453,1170.6632,0,#ff00ff
27(1),START3,23.0414,1170.5811,0,#ff00ff
27(1),START3,23.0371,1170.5064,0,#ff00ff
27(1),START3,23.0325,1170.4397,0,#ff00ff
27(1),START3,23.0277,1170.3817,0,#ff00ff
27(1),START3,23.0226,1170.333,0,#ff00ff
27(1),START3,23.0173,1170.2943,0,#ff00ff
27(1),START3,23.0118,1170.2662,0,#ff00ff
27(1),START3,23.0062,1170.2494,0,#ff00ff
27(1),START3,23.0005,1170.2445,0,#ff00ff
27(1),START3,22.9947,1170.2522,0,#ff00ff
27(1),START3,22.9889,1170.2732,0,#ff00ff
27(1),START3,22.9345,1170.5693,0,#ff00ff
27(1),START3,22.756,1171.3094,0,#ff00ff
27(1),START3,22.7502,1171.3423,0,#ff00ff
27(1),START3,22.7447,1171.3849,0,#ff00ff
27(1),START3,22.7395,1171.4366,0,#ff00ff
27(1),START3,22.7345,1171.4968,0,#ff00ff
27(1),START3,22.7298,1171.5647,0,#ff00ff
27(1),START3,22.7255,1171.6399,0,#ff00ff
27(1),START3,22.7216,1171.7215,0,#ff00ff
27(1),START3,22.7181,1171.809,0,#ff00ff
27(1),START3,22.7151,1171.9017,0,#ff00ff
27(1),START3,22.7125,1171.999,0,#ff00ff
27(1),START3,22.7105,1172.1001,0,#ff00ff
27(1),START3,22.709,1172.2045,0,#ff00ff
27(1),START3,22.7081,1172.3116,0,#ff00ff
27(1),START3,22.7079,1172.4205,0,#ff00ff
27(1),START3,22.7083,1172.5308,0,#ff00ff
27(1),START3,22.7094,1172.6417,0,#ff00ff
27(1),START3,22.7111,1172.7509,0,#ff00ff
27(1),START3,22.7133,1172.856,0,#ff00ff
27(1),START3,22.716,1172.9562,0,#ff00ff
27(1),START3,22.7192,1173.0511,0,#ff00ff
27(1),START3,22.7228,1173.1399,0,#ff00ff
27(1),START3,22.7267,1173.222,0,#ff00ff
27(1),START3,22.731,1173.2967,0,#ff00ff
27(1),START3,22.7356,1173.3634,0,#ff00ff
27(1),START3,22.7404,1173.4214,0,#ff00ff
27(1),START3,22.7455,1173.47,0,#ff00ff
27(1),START3,22.7508,1173.5087,0,#ff00ff
27(1),START3,22.7563,1173.5368,0,#ff00ff
27(1),START3,22.7619,1173.5536,0,#ff00ff
27(1),START3,22.7676,1173.5585,0,#ff00ff
27(1),START3,22.7734,1173.5508,0,#ff00ff
27(1),START3,22.7792,1173.5299,0,#ff00ff
27(1),START3,23.2528,1171.6055,0,#ff00ff
27(1),START3,23.2683,1171.4574,0,#ff00ff
27(1),START3,23.4857,1170.7173,0,#ff00ff
27(1),START3,23.4915,1170.6845,0,#ff00ff
27(1),START3,23.497,1170.6419,0,#ff00ff
27(1),START3,23.5022,1170.5901,0,#ff00ff
27(1),START3,23.5072,1170.53,0,#ff00ff
27(1),START3,23.5119,1170.462,0,#ff00ff
27(1),START3,23.5162,1170.3868,0,#ff00ff
27(1),START3,23.5201,1170.3052,0,#ff00ff
27(1),START3,23.5236,1170.2177,0,#ff00ff
27(1),START3,23.5266,1170.125,0,#ff00ff
27(1),START3,23.5292,1170.0277,0,#ff00ff
27(1),START3,23.5312,1169.9266,0,#ff00ff
27(1),START3,23.5327,1169.8222,0,#ff00ff
27(1),START3,23.5336,1169.7151,0,#ff00ff
27(1),START3,23.5338,1169.6062,0,#ff00ff
27(1),START3,23.5334,1169.4959,0,#ff00ff
27(1),START3,23.5323,1169.385,0,#ff00ff
27(1),START3,23.5306,1169.2758,0,#ff00ff
27(1),START3,23.5284,1169.1708,0,#ff00ff
27(1),START3,23.5256,1169.0705,0,#ff00ff
27(1),START3,23.5225,1168.9756,0,#ff00ff
27(1),START3,23.5189,1168.8868,0,#ff00ff
27(1),START3,23.515,1168.8047,0,#ff00ff
27(1),START3,23.5107,1168.73,0,#ff00ff
27(1),START3,23.5061,1168.6633,0,#ff00ff
27(1),START3,23.5012,1168.6053,0,#ff00ff
27(1),START3,23.4961,1168.5567,0,#ff00ff
27(1),START3,23.4908,1168.5179,0,#ff00ff
27(1),START3,23.4854,1168.4899,0,#ff00ff
27(1),START3,23.4798,1168.473,0,#ff00ff
27(1),START3,23.474,1168.4682,0,#ff00ff
27(1),START3,23.4683,1168.4759,0,#ff00ff
27(1),START3,23.4624,1168.4968,0,#ff00ff
27(1),START3,23.2451,1169.237,0,#ff00ff
27(1),START3,23.2218,1169.385,0,#ff00ff
27(1),START3,23.2161,1169.4179,0,#ff00ff
27(1),START3,23.2108,1169.4605,0,#ff00ff
27(1),START3,23.2059,1169.5122,0,#ff00ff
27(1),START3,23.2014,1169.5724,0,#ff00ff
27(1),START3,23.1972,1169.6403,0,#ff00ff
27(1),START3,23.1934,1169.7155,0,#ff00ff
27(1),START3,23.1899,1169.7971,0,#ff00ff
27(1),START3,23.1868,1169.8846,0,#ff00ff
27(1),START3,23.1841,1169.9773,0,#ff00ff
27(1),START3,23.1817,1170.0746,0,#ff00ff
27(1),START3,23.1797,1170.1757,0,#ff00ff
27(1),START3,23.1781,1170.2801,0,#ff00ff
27(1),START3,23.1768,1170.3872,0,#ff00ff
27(1),START3,23.1759,1170.4961,0,#ff00ff
27(1),START3,23.1754,1170.6064,0,#ff00ff
27(1),START3,23.1752,1170.7173,0,#ff00ff
27(1),START3,23.1769,1170.8265,0,#ff00ff
27(1),START3,23.1792,1170.9316,0,#ff00ff
27(1),START3,23.1819,1171.0318,0,#ff00ff
27(1),START3,23.1851,1171.1267,0,#ff00ff
27(1),START3,23.1888,1171.2155,0,#ff00ff
27(1),START3,23.1929,1171.2976,0,#ff00ff
27(1),START3,23.1974,1171.3723,0,#ff00ff
27(1),START3,23.2024,1171.4389,0,#ff00ff
27(1),START3,23.2076,1171.4969,0,#ff00ff
27(1),START3,23.2132,1171.5456,0,#ff00ff
27(1),START3,23.2192,1171.5843,0,#ff00ff
27(1),START3,23.2254,1171.6124,0,#ff00ff
27(1),START3,23.2319,1171.6292,0,#ff00ff
27(1),START3,23.2387,1171.6341,0,#ff00ff
27(1),START3,23.2456,1171.6264,0,#ff00ff
27(1),START3,23.2528,1171.6055,0,#ff00ff
27(1),START3,23.7186,1169.8291,0,#ff00ff
27(1),START3,23.9515,1168.9409,0,#ff00ff
27(1),START3,23.9586,1168.9081,0,#ff00ff
27(1),START3,23.965,1168.8655,0,#ff00ff
27(1),START3,23.971,1168.8138,0,#ff00ff
27(1),START3,23.9764,1168.7536,0,#ff00ff
27(1),START3,23.9814,1168.6856,0,#ff00ff
27(1),START3,23.9858,1168.6105,0,#ff00ff
27(1),START3,23.9898,1168.5288,0,#ff00ff
27(1),START3,23.9933,1168.4413,0,#ff00ff
27(1),START3,23.9963,1168.3486,0,#ff00ff
27(1),START3,23.9989,1168.2513,0,#ff00ff
27(1),START3,24.0011,1168.1502,0,#ff00ff
27(1),START3,24.0029,1168.0458,0,#ff00ff
27(1),START3,24.0042,1167.9388,0,#ff00ff
27(1),START3,24.0051,1167.8298,0,#ff00ff
27(1),START3,24.0057,1167.7195,0,#ff00ff
27(1),START3,24.0059,1167.6086,0,#ff00ff
27(1),START3,24.0042,1167.4995,0,#ff00ff
27(1),START3,24.0019,1167.3944,0,#ff00ff
27(1),START3,23.9992,1167.2941,0,#ff00ff
27(1),START3,23.9961,1167.1992,0,#ff00ff
27(1),START3,23.9925,1167.1104,0,#ff00ff
27(1),START3,23.9886,1167.0284,0,#ff00ff
27(1),START3,23.9843,1166.9537,0,#ff00ff
27(1),START3,23.9797,1166.887,0,#ff00ff
27(1),START3,23.9748,1166.829,0,#ff00ff
27(1),START3,23.9697,1166.7803,0,#ff00ff
27(1),START3,23.9644,1166.7416,0,#ff00ff
27(1),START3,23.9589,1166.7135,0,#ff00ff
27(1),START3,23.9533,1166.6967,0,#ff00ff
27(1),START3,23.9476,1166.6918,0,#ff00ff
27(1),START3,23.9418,1166.6995,0,#ff00ff
27(1),START3,23.936,1166.7205,0,#ff00ff
27(1),START3,23.6953,1167.6086,0,#ff00ff
27(1),START3,23.6896,1167.6171,0,#ff00ff
27(1),START3,23.6841,1167.6416,0,#ff00ff
27(1),START3,23.6789,1167.6808,0,#ff00ff
27(1),START3,23.6739,1167.7335,0,#ff00ff
27(1),START3,23.6692,1167.7984,0,#ff00ff
27(1),START3,23.6649,1167.874,0,#ff00ff
27(1),START3,23.661,1167.9593,0,#ff00ff
27(1),START3,23.6575,1168.0527,0,#ff00ff
27(1),START3,23.6545,1168.1531,0,#ff00ff
27(1),START3,23.6519,1168.2591,0,#ff00ff
27(1),START3,23.6499,1168.3695,0,#ff00ff
27(1),START3,23.6484,1168.4829,0,#ff00ff
27(1),START3,23.6475,1168.5981,0,#ff00ff
27(1),START3,23.6473,1168.7137,0,#ff00ff
27(1),START3,23.6477,1168.8284,0,#ff00ff
27(1),START3,23.6488,1168.9409,0,#ff00ff
27(1),START3,23.6505,1169.0501,0,#ff00ff
27(1),START3,23.6527,1169.1552,0,#ff00ff
27(1),START3,23.6554,1169.2555,0,#ff00ff
27(1),START3,23.6586,1169.3503,0,#ff00ff
27(1),START3,23.6622,1169.4391,0,#ff00ff
27(1),START3,23.6661,1169.5212,0,#ff00ff
27(1),START3,23.6704,1169.5959,0,#ff00ff
27(1),START3,23.675,1169.6626,0,#ff00ff
27(1),START3,23.6798,1169.7206,0,#ff00ff
27(1),START3,23.6849,1169.7692,0,#ff00ff
27(1),START3,23.6902,1169.8079,0,#ff00ff
27(1),START3,23.6957,1169.836,0,#ff00ff
27(1),START3,23.7013,1169.8528,0,#ff00ff
27(1),START3,23.707,1169.8577,0,#ff00ff
27(1),START3,23.7128,1169.85,0,#ff00ff
27(1),START3,23.7186,1169.8291,0,#ff00ff
27(1),START3,24.1922,1168.0527,0,#ff00ff
27(1),START3,24.2077,1168.0527,0,#ff00ff
27(1),START3,24.4251,1167.1646,0,#ff00ff
27(1),START3,24.4309,1167.1317,0,#ff00ff
27(1),START3,24.4364,1167.0891,0,#ff00ff
27(1),START3,24.4416,1167.0374,0,#ff00ff
27(1),START3,24.4466,1166.9772,0,#ff00ff
27(1),START3,24.4513,1166.9092,0,#ff00ff
27(1),START3,24.4556,1166.8341,0,#ff00ff
27(1),START3,24.4595,1166.7524,0,#ff00ff
27(1),START3,24.463,1166.6649,0,#ff00ff
27(1),START3,24.466,1166.5722,0,#ff00ff
27(1),START3,24.4686,1166.475,0,#ff00ff
27(1),START3,24.4706,1166.3738,0,#ff00ff
27(1),START3,24.4721,1166.2694,0,#ff00ff
27(1),START3,24.473,1166.1624,0,#ff00ff
27(1),START3,24.4732,1166.0534,0,#ff00ff
27(1),START3,24.4728,1165.9432,0,#ff00ff
27(1),START3,24.4717,1165.8322,0,#ff00ff
27(1),START3,24.4713,1165.7231,0,#ff00ff
27(1),START3,24.47,1165.618,0,#ff00ff
27(1),START3,24.4679,1165.5177,0,#ff00ff
27(1),START3,24.4652,1165.4228,0,#ff00ff
27(1),START3,24.4618,1165.334,0,#ff00ff
27(1),START3,24.4578,1165.252,0,#ff00ff
27(1),START3,24.4533,1165.1773,0,#ff00ff
27(1),START3,24.4484,1165.1106,0,#ff00ff
27(1),START3,24.4432,1165.0526,0,#ff00ff
27(1),START3,24.4376,1165.0039,0,#ff00ff
27(1),START3,24.4318,1164.9652,0,#ff00ff
27(1),START3,24.4259,1164.9371,0,#ff00ff
27(1),START3,24.4198,1164.9203,0,#ff00ff
27(1),START3,24.4138,1164.9154,0,#ff00ff
27(1),START3,24.4077,1164.9231,0,#ff00ff
27(1),START3,24.4018,1164.944,0,#ff00ff
27(1),START3,24.1845,1165.8322,0,#ff00ff
27(1),START3,24.1689,1165.8322,0,#ff00ff
27(1),START3,24.1632,1165.8651,0,#ff00ff
27(1),START3,24.1577,1165.9077,0,#ff00ff
27(1),START3,24.1524,1165.9594,0,#ff00ff
27(1),START3,24.1475,1166.0196,0,#ff00ff
27(1),START3,24.1428,1166.0876,0,#ff00ff
27(1),START3,24.1385,1166.1627,0,#ff00ff
27(1),START3,24.1346,1166.2443,0,#ff00ff
27(1),START3,24.1311,1166.3318,0,#ff00ff
27(1),START3,24.128,1166.4245,0,#ff00ff
27(1),START3,24.1255,1166.5218,0,#ff00ff
27(1),START3,24.1235,1166.623,0,#ff00ff
27(1),START3,24.122,1166.7274,0,#ff00ff
27(1),START3,24.1211,1166.8344,0,#ff00ff
27(1),START3,24.1208,1166.9434,0,#ff00ff
27(1),START3,24.1212,1167.0536,0,#ff00ff
27(1),START3,24.1223,1167.1646,0,#ff00ff
27(1),START3,24.1241,1167.2737,0,#ff00ff
27(1),START3,24.1263,1167.3788,0,#ff00ff
27(1),START3,24.129,1167.4791,0,#ff00ff
27(1),START3,24.1322,1167.5739,0,#ff00ff
27(1),START3,24.1357,1167.6627,0,#ff00ff
27(1),START3,24.1397,1167.7448,0,#ff00ff
27(1),START3,24.144,1167.8195,0,#ff00ff
27(1),START3,24.1485,1167.8862,0,#ff00ff
27(1),START3,24.1534,1167.9442,0,#ff00ff
27(1),START3,24.1585,1167.9929,0,#ff00ff
27(1),START3,24.1638,1168.0316,0,#ff00ff
27(1),START3,24.1693,1168.0596,0,#ff00ff
27(1),START3,24.1749,1168.0764,0,#ff00ff
27(1),START3,24.1806,1168.0813,0,#ff00ff
27(1),START3,24.1864,1168.0736,0,#ff00ff
27(1),START3,24.1922,1168.0527,0,#ff00ff
27(1),START3,24.6658,1166.2763,0,#ff00ff
27(1),START3,24.8288,1165.6842,0,#ff00ff
27(1),START3,24.8987,1165.3882,0,#ff00ff
27(1),START3,24.9044,1165.3553,0,#ff00ff
27(1),START3,24.9099,1165.3127,0,#ff00ff
27(1),START3,24.9152,1165.261,0,#ff00ff
27(1),START3,24.9202,1165.2008,0,#ff00ff
27(1),START3,24.9248,1165.1328,0,#ff00ff
27(1),START3,24.9291,1165.0577,0,#ff00ff
27(1),START3,24.9331,1164.976,0,#ff00ff
27(1),START3,24.9366,1164.8885,0,#ff00ff
27(1),START3,24.9396,1164.7958,0,#ff00ff
27(1),START3,24.9421,1164.6986,0,#ff00ff
27(1),START3,24.9442,1164.5974,0,#ff00ff
27(1),START3,24.9457,1164.493,0,#ff00ff
27(1),START3,24.9465,1164.386,0,#ff00ff
27(1),START3,24.9468,1164.277,0,#ff00ff
27(1),START3,24.9464,1164.1668,0,#ff00ff
27(1),START3,24.9453,1164.0559,0,#ff00ff
27(1),START3,24.9436,1163.9467,0,#ff00ff
27(1),START3,24.9413,1163.8416,0,#ff00ff
27(1),START3,24.9386,1163.7413,0,#ff00ff
27(1),START3,24.9355,1163.6465,0,#ff00ff
27(1),START3,24.9319,1163.5577,0,#ff00ff
27(1),START3,24.928,1163.4756,0,#ff00ff
27(1),START3,24.9237,1163.4009,0,#ff00ff
27(1),START3,24.9191,1163.3342,0,#ff00ff
27(1),START3,24.9142,1163.2762,0,#ff00ff
27(1),START3,24.9091,1163.2276,0,#ff00ff
27(1),START3,24.9038,1163.1888,0,#ff00ff
27(1),START3,24.8983,1163.1608,0,#ff00ff
27(1),START3,24.8927,1163.144,0,#ff00ff
27(1),START3,24.887,1163.1391,0,#ff00ff
27(1),START3,24.8812,1163.1468,0,#ff00ff
27(1),START3,24.8754,1163.1677,0,#ff00ff
27(1),START3,24.8055,1163.3157,0,#ff00ff
27(1),START3,24.6425,1164.0559,0,#ff00ff
27(1),START3,24.6355,1164.0887,0,#ff00ff
27(1),START3,24.629,1164.1313,0,#ff00ff
27(1),START3,24.6231,1164.183,0,#ff00ff
27(1),START3,24.6176,1164.2432,0,#ff00ff
27(1),START3,24.6127,1164.3112,0,#ff00ff
27(1),START3,24.6083,1164.3863,0,#ff00ff
27(1),START3,24.6043,1164.468,0,#ff00ff
27(1),START3,24.6008,1164.5555,0,#ff00ff
27(1),START3,24.5977,1164.6482,0,#ff00ff
27(1),START3,24.5951,1164.7454,0,#ff00ff
27(1),START3,24.5929,1164.8466,0,#ff00ff
27(1),START3,24.5912,1164.951,0,#ff00ff
27(1),START3,24.5898,1165.058,0,#ff00ff
27(1),START3,24.5889,1165.167,0,#ff00ff
27(1),START3,24.5883,1165.2772,0,#ff00ff
27(1),START3,24.5882,1165.3882,0,#ff00ff
27(1),START3,24.5899,1165.4973,0,#ff00ff
27(1),START3,24.5921,1165.6024,0,#ff00ff
27(1),START3,24.5949,1165.7027,0,#ff00ff
27(1),START3,24.5981,1165.7976,0,#ff00ff
27(1),START3,24.6018,1165.8863,0,#ff00ff
27(1),START3,24.6059,1165.9684,0,#ff00ff
27(1),START3,24.6104,1166.0431,0,#ff00ff
27(1),START3,24.6153,1166.1098,0,#ff00ff
27(1),START3,24.6206,1166.1678,0,#ff00ff
27(1),START3,24.6262,1166.2165,0,#ff00ff
27(1),START3,24.6322,1166.2552,0,#ff00ff
27(1),START3,24.6384,1166.2833,0,#ff00ff
27(1),START3,24.6449,1166.3001,0,#ff00ff
27(1),START3,24.6516,1166.3049,0,#ff00ff
27(1),START3,24.6586,1166.2972,0,#ff00ff
27(1),START3,24.6658,1166.2763,0,#ff00ff
27(1),START3,25.1316,1164.4999,0,#ff00ff
27(1),START3,25.1471,1164.3519,0,#ff00ff
27(1),START3,25.3723,1163.6118,0,#ff00ff
27(1),START3,25.3779,1163.5789,0,#ff00ff
27(1),START3,25.3832,1163.5363,0,#ff00ff
27(1),START3,25.3881,1163.4846,0,#ff00ff
27(1),START3,25.3927,1163.4244,0,#ff00ff
27(1),START3,25.3968,1163.3564,0,#ff00ff
27(1),START3,25.4007,1163.2813,0,#ff00ff
27(1),START3,25.4041,1163.1997,0,#ff00ff
27(1),START3,25.4072,1163.1122,0,#ff00ff
27(1),START3,25.4099,1163.0195,0,#ff00ff
27(1),START3,25.4123,1162.9222,0,#ff00ff
27(1),START3,25.4143,1162.821,0,#ff00ff
27(1),START3,25.416,1162.7166,0,#ff00ff
27(1),START3,25.4172,1162.6096,0,#ff00ff
27(1),START3,25.4181,1162.5007,0,#ff00ff
27(1),START3,25.4187,1162.3904,0,#ff00ff
27(1),START3,25.4189,1162.2795,0,#ff00ff
27(1),START3,25.4171,1162.1459,0,#ff00ff
27(1),START3,25.4149,1162.0227,0,#ff00ff
27(1),START3,25.4122,1161.91,0,#ff00ff
27(1),START3,25.409,1161.8076,0,#ff00ff
27(1),START3,25.4055,1161.7157,0,#ff00ff
27(1),START3,25.4015,1161.6342,0,#ff00ff
27(1),START3,25.3973,1161.563,0,#ff00ff
27(1),START3,25.3927,1161.5023,0,#ff00ff
27(1),START3,25.3878,1161.452,0,#ff00ff
27(1),START3,25.3827,1161.4121,0,#ff00ff
27(1),START3,25.3774,1161.3826,0,#ff00ff
27(1),START3,25.3719,1161.3635,0,#ff00ff
27(1),START3,25.3663,1161.3549,0,#ff00ff
27(1),START3,25.3606,1161.3566,0,#ff00ff
27(1),START3,25.3548,1161.3688,0,#ff00ff
27(1),START3,25.349,1161.3913,0,#ff00ff
27(1),START3,25.1161,1162.1315,0,#ff00ff
27(1),START3,25.1083,1162.2795,0,#ff00ff
27(1),START3,25.1026,1162.2863,0,#ff00ff
27(1),START3,25.0971,1162.3064,0,#ff00ff
27(1),START3,25.0918,1162.339,0,#ff00ff
27(1),START3,25.0869,1162.3836,0,#ff00ff
27(1),START3,25.0822,1162.4394,0,#ff00ff
27(1),START3,25.0779,1162.5059,0,#ff00ff
27(1),START3,25.074,1162.5823,0,#ff00ff
27(1),START3,25.0705,1162.6681,0,#ff00ff
27(1),START3,25.0674,1162.7625,0,#ff00ff
27(1),START3,25.0649,1162.8649,0,#ff00ff
27(1),START3,25.0629,1162.9748,0,#ff00ff
27(1),START3,25.0614,1163.0913,0,#ff00ff
27(1),START3,25.0605,1163.214,0,#ff00ff
27(1),START3,25.0602,1163.342,0,#ff00ff
27(1),START3,25.0606,1163.4748,0,#ff00ff
27(1),START3,25.0617,1163.6118,0,#ff00ff
27(1),START3,25.0635,1163.721,0,#ff00ff
27(1),START3,25.0657,1163.826,0,#ff00ff
27(1),START3,25.0684,1163.9263,0,#ff00ff
27(1),START3,25.0716,1164.0212,0,#ff00ff
27(1),START3,25.0751,1164.11,0,#ff00ff
27(1),START3,25.0791,1164.192,0,#ff00ff
27(1),START3,25.0834,1164.2667,0,#ff00ff
27(1),START3,25.0879,1164.3334,0,#ff00ff
27(1),START3,25.0928,1164.3914,0,#ff00ff
27(1),START3,25.0979,1164.4401,0,#ff00ff
27(1),START3,25.1032,1164.4788,0,#ff00ff
27(1),START3,25.1087,1164.5069,0,#ff00ff
27(1),START3,25.1143,1164.5237,0,#ff00ff
27(1),START3,25.12,1164.5286,0,#ff00ff
27(1),START3,25.1258,1164.5209,0,#ff00ff
27(1),START3,25.1316,1164.4999,0,#ff00ff
27(1),START3,25.6052,1162.7236,0,#ff00ff
27(1),START3,25.8381,1161.8354,0,#ff00ff
27(1),START3,25.8438,1161.8025,0,#ff00ff
27(1),START3,25.8493,1161.7599,0,#ff00ff
27(1),START3,25.8546,1161.7082,0,#ff00ff
27(1),START3,25.8596,1161.648,0,#ff00ff
27(1),START3,25.8642,1161.5801,0,#ff00ff
27(1),START3,25.8685,1161.5049,0,#ff00ff
27(1),START3,25.8725,1161.4233,0,#ff00ff
27(1),START3,25.8759,1161.3358,0,#ff00ff
27(1),START3,25.879,1161.2431,0,#ff00ff
27(1),START3,25.8815,1161.1458,0,#ff00ff
27(1),START3,25.8836,1161.0447,0,#ff00ff
27(1),START3,25.885,1160.9402,0,#ff00ff
27(1),START3,25.8859,1160.8332,0,#ff00ff
27(1),START3,25.8862,1160.7243,0,#ff00ff
27(1),START3,25.8858,1160.614,0,#ff00ff
27(1),START3,25.8847,1160.5031,0,#ff00ff
27(1),START3,25.8843,1160.3939,0,#ff00ff
27(1),START3,25.8833,1160.2889,0,#ff00ff
27(1),START3,25.8816,1160.1886,0,#ff00ff
27(1),START3,25.8792,1160.0937,0,#ff00ff
27(1),START3,25.8763,1160.0049,0,#ff00ff
27(1),START3,25.8728,1159.9228,0,#ff00ff
27(1),START3,25.8688,1159.8481,0,#ff00ff
27(1),START3,25.8643,1159.7815,0,#ff00ff
27(1),START3,25.8593,1159.7235,0,#ff00ff
27(1),START3,25.854,1159.6748,0,#ff00ff
27(1),START3,25.8482,1159.6361,0,#ff00ff
27(1),START3,25.8421,1159.608,0,#ff00ff
27(1),START3,25.8357,1159.5912,0,#ff00ff
27(1),START3,25.829,1159.5863,0,#ff00ff
27(1),START3,25.822,1159.594,0,#ff00ff
27(1),START3,25.8148,1159.6149,0,#ff00ff
27(1),START3,25.5819,1160.5031,0,#ff00ff
27(1),START3,25.5762,1160.5099,0,#ff00ff
27(1),START3,25.5707,1160.53,0,#ff00ff
27(1),START3,25.5654,1160.5626,0,#ff00ff
27(1),START3,25.5604,1160.6072,0,#ff00ff
27(1),START3,25.5558,1160.663,0,#ff00ff
27(1),START3,25.5515,1160.7295,0,#ff00ff
27(1),START3,25.5476,1160.8059,0,#ff00ff
27(1),START3,25.5441,1160.8917,0,#ff00ff
27(1),START3,25.541,1160.9861,0,#ff00ff
27(1),START3,25.5385,1161.0886,0,#ff00ff
27(1),START3,25.5364,1161.1984,0,#ff00ff
27(1),START3,25.535,1161.315,0,#ff00ff
27(1),START3,25.5341,1161.4376,0,#ff00ff
27(1),START3,25.5338,1161.5656,0,#ff00ff
27(1),START3,25.5342,1161.6985,0,#ff00ff
27(1),START3,25.5353,1161.8354,0,#ff00ff
27(1),START3,25.537,1161.9446,0,#ff00ff
27(1),START3,25.5393,1162.0496,0,#ff00ff
27(1),START3,25.542,1162.1499,0,#ff00ff
27(1),START3,25.5451,1162.2448,0,#ff00ff
27(1),START3,25.5487,1162.3336,0,#ff00ff
27(1),START3,25.5527,1162.4156,0,#ff00ff
27(1),START3,25.5569,1162.4903,0,#ff00ff
27(1),START3,25.5615,1162.557,0,#ff00ff
27(1),START3,25.5664,1162.615,0,#ff00ff
27(1),START3,25.5715,1162.6637,0,#ff00ff
27(1),START3,25.5768,1162.7024,0,#ff00ff
27(1),START3,25.5823,1162.7305,0,#ff00ff
27(1),START3,25.5879,1162.7473,0,#ff00ff
27(1),START3,25.5936,1162.7522,0,#ff00ff
27(1),START3,25.5994,1162.7445,0,#ff00ff
27(1),START3,25.6052,1162.7236,0,#ff00ff
27(1),START3,26.0788,1160.9472,0,#ff00ff
27(1),START3,26.3117,1160.059,0,#ff00ff
27(1),START3,26.3174,1160.0262,0,#ff00ff
27(1),START3,26.3229,1159.9836,0,#ff00ff
27(1),START3,26.3282,1159.9318,0,#ff00ff
27(1),START3,26.3332,1159.8717,0,#ff00ff
27(1),START3,26.3378,1159.8037,0,#ff00ff
27(1),START3,26.3421,1159.7286,0,#ff00ff
27(1),START3,26.346,1159.6469,0,#ff00ff
27(1),START3,26.3495,1159.5594,0,#ff00ff
27(1),START3,26.3526,1159.4667,0,#ff00ff
27(1),START3,26.3551,1159.3695,0,#ff00ff
27(1),START3,26.3572,1159.2683,0,#ff00ff
27(1),START3,26.3586,1159.1639,0,#ff00ff
27(1),START3,26.3595,1159.0569,0,#ff00ff
27(1),START3,26.3598,1158.9479,0,#ff00ff
27(1),START3,26.3594,1158.8376,0,#ff00ff
27(1),START3,26.3583,1158.7267,0,#ff00ff
27(1),START3,26.3565,1158.6175,0,#ff00ff
27(1),START3,26.3543,1158.5125,0,#ff00ff
27(1),START3,26.3516,1158.4122,0,#ff00ff
27(1),START3,26.3484,1158.3173,0,#ff00ff
27(1),START3,26.3449,1158.2285,0,#ff00ff
27(1),START3,26.3409,1158.1465,0,#ff00ff
27(1),START3,26.3366,1158.0718,0,#ff00ff
27(1),START3,26.3321,1158.0051,0,#ff00ff
27(1),START3,26.3272,1157.9471,0,#ff00ff
27(1),START3,26.3221,1157.8984,0,#ff00ff
27(1),START3,26.3168,1157.8597,0,#ff00ff
27(1),START3,26.3113,1157.8316,0,#ff00ff
27(1),START3,26.3057,1157.8148,0,#ff00ff
27(1),START3,26.3,1157.8099,0,#ff00ff
27(1),START3,26.2942,1157.8176,0,#ff00ff
27(1),START3,26.2884,1157.8386,0,#ff00ff
27(1),START3,26.0555,1158.7267,0,#ff00ff
27(1),START3,26.0485,1158.7596,0,#ff00ff
27(1),START3,26.042,1158.8022,0,#ff00ff
27(1),START3,26.0361,1158.8539,0,#ff00ff
27(1),START3,26.0307,1158.9141,0,#ff00ff
27(1),START3,26.0259,1158.982,0,#ff00ff
27(1),START3,26.0216,1159.0572,0,#ff00ff
27(1),START3,26.0179,1159.1388,0,#ff00ff
27(1),START3,26.0147,1159.2263,0,#ff00ff
27(1),START3,26.0121,1159.319,0,#ff00ff
27(1),START3,26.01,1159.4163,0,#ff00ff
27(1),START3,26.0084,1159.5175,0,#ff00ff
27(1),START3,26.0074,1159.6219,0,#ff00ff
27(1),START3,26.007,1159.7289,0,#ff00ff
27(1),START3,26.0071,1159.8378,0,#ff00ff
27(1),START3,26.0077,1159.9481,0,#ff00ff
27(1),START3,26.0089,1160.059,0,#ff00ff
27(1),START3,26.0093,1160.1682,0,#ff00ff
27(1),START3,26.0103,1160.2732,0,#ff00ff
27(1),START3,26.012,1160.3735,0,#ff00ff
27(1),START3,26.0144,1160.4684,0,#ff00ff
27(1),START3,26.0173,1160.5572,0,#ff00ff
27(1),START3,26.0208,1160.6393,0,#ff00ff
27(1),START3,26.0248,1160.714,0,#ff00ff
27(1),START3,26.0293,1160.7806,0,#ff00ff
27(1),START3,26.0342,1160.8386,0,#ff00ff
27(1),START3,26.0396,1160.8873,0,#ff00ff
27(1),START3,26.0454,1160.926,0,#ff00ff
27(1),START3,26.0515,1160.9541,0,#ff00ff
27(1),START3,26.0579,1160.9709,0,#ff00ff
27(1),START3,26.0646,1160.9758,0,#ff00ff
27(1),START3,26.0716,1160.9681,0,#ff00ff
27(1),START3,26.0788,1160.9472,0,#ff00ff
27(1),START3,26.5447,1159.1747,0,#ff00ff
27(1),START3,26.7095,1158.5412,0,#ff00ff
27(1),START3,26.7871,1158.2451,0,#ff00ff
27(1),START3,26.7927,1158.2123,0,#ff00ff
27(1),START3,26.798,1158.1697,0,#ff00ff
27(1),START3,26.8029,1158.1179,0,#ff00ff
27(1),START3,26.8075,1158.0578,0,#ff00ff
27(1),START3,26.8117,1157.9898,0,#ff00ff
27(1),START3,26.8155,1157.9146,0,#ff00ff
27(1),START3,26.8189,1157.833,0,#ff00ff
27(1),START3,26.822,1157.7455,0,#ff00ff
27(1),START3,26.8239,1157.6025,0,#ff00ff
27(1),START3,26.8253,1157.445,0,#ff00ff
27(1),START3,26.8273,1157.3439,0,#ff00ff
27(1),START3,26.8289,1157.2395,0,#ff00ff
27(1),START3,26.8302,1157.1324,0,#ff00ff
27(1),START3,26.8311,1157.0235,0,#ff00ff
27(1),START3,26.8317,1156.9132,0,#ff00ff
27(1),START3,26.8318,1156.8023,0,#ff00ff
27(1),START3,26.83,1156.6931,0,#ff00ff
27(1),START3,26.8276,1156.5881,0,#ff00ff
27(1),START3,26.8245,1156.4878,0,#ff00ff
27(1),START3,26.8208,1156.3929,0,#ff00ff
27(1),START3,26.8167,1156.3041,0,#ff00ff
27(1),START3,26.8121,1156.2221,0,#ff00ff
27(1),START3,26.8071,1156.1474,0,#ff00ff
27(1),START3,26.8018,1156.0807,0,#ff00ff
27(1),START3,26.7962,1156.0227,0,#ff00ff
27(1),START3,26.7904,1155.974,0,#ff00ff
27(1),START3,26.7844,1155.9353,0,#ff00ff
27(1),START3,26.7783,1155.9072,0,#ff00ff
27(1),START3,26.7722,1155.8904,0,#ff00ff
27(1),START3,26.7661,1155.8855,0,#ff00ff
27(1),START3,26.7601,1155.8932,0,#ff00ff
27(1),START3,26.7542,1155.9141,0,#ff00ff
27(1),START3,26.6843,1156.2102,0,#ff00ff
27(1),START3,26.5213,1156.9503,0,#ff00ff
27(1),START3,26.5156,1156.9588,0,#ff00ff
27(1),START3,26.5101,1156.9833,0,#ff00ff
27(1),START3,26.5048,1157.0225,0,#ff00ff
27(1),START3,26.4998,1157.0752,0,#ff00ff
27(1),START3,26.4952,1157.1401,0,#ff00ff
27(1),START3,26.4909,1157.2158,0,#ff00ff
27(1),START3,26.4869,1157.301,0,#ff00ff
27(1),START3,26.4834,1157.3944,0,#ff00ff
27(1),START3,26.4804,1157.4948,0,#ff00ff
27(1),START3,26.4779,1157.6009,0,#ff00ff
27(1),START3,26.4758,1157.7113,0,#ff00ff
27(1),START3,26.4744,1157.8247,0,#ff00ff
27(1),START3,26.4735,1157.9398,0,#ff00ff
27(1),START3,26.4732,1158.0554,0,#ff00ff
27(1),START3,26.4736,1158.1701,0,#ff00ff
27(1),START3,26.4747,1158.2826,0,#ff00ff
27(1),START3,26.4764,1158.3918,0,#ff00ff
27(1),START3,26.4787,1158.4969,0,#ff00ff
27(1),START3,26.4814,1158.5972,0,#ff00ff
27(1),START3,26.4845,1158.692,0,#ff00ff
27(1),START3,26.4881,1158.7808,0,#ff00ff
27(1),START3,26.492,1158.8629,0,#ff00ff
27(1),START3,26.4963,1158.9376,0,#ff00ff
27(1),START3,26.5009,1159.0043,0,#ff00ff
27(1),START3,26.5058,1159.0623,0,#ff00ff
27(1),START3,26.5109,1159.111,0,#ff00ff
27(1),START3,26.5162,1159.1497,0,#ff00ff
27(1),START3,26.5217,1159.1778,0,#ff00ff
27(1),START3,26.5273,1159.1946,0,#ff00ff
27(1),START3,26.533,1159.1994,0,#ff00ff
27(1),START3,26.5388,1159.1917,0,#ff00ff
27(1),START3,26.5447,1159.1747,0,#ff00ff
27(1),START3,27.02,1157.2089,0,#ff00ff
27(1),START3,27.2529,1156.1727,0,#ff00ff
27(1),START3,27.2586,1156.1382,0,#ff00ff
27(1),START3,27.2642,1156.0909,0,#ff00ff
27(1),START3,27.2694,1156.0318,0,#ff00ff
27(1),START3,27.2744,1155.9622,0,#ff00ff
27(1),START3,27.2791,1155.883,0,#ff00ff
27(1),START3,27.2834,1155.7954,0,#ff00ff
27(1),START3,27.2873,1155.7004,0,#ff00ff
27(1),START3,27.2908,1155.5991,0,#ff00ff
27(1),START3,27.2938,1155.4925,0,#ff00ff
27(1),START3,27.2964,1155.3819,0,#ff00ff
27(1),START3,27.2984,1155.2682,0,#ff00ff
27(1),START3,27.2999,1155.1526,0,#ff00ff
27(1),START3,27.3008,1155.0362,0,#ff00ff
27(1),START3,27.301,1154.9199,0,#ff00ff
27(1),START3,27.3004,1154.793,0,#ff00ff
27(1),START3,27.2977,1154.5818,0,#ff00ff
27(1),START3,27.2958,1154.4743,0,#ff00ff
27(1),START3,27.2934,1154.374,0,#ff00ff
27(1),START3,27.2903,1154.281,0,#ff00ff
27(1),START3,27.2866,1154.1956,0,#ff00ff
27(1),START3,27.2825,1154.118,0,#ff00ff
27(1),START3,27.2779,1154.0484,0,#ff00ff
27(1),START3,27.2729,1153.9871,0,#ff00ff
27(1),START3,27.2676,1153.9342,0,#ff00ff
27(1),START3,27.262,1153.89,0,#ff00ff
27(1),START3,27.2562,1153.8547,0,#ff00ff
27(1),START3,27.2502,1153.8285,0,#ff00ff
27(1),START3,27.2442,1153.8116,0,#ff00ff
27(1),START3,27.2381,1153.8042,0,#ff00ff
27(1),START3,27.232,1153.8067,0,#ff00ff
27(1),START3,27.2259,1153.819,0,#ff00ff
27(1),START3,27.22,1153.8416,0,#ff00ff
27(1),START3,26.9949,1154.8779,0,#ff00ff
27(1),START3,26.9871,1154.8779,0,#ff00ff
27(1),START3,26.9815,1154.9107,0,#ff00ff
27(1),START3,26.9762,1154.9534,0,#ff00ff
27(1),START3,26.9713,1155.0051,0,#ff00ff
27(1),START3,26.9669,1155.0652,0,#ff00ff
27(1),START3,26.9628,1155.1332,0,#ff00ff
27(1),START3,26.9591,1155.2084,0,#ff00ff
27(1),START3,26.9559,1155.29,0,#ff00ff
27(1),START3,26.9531,1155.3775,0,#ff00ff
27(1),START3,26.9508,1155.4702,0,#ff00ff
27(1),START3,26.949,1155.5675,0,#ff00ff
27(1),START3,26.9476,1155.6686,0,#ff00ff
27(1),START3,26.9467,1155.773,0,#ff00ff
27(1),START3,26.9463,1155.8801,0,#ff00ff
27(1),START3,26.9465,1155.989,0,#ff00ff
27(1),START3,26.9471,1156.0993,0,#ff00ff
27(1),START3,26.9483,1156.2102,0,#ff00ff
27(1),START3,26.95,1156.3194,0,#ff00ff
27(1),START3,26.9523,1156.4244,0,#ff00ff
27(1),START3,26.955,1156.5247,0,#ff00ff
27(1),START3,26.9581,1156.6196,0,#ff00ff
27(1),START3,26.9628,1156.7767,0,#ff00ff
27(1),START3,26.9675,1156.901,0,#ff00ff
27(1),START3,26.9718,1156.9757,0,#ff00ff
27(1),START3,26.9763,1157.0423,0,#ff00ff
27(1),START3,26.9812,1157.1003,0,#ff00ff
27(1),START3,26.9863,1157.149,0,#ff00ff
27(1),START3,26.9916,1157.1877,0,#ff00ff
27(1),START3,26.9971,1157.2158,0,#ff00ff
27(1),START3,27.0027,1157.2326,0,#ff00ff
27(1),START3,27.0084,1157.2375,0,#ff00ff
27(1),START3,27.0142,1157.2298,0,#ff00ff
27(1),START3,27.02,1157.2089,0,#ff00ff
27(1),START3,27.4858,1154.9884,0,#ff00ff
27(1),START3,27.4936,1154.8404,0,#ff00ff
27(1),START3,27.6644,1153.9522,0,#ff00ff
27(1),START3,27.7187,1153.6561,0,#ff00ff
27(1),START3,27.7244,1153.6232,0,#ff00ff
27(1),START3,27.7296,1153.5806,0,#ff00ff
27(1),START3,27.7345,1153.5289,0,#ff00ff
27(1),START3,27.739,1153.4688,0,#ff00ff
27(1),START3,27.7431,1153.4008,0,#ff00ff
27(1),START3,27.7467,1153.3256,0,#ff00ff
27(1),START3,27.7499,1153.244,0,#ff00ff
27(1),START3,27.7527,1153.1565,0,#ff00ff
27(1),START3,27.755,1153.0638,0,#ff00ff
27(1),START3,27.7569,1152.9666,0,#ff00ff
27(1),START3,27.7582,1152.8654,0,#ff00ff
27(1),START3,27.7591,1152.761,0,#ff00ff
27(1),START3,27.7595,1152.654,0,#ff00ff
27(1),START3,27.7594,1152.545,0,#ff00ff
27(1),START3,27.7587,1152.4348,0,#ff00ff
27(1),START3,27.7576,1152.3239,0,#ff00ff
27(1),START3,27.7558,1152.1903,0,#ff00ff
27(1),START3,27.7536,1152.0671,0,#ff00ff
27(1),START3,27.749,1151.8438,0,#ff00ff
27(1),START3,27.7459,1151.7415,0,#ff00ff
27(1),START3,27.7423,1151.6495,0,#ff00ff
27(1),START3,27.7384,1151.568,0,#ff00ff
27(1),START3,27.7341,1151.4969,0,#ff00ff
27(1),START3,27.7295,1151.4362,0,#ff00ff
27(1),START3,27.7246,1151.3858,0,#ff00ff
27(1),START3,27.7195,1151.3459,0,#ff00ff
27(1),START3,27.7142,1151.3165,0,#ff00ff
27(1),START3,27.7088,1151.2974,0,#ff00ff
27(1),START3,27.7032,1151.2887,0,#ff00ff
27(1),START3,27.6974,1151.2904,0,#ff00ff
27(1),START3,27.6917,1151.3026,0,#ff00ff
27(1),START3,27.6858,1151.3251,0,#ff00ff
27(1),START3,27.6315,1151.6212,0,#ff00ff
27(1),START3,27.4607,1152.5094,0,#ff00ff
27(1),START3,27.4529,1152.6574,0,#ff00ff
27(1),START3,27.4473,1152.6903,0,#ff00ff
27(1),START3,27.442,1152.7329,0,#ff00ff
27(1),START3,27.4372,1152.7846,0,#ff00ff
27(1),START3,27.4327,1152.8448,0,#ff00ff
27(1),START3,27.4286,1152.9128,0,#ff00ff
27(1),START3,27.425,1152.9879,0,#ff00ff
27(1),START3,27.4217,1153.0695,0,#ff00ff
27(1),START3,27.419,1153.157,0,#ff00ff
27(1),START3,27.4166,1153.2497,0,#ff00ff
27(1),START3,27.4148,1153.347,0,#ff00ff
27(1),START3,27.4134,1153.4481,0,#ff00ff
27(1),START3,27.4125,1153.5526,0,#ff00ff
27(1),START3,27.4122,1153.6596,0,#ff00ff
27(1),START3,27.4123,1153.7685,0,#ff00ff
27(1),START3,27.4129,1153.8788,0,#ff00ff
27(1),START3,27.4157,1154.0847,0,#ff00ff
27(1),START3,27.4177,1154.2094,0,#ff00ff
27(1),START3,27.4199,1154.3145,0,#ff00ff
27(1),START3,27.4226,1154.4148,0,#ff00ff
27(1),START3,27.4258,1154.5096,0,#ff00ff
27(1),START3,27.4293,1154.5984,0,#ff00ff
27(1),START3,27.4333,1154.6805,0,#ff00ff
27(1),START3,27.4376,1154.7552,0,#ff00ff
27(1),START3,27.4422,1154.8219,0,#ff00ff
27(1),START3,27.447,1154.8799,0,#ff00ff
27(1),START3,27.4521,1154.9286,0,#ff00ff
27(1),START3,27.4574,1154.9673,0,#ff00ff
27(1),START3,27.4629,1154.9953,0,#ff00ff
27(1),START3,27.4685,1155.0121,0,#ff00ff
27(1),START3,27.4742,1155.017,0,#ff00ff
27(1),START3,27.48,1155.0093,0,#ff00ff
27(1),START3,27.4858,1154.9884,0,#ff00ff
27(1),START3,27.9516,1152.3239,0,#ff00ff
27(1),START3,28.0215,1152.0278,0,#ff00ff
27(1),START3,28.1768,1150.9916,0,#ff00ff
27(1),START3,28.1825,1150.9587,0,#ff00ff
27(1),START3,28.188,1150.9158,0,#ff00ff
27(1),START3,28.1932,1150.8634,0,#ff00ff
27(1),START3,28.1981,1150.8019,0,#ff00ff
27(1),START3,28.2027,1150.7317,0,#ff00ff
27(1),START3,28.2068,1150.6533,0,#ff00ff
27(1),START3,28.2105,1150.567,0,#ff00ff
27(1),START3,28.2137,1150.4734,0,#ff00ff
27(1),START3,28.2163,1150.3729,0,#ff00ff
27(1),START3,28.2183,1150.2658,0,#ff00ff
27(1),START3,28.2197,1150.1527,0,#ff00ff
27(1),START3,28.2205,1150.034,0,#ff00ff
27(1),START3,28.2205,1149.91,0,#ff00ff
27(1),START3,28.2197,1149.7813,0,#ff00ff
27(1),START3,28.2181,1149.6482,0,#ff00ff
27(1),START3,28.2156,1149.5112,0,#ff00ff
27(1),START3,28.2139,1149.4037,0,#ff00ff
27(1),START3,28.2117,1149.3034,0,#ff00ff
27(1),START3,28.2076,1149.1281,0,#ff00ff
27(1),START3,28.2039,1149.0145,0,#ff00ff
27(1),START3,28.2004,1148.9369,0,#ff00ff
27(1),START3,28.1964,1148.8673,0,#ff00ff
27(1),START3,28.1921,1148.806,0,#ff00ff
27(1),START3,28.1876,1148.7531,0,#ff00ff
27(1),START3,28.1827,1148.7089,0,#ff00ff
27(1),START3,28.1776,1148.6736,0,#ff00ff
27(1),START3,28.1723,1148.6474,0,#ff00ff
27(1),START3,28.1668,1148.6305,0,#ff00ff
27(1),START3,28.1612,1148.6232,0,#ff00ff
27(1),START3,28.1555,1148.6256,0,#ff00ff
27(1),START3,28.1497,1148.638,0,#ff00ff
27(1),START3,28.1439,1148.6606,0,#ff00ff
27(1),START3,27.9886,1149.6968,0,#ff00ff
27(1),START3,27.911,1150.1408,0,#ff00ff
27(1),START3,27.9053,1150.1737,0,#ff00ff
27(1),START3,27.9001,1150.2163,0,#ff00ff
27(1),START3,27.8952,1150.268,0,#ff00ff
27(1),START3,27.8907,1150.3282,0,#ff00ff
27(1),START3,27.8867,1150.3962,0,#ff00ff
27(1),START3,27.883,1150.4713,0,#ff00ff
27(1),START3,27.8798,1150.553,0,#ff00ff
27(1),START3,27.877,1150.6405,0,#ff00ff
27(1),START3,27.8747,1150.7332,0,#ff00ff
27(1),START3,27.8728,1150.8304,0,#ff00ff
27(1),START3,27.8715,1150.9316,0,#ff00ff
27(1),START3,27.8706,1151.036,0,#ff00ff
27(1),START3,27.8706,1151.1685,0,#ff00ff
27(1),START3,27.8722,1151.3625,0,#ff00ff
27(1),START3,27.8728,1151.4728,0,#ff00ff
27(1),START3,27.874,1151.5837,0,#ff00ff
27(1),START3,27.8758,1151.6928,0,#ff00ff
27(1),START3,27.8783,1151.7976,0,#ff00ff
27(1),START3,27.8814,1151.8972,0,#ff00ff
27(1),START3,27.8851,1151.9908,0,#ff00ff
27(1),START3,27.8892,1152.0774,0,#ff00ff
27(1),START3,27.8938,1152.1562,0,#ff00ff
27(1),START3,27.8988,1152.2263,0,#ff00ff
27(1),START3,27.9041,1152.2869,0,#ff00ff
27(1),START3,27.9097,1152.337,0,#ff00ff
27(1),START3,27.9155,1152.3759,0,#ff00ff
27(1),START3,27.9214,1152.4026,0,#ff00ff
27(1),START3,27.9275,1152.4164,0,#ff00ff
27(1),START3,27.9336,1152.4162,0,#ff00ff
27(1),START3,27.9397,1152.4014,0,#ff00ff
27(1),START3,27.9457,1152.3708,0,#ff00ff
27(1),START3,27.9516,1152.3239,0,#ff00ff
27(1),START3,28.414,1149.8777,0,#ff00ff
27(1),START3,28.5692,1148.8416,0,#ff00ff
27(1),START3,28.6391,1148.3975,0,#ff00ff
27(1),START3,28.6448,1148.3646,0,#ff00ff
27(1),START3,28.6503,1148.322,0,#ff00ff
27(1),START3,28.6556,1148.2703,0,#ff00ff
27(1),START3,28.6605,1148.2101,0,#ff00ff
27(1),START3,28.665,1148.1421,0,#ff00ff
27(1),START3,28.6691,1148.067,0,#ff00ff
27(1),START3,28.6728,1147.9853,0,#ff00ff
27(1),START3,28.6717,1147.6793,0,#ff00ff
27(1),START3,28.6744,1147.5866,0,#ff00ff
27(1),START3,28.6764,1147.4894,0,#ff00ff
27(1),START3,28.6778,1147.3882,0,#ff00ff
27(1),START3,28.6785,1147.2838,0,#ff00ff
27(1),START3,28.6785,1147.1768,0,#ff00ff
27(1),START3,28.6777,1147.0679,0,#ff00ff
27(1),START3,28.6761,1146.9576,0,#ff00ff
27(1),START3,28.6737,1146.8467,0,#ff00ff
27(1),START3,28.6719,1146.7375,0,#ff00ff
27(1),START3,28.6697,1146.6327,0,#ff00ff
27(1),START3,28.667,1146.5331,0,#ff00ff
27(1),START3,28.6623,1146.3502,0,#ff00ff
27(1),START3,28.6584,1146.2425,0,#ff00ff
27(1),START3,28.6545,1146.1637,0,#ff00ff
27(1),START3,28.6502,1146.0936,0,#ff00ff
27(1),START3,28.6456,1146.033,0,#ff00ff
27(1),START3,28.6408,1145.9828,0,#ff00ff
27(1),START3,28.6357,1145.9439,0,#ff00ff
27(1),START3,28.6303,1145.9172,0,#ff00ff
27(1),START3,28.6249,1145.9035,0,#ff00ff
27(1),START3,28.6193,1145.9036,0,#ff00ff
27(1),START3,28.6135,1145.9185,0,#ff00ff
27(1),START3,28.6078,1145.949,0,#ff00ff
27(1),START3,28.6019,1145.996,0,#ff00ff
27(1),START3,28.5321,1146.44,0,#ff00ff
27(1),START3,28.369,1147.3283,0,#ff00ff
27(1),START3,28.3634,1147.3628,0,#ff00ff
27(1),START3,28.3581,1147.4101,0,#ff00ff
27(1),START3,28.3533,1147.4691,0,#ff00ff
27(1),START3,28.3488,1147.5388,0,#ff00ff
27(1),START3,28.3447,1147.618,0,#ff00ff
27(1),START3,28.3411,1147.7056,0,#ff00ff
27(1),START3,28.3378,1147.8006,0,#ff00ff
27(1),START3,28.3351,1147.9019,0,#ff00ff
27(1),START3,28.3328,1148.0084,0,#ff00ff
27(1),START3,28.3309,1148.1191,0,#ff00ff
27(1),START3,28.3295,1148.2327,0,#ff00ff
27(1),START3,28.3289,1148.3645,0,#ff00ff
27(1),START3,28.3301,1148.5753,0,#ff00ff
27(1),START3,28.3302,1148.6916,0,#ff00ff
27(1),START3,28.3309,1148.8066,0,#ff00ff
27(1),START3,28.3321,1148.9191,0,#ff00ff
27(1),START3,28.3339,1149.0266,0,#ff00ff
27(1),START3,28.3364,1149.127,0,#ff00ff
27(1),START3,28.3394,1149.22,0,#ff00ff
27(1),START3,28.3431,1149.3054,0,#ff00ff
27(1),START3,28.3473,1149.383,0,#ff00ff
27(1),START3,28.3519,1149.4525,0,#ff00ff
27(1),START3,28.3568,1149.5139,0,#ff00ff
27(1),START3,28.3621,1149.5667,0,#ff00ff
27(1),START3,28.3677,1149.6109,0,#ff00ff
27(1),START3,28.3735,1149.6462,0,#ff00ff
27(1),START3,28.3795,1149.6724,0,#ff00ff
27(1),START3,28.3856,1149.6893,0,#ff00ff
27(1),START3,28.3959,1149.9151,0,#ff00ff
27(1),START3,28.402,1149.9127,0,#ff00ff
27(1),START3,28.4081,1149.9003,0,#ff00ff
27(1),START3,28.414,1149.8777,0,#ff00ff
27(1),START3,28.872,1147.0652,0,#ff00ff
27(1),START3,28.9264,1146.769,0,#ff00ff
27(1),START3,29.09,1145.7603,0,#ff00ff
27(1),START3,29.0972,1145.5848,0,#ff00ff
27(1),START3,29.1028,1145.5503,0,#ff00ff
27(1),START3,29.1081,1145.503,0,#ff00ff
27(1),START3,29.113,1145.444,0,#ff00ff
27(1),START3,29.1174,1145.3744,0,#ff00ff
27(1),START3,29.1215,1145.2952,0,#ff00ff
27(1),START3,29.1251,1145.2075,0,#ff00ff
27(1),START3,29.1284,1145.1125,0,#ff00ff
27(1),START3,29.1311,1145.0112,0,#ff00ff
27(1),START3,29.1335,1144.9047,0,#ff00ff
27(1),START3,29.1353,1144.7941,0,#ff00ff
27(1),START3,29.1367,1144.6804,0,#ff00ff
27(1),START3,29.1333,1144.3463,0,#ff00ff
27(1),START3,29.1337,1144.2299,0,#ff00ff
27(1),START3,29.1336,1144.1136,0,#ff00ff
27(1),START3,29.1329,1143.9986,0,#ff00ff
27(1),START3,29.1317,1143.886,0,#ff00ff
27(1),START3,29.1299,1143.7785,0,#ff00ff
27(1),START3,29.1268,1143.6381,0,#ff00ff
27(1),START3,29.1225,1143.4746,0,#ff00ff
27(1),START3,29.1188,1143.3892,0,#ff00ff
27(1),START3,29.1147,1143.3117,0,#ff00ff
27(1),START3,29.1101,1143.2421,0,#ff00ff
27(1),START3,29.1051,1143.1807,0,#ff00ff
27(1),START3,29.0998,1143.1279,0,#ff00ff
27(1),START3,29.0942,1143.0837,0,#ff00ff
27(1),START3,29.0884,1143.0484,0,#ff00ff
27(1),START3,29.0824,1143.0222,0,#ff00ff
27(1),START3,29.0764,1143.0053,0,#ff00ff
27(1),START3,29.0703,1142.998,0,#ff00ff
27(1),START3,29.0642,1143.0004,0,#ff00ff
27(1),START3,29.0581,1143.0128,0,#ff00ff
27(1),START3,29.0522,1143.0354,0,#ff00ff
27(1),START3,29.0445,1143.1834,0,#ff00ff
27(1),START3,28.8814,1144.2196,0,#ff00ff
27(1),START3,28.8271,1144.5157,0,#ff00ff
27(1),START3,28.8215,1144.5502,0,#ff00ff
27(1),START3,28.8162,1144.5975,0,#ff00ff
27(1),START3,28.8113,1144.6565,0,#ff00ff
27(1),START3,28.8068,1144.7262,0,#ff00ff
27(1),START3,28.8028,1144.8054,0,#ff00ff
27(1),START3,28.7991,1144.893,0,#ff00ff
27(1),START3,28.7959,1144.988,0,#ff00ff
27(1),START3,28.7931,1145.0893,0,#ff00ff
27(1),START3,28.7908,1145.1958,0,#ff00ff
27(1),START3,28.789,1145.3064,0,#ff00ff
27(1),START3,28.7876,1145.4201,0,#ff00ff
27(1),START3,28.7867,1145.5357,0,#ff00ff
27(1),START3,28.7878,1145.7443,0,#ff00ff
27(1),START3,28.7883,1145.879,0,#ff00ff
27(1),START3,28.7889,1145.9939,0,#ff00ff
27(1),START3,28.7901,1146.1065,0,#ff00ff
27(1),START3,28.7919,1146.214,0,#ff00ff
27(1),START3,28.7944,1146.3144,0,#ff00ff
27(1),START3,28.7975,1146.4074,0,#ff00ff
27(1),START3,28.8012,1146.4928,0,#ff00ff
27(1),START3,28.8053,1146.5704,0,#ff00ff
27(1),START3,28.8099,1146.6399,0,#ff00ff
27(1),START3,28.8192,1146.9197,0,#ff00ff
27(1),START3,28.8245,1146.9726,0,#ff00ff
27(1),START3,28.8301,1147.0168,0,#ff00ff
27(1),START3,28.8359,1147.0521,0,#ff00ff
27(1),START3,28.8418,1147.0783,0,#ff00ff
27(1),START3,28.8479,1147.0952,0,#ff00ff
27(1),START3,28.854,1147.1026,0,#ff00ff
27(1),START3,28.8601,1147.1001,0,#ff00ff
27(1),START3,28.8661,1147.0878,0,#ff00ff
27(1),START3,28.872,1147.0652,0,#ff00ff
27(1),START3,29.3323,1144.2049,0,#ff00ff
27(1),START3,29.3944,1143.7608,0,#ff00ff
27(1),START3,29.4643,1143.4647,0,#ff00ff
27(1),START3,29.5602,1142.9656,0,#ff00ff
27(1),START3,29.5658,1142.9067,0,#ff00ff
27(1),START3,29.5711,1142.8412,0,#ff00ff
27(1),START3,29.5759,1142.7698,0,#ff00ff
27(1),START3,29.5804,1142.6926,0,#ff00ff
27(1),START3,29.5845,1142.6103,0,#ff00ff
27(1),START3,29.5881,1142.5232,0,#ff00ff
27(1),START3,29.5913,1142.4313,0,#ff00ff
27(1),START3,29.5927,1142.2856,0,#ff00ff
27(1),START3,29.5937,1142.1447,0,#ff00ff
27(1),START3,29.5956,1142.0428,0,#ff00ff
27(1),START3,29.597,1141.9384,0,#ff00ff
27(1),START3,29.5979,1141.8318,0,#ff00ff
27(1),START3,29.5964,1141.6426,0,#ff00ff
27(1),START3,29.5959,1141.5134,0,#ff00ff
27(1),START3,29.5952,1141.4029,0,#ff00ff
27(1),START3,29.5898,1141.0735,0,#ff00ff
27(1),START3,29.5867,1140.9659,0,#ff00ff
27(1),START3,29.5819,1140.7855,0,#ff00ff
27(1),START3,29.5777,1140.6621,0,#ff00ff
27(1),START3,29.5736,1140.5767,0,#ff00ff
27(1),START3,29.5692,1140.4927,0,#ff00ff
27(1),START3,29.5638,1140.3394,0,#ff00ff
27(1),START3,29.5588,1140.2585,0,#ff00ff
27(1),START3,29.5538,1140.2056,0,#ff00ff
27(1),START3,29.5486,1140.1614,0,#ff00ff
27(1),START3,29.5432,1140.1261,0,#ff00ff
27(1),START3,29.5378,1140.0999,0,#ff00ff
27(1),START3,29.5322,1140.083,0,#ff00ff
27(1),START3,29.5265,1140.0757,0,#ff00ff
27(1),START3,29.5207,1140.0749,0,#ff00ff
27(1),START3,29.5149,1140.0899,0,#ff00ff
27(1),START3,29.5091,1140.1131,0,#ff00ff
27(1),START3,29.3462,1141.1596,0,#ff00ff
27(1),START3,29.2851,1141.7031,0,#ff00ff
27(1),START3,29.2794,1141.7359,0,#ff00ff
27(1),START3,29.2739,1141.7785,0,#ff00ff
27(1),START3,29.2687,1141.8303,0,#ff00ff
27(1),START3,29.2638,1141.8904,0,#ff00ff
27(1),START3,29.2592,1141.9584,0,#ff00ff
27(1),START3,29.2551,1142.0335,0,#ff00ff
27(1),START3,29.2514,1142.1152,0,#ff00ff
27(1),START3,29.2483,1142.2027,0,#ff00ff
27(1),START3,29.2456,1142.2954,0,#ff00ff
27(1),START3,29.2436,1142.3926,0,#ff00ff
27(1),START3,29.2422,1142.4938,0,#ff00ff
27(1),START3,29.2415,1142.5982,0,#ff00ff
27(1),START3,29.2415,1142.7052,0,#ff00ff
27(1),START3,29.2428,1142.844,0,#ff00ff
27(1),START3,29.2457,1143.035,0,#ff00ff
27(1),START3,29.2482,1143.1459,0,#ff00ff
27(1),START3,29.25,1143.2794,0,#ff00ff
27(1),START3,29.2525,1143.4023,0,#ff00ff
27(1),START3,29.2556,1143.5144,0,#ff00ff
27(1),START3,29.2635,1143.8339,0,#ff00ff
27(1),START3,29.2676,1143.9236,0,#ff00ff
27(1),START3,29.2722,1144.0019,0,#ff00ff
27(1),START3,29.2772,1144.0684,0,#ff00ff
27(1),START3,29.2825,1144.123,0,#ff00ff
27(1),START3,29.2895,1144.2276,0,#ff00ff
27(1),START3,29.2961,1144.2959,0,#ff00ff
27(1),START3,29.3021,1144.3135,0,#ff00ff
27(1),START3,29.3082,1144.3182,0,#ff00ff
27(1),START3,29.3143,1144.3099,0,#ff00ff
27(1),START3,29.3204,1144.2884,0,#ff00ff
27(1),START3,29.3264,1144.2535,0,#ff00ff
27(1),START3,29.3323,1144.2049,0,#ff00ff
27(1),START3,29.8485,1141.9246,0,#ff00ff
27(1),START3,29.8718,1141.7766,0,#ff00ff
27(1),START3,29.9106,1141.4805,0,#ff00ff
27(1),START3,29.9163,1141.4476,0,#ff00ff
27(1),START3,29.9215,1141.405,0,#ff00ff
27(1),START3,30.0199,1139.2633,0,#ff00ff
27(1),START3,30.0244,1139.2031,0,#ff00ff
27(1),START3,30.0285,1139.1351,0,#ff00ff
27(1),START3,30.0321,1139.06,0,#ff00ff
27(1),START3,30.0354,1138.9784,0,#ff00ff
27(1),START3,30.0381,1138.8909,0,#ff00ff
27(1),START3,30.0404,1138.7982,0,#ff00ff
27(1),START3,30.0423,1138.7009,0,#ff00ff
27(1),START3,30.0437,1138.5998,0,#ff00ff
27(1),START3,30.0446,1138.4953,0,#ff00ff
27(1),START3,30.0449,1138.3883,0,#ff00ff
27(1),START3,30.0448,1138.2794,0,#ff00ff
27(1),START3,30.0442,1138.1691,0,#ff00ff
27(1),START3,30.043,1138.0582,0,#ff00ff
27(1),START3,30.0412,1137.949,0,#ff00ff
27(1),START3,30.0387,1137.8442,0,#ff00ff
27(1),START3,30.0356,1137.7446,0,#ff00ff
27(1),START3,1.0456,1319.8586,1,#ff00ff
27(1),START3,1.0539,1312.7139,1,#ff00ff
27(1),START3,1.1465,1306.5357,1,#ff00ff
27(1),START3,1.2234,1300.3784,1,#ff00ff
27(1),START3,1.2968,1294.4421,1,#ff00ff
27(1),START3,1.4014,1288.4219,1,#ff00ff
27(1),START3,1.5346,1282.4943,1,#ff00ff
27(1),START3,1.6945,1276.6781,1,#ff00ff
27(1),START3,1.8789,1270.9952,1,#ff00ff
27(1),START3,2.0854,1265.4679,1,#ff00ff
27(1),START3,2.3153,1260.0255,1,#ff00ff
27(1),START3,2.5572,1254.886,1,#ff00ff
27(1),START3,2.8119,1249.9533,1,#ff00ff
27(1),START3,3.0763,1245.239,1,#ff00ff
27(1),START3,3.3474,1240.7528,1,#ff00ff
27(1),START3,3.6218,1236.5037,1,#ff00ff
27(1),START3,3.8966,1232.4995,1,#ff00ff
27(1),START3,4.1687,1228.7482,1,#ff00ff
27(1),START3,4.4349,1225.2577,1,#ff00ff
27(1),START3,4.6908,1222.0559,1,#ff00ff
27(1),START3,4.9449,1219.0261,1,#ff00ff
27(1),START3,5.1919,1216.3163,1,#ff00ff
27(1),START3,5.4656,1213.3993,1,#ff00ff
27(1),START3,5.7195,1211.0153,1,#ff00ff
27(1),START3,5.9747,1208.7114,1,#ff00ff
27(1),START3,6.231,1206.481,1,#ff00ff
27(1),START3,6.4883,1204.3177,1,#ff00ff
27(1),START3,6.7464,1202.215,1,#ff00ff
27(1),START3,7.0053,1200.1661,1,#ff00ff
27(1),START3,7.2649,1198.1645,1,#ff00ff
27(1),START3,7.525,1196.2036,1,#ff00ff
27(1),START3,7.7856,1194.2767,1,#ff00ff
27(1),START3,8.0467,1192.3773,1,#ff00ff
27(1),START3,8.3082,1190.499,1,#ff00ff
27(1),START3,8.5699,1188.6351,1,#ff00ff
27(1),START3,8.8321,1186.7781,1,#ff00ff
27(1),START3,9.0944,1184.9228,1,#ff00ff
27(1),START3,9.3567,1183.0627,1,#ff00ff
27(1),START3,9.6191,1181.1916,1,#ff00ff
27(1),START3,9.9331,1179.092,1,#ff00ff
27(1),START3,10.5684,1174.608,1,#ff00ff
27(1),START3,10.8692,1172.5278,1,#ff00ff
27(1),START3,11.1722,1170.4499,1,#ff00ff
27(1),START3,11.4768,1168.3865,1,#ff00ff
27(1),START3,11.7835,1166.3423,1,#ff00ff
27(1),START3,12.092,1164.3281,1,#ff00ff
27(1),START3,12.402,1162.3533,1,#ff00ff
27(1),START3,12.7135,1160.4271,1,#ff00ff
27(1),START3,13.0263,1158.5587,1,#ff00ff
27(1),START3,13.3403,1156.7575,1,#ff00ff
27(1),START3,13.6554,1155.0329,1,#ff00ff
27(1),START3,13.9714,1153.3943,1,#ff00ff
27(1),START3,14.2881,1151.8511,1,#ff00ff
27(1),START3,14.6054,1150.4128,1,#ff00ff
27(1),START3,14.9232,1149.089,1,#ff00ff
27(1),START3,15.2412,1147.8892,1,#ff00ff
27(1),START3,15.5594,1146.8229,1,#ff00ff
27(1),START3,15.8771,1146.0635,1,#ff00ff
27(1),START3,16.1887,1145.3215,1,#ff00ff
27(1),START3,16.8099,1144.1516,1,#ff00ff
27(1),START3,17.4361,1143.4033,1,#ff00ff
27(1),START3,18.0556,1142.6646,1,#ff00ff
27(1),START3,18.6915,1141.7775,1,#ff00ff
27(1),START3,19.0436,1141.158,1,#ff00ff
27(1),START3,19.3962,1140.3955,1,#ff00ff
27(1),START3,19.7486,1139.5023,1,#ff00ff
27(1),START3,20.101,1138.4905,1,#ff00ff
27(1),START3,20.4534,1137.372,1,#ff00ff
27(1),START3,20.8055,1136.1591,1,#ff00ff
27(1),START3,21.1575,1134.8644,1,#ff00ff
27(1),START3,21.5093,1133.5005,1,#ff00ff
27(1),START3,21.8609,1132.0803,1,#ff00ff
27(1),START3,22.2121,1130.6166,1,#ff00ff
27(1),START3,22.563,1129.1226,1,#ff00ff
27(1),START3,22.9135,1127.6112,1,#ff00ff
27(1),START3,23.2636,1126.0956,1,#ff00ff
27(1),START3,23.6132,1124.5889,1,#ff00ff
27(1),START3,23.9623,1123.104,1,#ff00ff
27(1),START3,24.3107,1121.6539,1,#ff00ff
27(1),START3,24.9314,1118.9914,1,#ff00ff
27(1),START3,26.1892,1114.1052,1,#ff00ff
27(1),START3,26.779,1112.0198,1,#ff00ff
27(1),START3,27.3583,1109.8556,1,#ff00ff
27(1),START3,27.9313,1107.6048,1,#ff00ff
27(1),START3,28.499,1105.2724,1,#ff00ff
27(1),START3,29.0623,1102.8631,1,#ff00ff
27(1),START3,29.6221,1100.3815,1,#ff00ff
27(1),START3,30.1799,1097.8301,1,#ff00ff
27(1),START3,30.7359,1095.2151,1,#ff00ff
27(1),START3,31.2909,1092.5423,1,#ff00ff
27(1),START3,31.8462,1089.814,1,#ff00ff
27(1),START3,32.4026,1087.0342,1,#ff00ff
27(1),START3,32.9613,1084.2067,1,#ff00ff
27(1),START3,33.523,1081.3356,1,#ff00ff
27(1),START3,34.0887,1078.4248,1,#ff00ff
27(1),START3,34.6594,1075.4784,1,#ff00ff
27(1),START3,35.2359,1072.5005,1,#ff00ff
27(1),START3,35.5315,1071.0172,1,#ff00ff
27(1),START3,35.8092,1069.5051,1,#ff00ff
27(1),START3,36.0737,1068.063,1,#ff00ff
27(1),START3,36.4464,1065.9992,1,#ff00ff
27(1),START3,36.8211,1063.9794,1,#ff00ff
27(1),START3,37.1963,1062.0097,1,#ff00ff
27(1),START3,37.5706,1060.0953,1,#ff00ff
27(1),START3,37.9448,1058.2284,1,#ff00ff
27(1),START3,38.3192,1056.4058,1,#ff00ff
27(1),START3,38.6937,1054.6243,1,#ff00ff
27(1),START3,39.0686,1052.8806,1,#ff00ff
27(1),START3,39.4438,1051.1715,1,#ff00ff
27(1),START3,39.8195,1049.4937,1,#ff00ff
27(1),START3,40.1958,1047.8441,1,#ff00ff
27(1),START3,40.5728,1046.2195,1,#ff00ff
27(1),START3,40.9506,1044.6166,1,#ff00ff
27(1),START3,41.3294,1043.0323,1,#ff00ff
27(1),START3,41.7091,1041.4632,1,#ff00ff
27(1),START3,42.0914,1039.9022,1,#ff00ff
27(1),START3,42.3867,1038.7464,1,#ff00ff
27(1),START3,42.6961,1037.3896,1,#ff00ff
27(1),START3,43.3184,1034.8975,1,#ff00ff
27(1),START3,44.6216,1029.5725,1,#ff00ff
27(1),START3,45.2893,1026.9079,1,#ff00ff
27(1),START3,46.0991,1023.6757,1,#ff00ff
27(1),START3,46.9094,1020.488,1,#ff00ff
27(1),START3,47.7196,1017.3448,1,#ff00ff
27(1),START3,48.5299,1014.2438,1,#ff00ff
27(1),START3,49.3402,1011.183,1,#ff00ff
27(1),START3,50.1506,1008.1602,1,#ff00ff
27(1),START3,50.9613,1005.1732,1,#ff00ff
27(1),START3,51.7721,1002.2198,1,#ff00ff
27(1),START3,52.5833,999.298,1,#ff00ff
27(1),START3,53.3948,996.4056,1,#ff00ff
27(1),START3,54.2067,993.5405,1,#ff00ff
27(1),START3,55.019,990.7006,1,#ff00ff
27(1),START3,55.8319,987.8837,1,#ff00ff
27(1),START3,56.6453,985.0877,1,#ff00ff
27(1),START3,57.4593,982.3106,1,#ff00ff
27(1),START3,58.2739,979.5502,1,#ff00ff
27(1),START3,58.5532,978.6366,1,#ff00ff
27(1),START3,58.8145,977.7573,1,#ff00ff
27(1),START3,59.0499,976.8465,1,#ff00ff
27(1),START3,59.2877,975.9836,1,#ff00ff
27(1),START3,59.5258,975.1738,1,#ff00ff
27(1),START3,59.7641,974.4124,1,#ff00ff
27(1),START3,60.0026,973.6948,1,#ff00ff
27(1),START3,60.2412,973.0161,1,#ff00ff
27(1),START3,60.4806,972.3697,1,#ff00ff
27(1),START3,60.7191,971.7545,1,#ff00ff
27(1),START3,60.9577,971.1629,1,#ff00ff
27(1),START3,61.1962,970.5898,1,#ff00ff
27(1),START3,61.4346,970.0299,1,#ff00ff
27(1),START3,61.673,969.478,1,#ff00ff
27(1),START3,61.9112,968.9291,1,#ff00ff
27(1),START3,62.1492,968.3783,1,#ff00ff
27(1),START3,62.3871,967.8207,1,#ff00ff
27(1),START3,62.6324,967.2383,1,#ff00ff
27(1),START3,63.0278,966.2177,1,#ff00ff
27(1),START3,63.2464,965.6217,1,#ff00ff
27(1),START3,65.5059,959.9922,1,#ff00ff
27(1),START3,67.764,954.3629,1,#ff00ff
27(1),START3,70.0223,948.7304,1,#ff00ff
27(1),START3,72.2806,943.0948,1,#ff00ff
27(1),START3,74.5389,937.4564,1,#ff00ff
27(1),START3,76.7973,931.8155,1,#ff00ff
27(1),START3,79.0557,926.1722,1,#ff00ff
27(1),START3,81.3141,920.5269,1,#ff00ff
27(1),START3,83.5725,914.8798,1,#ff00ff
27(1),START3,85.8309,909.231,1,#ff00ff
27(1),START3,88.0892,903.5809,1,#ff00ff
27(1),START3,90.3475,897.9297,1,#ff00ff
27(1),START3,92.6057,892.2776,1,#ff00ff
27(1),START3,94.8638,886.6249,1,#ff00ff
27(1),START3,97.1218,880.9718,1,#ff00ff
27(1),START3,99.3793,875.3193,1,#ff00ff
27(1),START3,99.5863,874.8671,1,#ff00ff
27(1),START3,99.7675,874.4311,1,#ff00ff
27(1),START3,99.9913,874.8087,1,#ff00ff
27(1),START3,99.9983,874.7758,1,#ff00ff
27(1),START3,100.0051,874.7332,1,#ff00ff
27(1),START3,100.0114,874.6815,1,#ff00ff
27(1),START3,100.0172,874.6214,1,#ff00ff
27(1),START3,100.0226,874.5534,1,#ff00ff
27(1),START3,100.0276,874.4782,1,#ff00ff
27(1),START3,100.032,874.3966,1,#ff00ff
27(1),START3,100.0359,874.3091,1,#ff00ff
27(1),START3,100.0393,874.2164,1,#ff00ff
27(1),START3,100.0421,874.1191,1,#ff00ff
27(1),START3,100.0443,874.018,1,#ff00ff
27(1),START3,100.0458,873.9136,1,#ff00ff
27(1),START3,100.0468,873.8066,1,#ff00ff
27(1),START3,100.0471,873.6976,1,#ff00ff
27(1),START3,100.0467,873.5873,1,#ff00ff
27(1),START3,100.0456,873.4764,1,#ff00ff
27(1),START3,100.0452,873.3672,1,#ff00ff
27(1),START3,100.0442,873.2619,1,#ff00ff
27(1),START3,44.8245,909.2187,2,#ff00ff
27(1),START3,44.8245,909.0706,3,#ff00ff
27(1),START3,44.8245,824.5445,4,#ff00ff
27(1),START3,44.8245,824.3964,5,#ff00ff
27(1),START3,44.8245,975.5369,6,#ff00ff
27(1),START3,44.8245,975.6848,7,#ff00ff
27(1),START3,54.9094,900.0406,8,#ff00ff
27(1),START3,54.9094,900.0406,9,#ff00ff
27(1),START3,54.9094,849.7099,10,#ff00ff
27(1),START3,54.9094,849.5619,11,#ff00ff
27(1),START3,54.9094,950.3715,12,#ff00ff
27(1),START3,54.9094,950.3715,13,#ff00ff
27(1),TRANSURANUS Bulgaria,5.0516,1500.1613,0,#0000ff
27(1),TRANSURANUS Bulgaria,5.0982,1493.4998,0,#0000ff
27(1),TRANSURANUS Bulgaria,5.564,1475.7361,0,#0000ff
27(1),TRANSURANUS Bulgaria,5.874,1463.6178,0,#0000ff
27(1),TRANSURANUS Bulgaria,6.1841,1451.203,0,#0000ff
27(1),TRANSURANUS Bulgaria,6.356,1444.5597,0,#0000ff
27(1),TRANSURANUS Bulgaria,6.5254,1437.9288,0,#0000ff
27(1),TRANSURANUS Bulgaria,6.6939,1431.2699,0,#0000ff
27(1),TRANSURANUS Bulgaria,6.8619,1424.5901,0,#0000ff
27(1),TRANSURANUS Bulgaria,7.0299,1417.8963,0,#0000ff
27(1),TRANSURANUS Bulgaria,7.1983,1411.1955,0,#0000ff
27(1),TRANSURANUS Bulgaria,7.3675,1404.4945,0,#0000ff
27(1),TRANSURANUS Bulgaria,7.5381,1397.8003,0,#0000ff
27(1),TRANSURANUS Bulgaria,7.7104,1391.12,0,#0000ff
27(1),TRANSURANUS Bulgaria,7.885,1384.4605,0,#0000ff
27(1),TRANSURANUS Bulgaria,8.0622,1377.829,0,#0000ff
27(1),TRANSURANUS Bulgaria,8.2426,1371.2325,0,#0000ff
27(1),TRANSURANUS Bulgaria,8.4265,1364.6782,0,#0000ff
27(1),TRANSURANUS Bulgaria,8.6145,1358.1732,0,#0000ff
27(1),TRANSURANUS Bulgaria,8.8069,1351.725,0,#0000ff
27(1),TRANSURANUS Bulgaria,9.0043,1345.3408,0,#0000ff
27(1),TRANSURANUS Bulgaria,9.3142,1335.8327,0,#0000ff
27(1),TRANSURANUS Bulgaria,9.4089,1333.0069,0,#0000ff
27(1),TRANSURANUS Bulgaria,9.5095,1330.1141,0,#0000ff
27(1),TRANSURANUS Bulgaria,9.6118,1327.3382,0,#0000ff
27(1),TRANSURANUS Bulgaria,9.7165,1324.5912,0,#0000ff
27(1),TRANSURANUS Bulgaria,9.8238,1321.8762,0,#0000ff
27(1),TRANSURANUS Bulgaria,9.9336,1319.196,0,#0000ff
27(1),TRANSURANUS Bulgaria,10.0461,1316.5537,0,#0000ff
27(1),TRANSURANUS Bulgaria,10.1613,1313.9521,0,#0000ff
27(1),TRANSURANUS Bulgaria,10.2792,1311.3944,0,#0000ff
27(1),TRANSURANUS Bulgaria,10.4,1308.8837,0,#0000ff
27(1),TRANSURANUS Bulgaria,10.5238,1306.4232,0,#0000ff
27(1),TRANSURANUS Bulgaria,10.6505,1304.0161,0,#0000ff
27(1),TRANSURANUS Bulgaria,10.7802,1301.6658,0,#0000ff
27(1),TRANSURANUS Bulgaria,10.9131,1299.3757,0,#0000ff
27(1),TRANSURANUS Bulgaria,11.0491,1297.1493,0,#0000ff
27(1),TRANSURANUS Bulgaria,11.1882,1294.9902,0,#0000ff
27(1),TRANSURANUS Bulgaria,11.351,1292.579,0,#0000ff
27(1),TRANSURANUS Bulgaria,11.5062,1290.5067,0,#0000ff
27(1),TRANSURANUS Bulgaria,11.6579,1288.6309,0,#0000ff
27(1),TRANSURANUS Bulgaria,11.8229,1286.4513,0,#0000ff
27(1),TRANSURANUS Bulgaria,12.0476,1283.9658,0,#0000ff
27(1),TRANSURANUS Bulgaria,12.2796,1281.5816,0,#0000ff
27(1),TRANSURANUS Bulgaria,12.5108,1279.3654,0,#0000ff
27(1),TRANSURANUS Bulgaria,12.7432,1277.2496,0,#0000ff
27(1),TRANSURANUS Bulgaria,12.9767,1275.2166,0,#0000ff
27(1),TRANSURANUS Bulgaria,13.2111,1273.249,0,#0000ff
27(1),TRANSURANUS Bulgaria,13.4462,1271.3295,0,#0000ff
27(1),TRANSURANUS Bulgaria,13.6819,1269.4411,0,#0000ff
27(1),TRANSURANUS Bulgaria,13.9178,1267.5667,0,#0000ff
27(1),TRANSURANUS Bulgaria,14.1538,1265.6896,0,#0000ff
27(1),TRANSURANUS Bulgaria,14.3897,1263.7929,0,#0000ff
27(1),TRANSURANUS Bulgaria,14.6253,1261.8598,0,#0000ff
27(1),TRANSURANUS Bulgaria,14.8604,1259.8733,0,#0000ff
27(1),TRANSURANUS Bulgaria,15.0949,1257.8165,0,#0000ff
27(1),TRANSURANUS Bulgaria,15.3287,1255.6722,0,#0000ff
27(1),TRANSURANUS Bulgaria,15.5616,1253.4228,0,#0000ff
27(1),TRANSURANUS Bulgaria,15.867,1250.6479,0,#0000ff
27(1),TRANSURANUS Bulgaria,16.1882,1248.1843,0,#0000ff
27(1),TRANSURANUS Bulgaria,16.6407,1244.7851,0,#0000ff
27(1),TRANSURANUS Bulgaria,17.0964,1241.4728,0,#0000ff
27(1),TRANSURANUS Bulgaria,17.5553,1238.2791,0,#0000ff
27(1),TRANSURANUS Bulgaria,18.0167,1235.2215,0,#0000ff
27(1),TRANSURANUS Bulgaria,18.4805,1232.2989,0,#0000ff
27(1),TRANSURANUS Bulgaria,18.9465,1229.5099,0,#0000ff
27(1),TRANSURANUS Bulgaria,19.4146,1226.8524,0,#0000ff
27(1),TRANSURANUS Bulgaria,19.8846,1224.3235,0,#0000ff
27(1),TRANSURANUS Bulgaria,20.3563,1221.9202,0,#0000ff
27(1),TRANSURANUS Bulgaria,20.8296,1219.6386,0,#0000ff
27(1),TRANSURANUS Bulgaria,21.3029,1217.4825,0,#0000ff
27(1),TRANSURANUS Bulgaria,21.779,1215.4335,0,#0000ff
27(1),TRANSURANUS Bulgaria,22.2561,1213.4923,0,#0000ff
27(1),TRANSURANUS Bulgaria,22.7342,1211.654,0,#0000ff
27(1),TRANSURANUS Bulgaria,23.213,1209.9132,0,#0000ff
27(1),TRANSURANUS Bulgaria,23.6924,1208.2649,0,#0000ff
27(1),TRANSURANUS Bulgaria,24.9375,1203.9389,0,#0000ff
27(1),TRANSURANUS Bulgaria,26.1794,1199.8206,0,#0000ff
27(1),TRANSURANUS Bulgaria,27.4401,1196.2568,0,#0000ff
27(1),TRANSURANUS Bulgaria,28.6821,1192.7048,0,#0000ff
27(1),TRANSURANUS Bulgaria,29.9374,1189.0117,0,#0000ff
27(1),TRANSURANUS Bulgaria,35.5254,1172.1871,0,#0000ff
27(1),TRANSURANUS Bulgaria,35.805,1171.1087,0,#0000ff
27(1),TRANSURANUS Bulgaria,37.1246,1166.5483,0,#0000ff
27(1),TRANSURANUS Bulgaria,37.4059,1165.4828,0,#0000ff
27(1),TRANSURANUS Bulgaria,37.7024,1164.5641,0,#0000ff
27(1),TRANSURANUS Bulgaria,38.014,1163.6616,0,#0000ff
27(1),TRANSURANUS Bulgaria,38.17,1163.2983,0,#0000ff
27(1),TRANSURANUS Bulgaria,38.5089,1162.2168,0,#0000ff
27(1),TRANSURANUS Bulgaria,38.6749,1161.7492,0,#0000ff
27(1),TRANSURANUS Bulgaria,38.8522,1161.3578,0,#0000ff
27(1),TRANSURANUS Bulgaria,39.0206,1160.9911,0,#0000ff
27(1),TRANSURANUS Bulgaria,39.1891,1160.622,0,#0000ff
27(1),TRANSURANUS Bulgaria,39.3577,1160.2525,0,#0000ff
27(1),TRANSURANUS Bulgaria,39.5264,1159.8847,0,#0000ff
27(1),TRANSURANUS Bulgaria,39.6952,1159.5207,0,#0000ff
27(1),TRANSURANUS Bulgaria,39.8641,1159.1627,0,#0000ff
27(1),TRANSURANUS Bulgaria,40.0331,1158.8126,0,#0000ff
27(1),TRANSURANUS Bulgaria,40.2023,1158.4727,0,#0000ff
27(1),TRANSURANUS Bulgaria,40.3716,1158.1449,0,#0000ff
27(1),TRANSURANUS Bulgaria,40.5411,1157.8314,0,#0000ff
27(1),TRANSURANUS Bulgaria,40.7108,1157.5344,0,#0000ff
27(1),TRANSURANUS Bulgaria,40.8806,1157.2559,0,#0000ff
27(1),TRANSURANUS Bulgaria,41.0507,1156.9981,0,#0000ff
27(1),TRANSURANUS Bulgaria,41.221,1156.7631,0,#0000ff
27(1),TRANSURANUS Bulgaria,41.5017,1156.2836,0,#0000ff
27(1),TRANSURANUS Bulgaria,41.7979,1155.8305,0,#0000ff
27(1),TRANSURANUS Bulgaria,42.0878,1155.3881,0,#0000ff
27(1),TRANSURANUS Bulgaria,43.0767,1154.0658,0,#0000ff
27(1),TRANSURANUS Bulgaria,44.0582,1152.8035,0,#0000ff
27(1),TRANSURANUS Bulgaria,45.0373,1151.4744,0,#0000ff
27(1),TRANSURANUS Bulgaria,46.0143,1150.0799,0,#0000ff
27(1),TRANSURANUS Bulgaria,46.9896,1148.6216,0,#0000ff
27(1),TRANSURANUS Bulgaria,47.9635,1147.1008,0,#0000ff
27(1),TRANSURANUS Bulgaria,48.9364,1145.5189,0,#0000ff
27(1),TRANSURANUS Bulgaria,49.9086,1143.8773,0,#0000ff
27(1),TRANSURANUS Bulgaria,50.8805,1142.1772,0,#0000ff
27(1),TRANSURANUS Bulgaria,51.8526,1140.4201,0,#0000ff
27(1),TRANSURANUS Bulgaria,52.8251,1138.6072,0,#0000ff
27(1),TRANSURANUS Bulgaria,53.7984,1136.7397,0,#0000ff
27(1),TRANSURANUS Bulgaria,54.7729,1134.8192,0,#0000ff
27(1),TRANSURANUS Bulgaria,55.749,1132.8467,0,#0000ff
27(1),TRANSURANUS Bulgaria,56.727,1130.8236,0,#0000ff
27(1),TRANSURANUS Bulgaria,57.7073,1128.7512,0,#0000ff
27(1),TRANSURANUS Bulgaria,57.9993,1128.1575,0,#0000ff
27(1),TRANSURANUS Bulgaria,58.5601,1126.9692,0,#0000ff
27(1),TRANSURANUS Bulgaria,58.8087,1126.3943,0,#0000ff
27(1),TRANSURANUS Bulgaria,59.0707,1125.7891,0,#0000ff
27(1),TRANSURANUS Bulgaria,59.3108,1125.3357,0,#0000ff
27(1),TRANSURANUS Bulgaria,59.5991,1124.7533,0,#0000ff
27(1),TRANSURANUS Bulgaria,59.8922,1123.9838,0,#0000ff
27(1),TRANSURANUS Bulgaria,60.1818,1123.2351,0,#0000ff
27(1),TRANSURANUS Bulgaria,60.4684,1122.5091,0,#0000ff
27(1),TRANSURANUS Bulgaria,60.7529,1121.8076,0,#0000ff
27(1),TRANSURANUS Bulgaria,61.0357,1121.1323,0,#0000ff
27(1),TRANSURANUS Bulgaria,61.3175,1120.485,0,#0000ff
27(1),TRANSURANUS Bulgaria,61.5991,1119.8672,0,#0000ff
27(1),TRANSURANUS Bulgaria,61.8811,1119.2806,0,#0000ff
27(1),TRANSURANUS Bulgaria,62.1642,1118.7266,0,#0000ff
27(1),TRANSURANUS Bulgaria,62.4489,1118.2068,0,#0000ff
27(1),TRANSURANUS Bulgaria,62.7361,1117.7224,0,#0000ff
27(1),TRANSURANUS Bulgaria,63.0264,1117.2747,0,#0000ff
27(1),TRANSURANUS Bulgaria,63.3204,1116.8651,0,#0000ff
27(1),TRANSURANUS Bulgaria,63.6189,1116.4947,0,#0000ff
27(1),TRANSURANUS Bulgaria,63.9226,1116.1648,0,#0000ff
27(1),TRANSURANUS Bulgaria,64.1555,1115.8714,0,#0000ff
27(1),TRANSURANUS Bulgaria,64.4045,1115.5746,0,#0000ff
27(1),TRANSURANUS Bulgaria,64.9169,1114.9824,0,#0000ff
27(1),TRANSURANUS Bulgaria,65.3772,1114.3943,0,#0000ff
27(1),TRANSURANUS Bulgaria,65.8365,1113.7881,0,#0000ff
27(1),TRANSURANUS Bulgaria,66.2975,1113.1992,0,#0000ff
27(1),TRANSURANUS Bulgaria,66.7586,1112.6321,0,#0000ff
27(1),TRANSURANUS Bulgaria,67.2199,1112.0831,0,#0000ff
27(1),TRANSURANUS Bulgaria,67.6813,1111.5486,0,#0000ff
27(1),TRANSURANUS Bulgaria,68.1427,1111.0251,0,#0000ff
27(1),TRANSURANUS Bulgaria,68.6042,1110.5088,0,#0000ff
27(1),TRANSURANUS Bulgaria,69.0656,1109.9962,0,#0000ff
27(1),TRANSURANUS Bulgaria,69.527,1109.4836,0,#0000ff
27(1),TRANSURANUS Bulgaria,69.9883,1108.9675,0,#0000ff
27(1),TRANSURANUS Bulgaria,70.4495,1108.4441,0,#0000ff
27(1),TRANSURANUS Bulgaria,70.9105,1107.91,0,#0000ff
27(1),TRANSURANUS Bulgaria,71.3713,1107.3614,0,#0000ff
27(1),TRANSURANUS Bulgaria,71.8318,1106.7948,0,#0000ff
27(1),TRANSURANUS Bulgaria,72.2921,1106.2066,0,#0000ff
27(1),TRANSURANUS Bulgaria,72.9148,1105.5072,0,#0000ff
27(1),TRANSURANUS Bulgaria,73.5343,1104.7685,0,#0000ff
27(1),TRANSURANUS Bulgaria,74.412,1103.6572,0,#0000ff
27(1),TRANSURANUS Bulgaria,75.2861,1102.6619,0,#0000ff
27(1),TRANSURANUS Bulgaria,76.1565,1101.7763,0,#0000ff
27(1),TRANSURANUS Bulgaria,77.0239,1100.9967,0,#0000ff
27(1),TRANSURANUS Bulgaria,77.8888,1100.3195,0,#0000ff
27(1),TRANSURANUS Bulgaria,78.7519,1099.7411,0,#0000ff
27(1),TRANSURANUS Bulgaria,79.6138,1099.2583,0,#0000ff
27(1),TRANSURANUS Bulgaria,80.4745,1098.8702,0,#0000ff
27(1),TRANSURANUS Bulgaria,81.336,1098.5704,0,#0000ff
27(1),TRANSURANUS Bulgaria,82.1983,1098.3562,0,#0000ff
27(1),TRANSURANUS Bulgaria,83.062,1098.2245,0,#0000ff
27(1),TRANSURANUS Bulgaria,83.9278,1098.1721,0,#0000ff
27(1),TRANSURANUS Bulgaria,84.7963,1098.1962,0,#0000ff
27(1),TRANSURANUS Bulgaria,85.6682,1098.2937,0,#0000ff
27(1),TRANSURANUS Bulgaria,86.5441,1098.4617,0,#0000ff
27(1),TRANSURANUS Bulgaria,87.4247,1098.6972,0,#0000ff
27(1),TRANSURANUS Bulgaria,88.6811,1098.8473,0,#0000ff
27(1),TRANSURANUS Bulgaria,89.9233,1098.9953,0,#0000ff
27(1),TRANSURANUS Bulgaria,90.4434,1099.1433,0,#0000ff
27(1),TRANSURANUS Bulgaria,91.0055,1099.3928,0,#0000ff
27(1),TRANSURANUS Bulgaria,91.5712,1099.6743,0,#0000ff
27(1),TRANSURANUS Bulgaria,92.136,1099.9333,0,#0000ff
27(1),TRANSURANUS Bulgaria,92.7002,1100.1656,0,#0000ff
27(1),TRANSURANUS Bulgaria,93.2638,1100.3671,0,#0000ff
27(1),TRANSURANUS Bulgaria,93.827,1100.5334,0,#0000ff
27(1),TRANSURANUS Bulgaria,94.39,1100.6605,0,#0000ff
27(1),TRANSURANUS Bulgaria,94.9528,1100.7441,0,#0000ff
27(1),TRANSURANUS Bulgaria,95.5156,1100.78,0,#0000ff
27(1),TRANSURANUS Bulgaria,96.0786,1100.764,0,#0000ff
27(1),TRANSURANUS Bulgaria,96.6418,1100.6918,0,#0000ff
27(1),TRANSURANUS Bulgaria,97.2055,1100.5593,0,#0000ff
27(1),TRANSURANUS Bulgaria,97.7697,1100.362,0,#0000ff
27(1),TRANSURANUS Bulgaria,98.3346,1100.0957,0,#0000ff
27(1),TRANSURANUS Bulgaria,98.9004,1099.7561,0,#0000ff
27(1),TRANSURANUS Bulgaria,99.4671,1099.3387,0,#0000ff
27(1),TRANSURANUS Bulgaria,99.9343,1098.993,0,#0000ff
27(1),TRANSURANUS Bulgaria,100.1454,1098.7977,0,#0000ff
27(1),TRANSURANUS Bulgaria,61.8734,1000.8503,1,#0000ff
27(1),TRANSURANUS Bulgaria,61.8811,1000.7022,2,#0000ff
27(1),TRANSURANUS Bulgaria,61.8734,950.3714,3,#0000ff
27(1),TRANSURANUS Bulgaria,61.8811,950.3715,4,#0000ff
27(1),TRANSURANUS Bulgaria,61.8734,849.5618,5,#0000ff
27(1),TRANSURANUS Bulgaria,61.8811,849.7099,6,#0000ff
27(1),TRANSURANUS Bulgaria,60.9107,1099.1434,7,#0000ff
27(1),TRANSURANUS Bulgaria,60.9185,1099.2913,8,#0000ff
27(1),TRANSURANUS Bulgaria,75.9255,1051.033,9,#0000ff
27(1),TRANSURANUS Bulgaria,75.9255,1051.181,10,#0000ff
27(1),TRANSURANUS Bulgaria,75.9255,975.5369,11,#0000ff
27(1),TRANSURANUS Bulgaria,75.9255,975.5369,12,#0000ff
27(1),TRANSURANUS Bulgaria,75.9255,874.8752,13,#0000ff
27(1),TRANSURANUS Bulgaria,75.9255,874.8752,14,#0000ff
27(1),INFRA,12.3649,1543.6826,0,#339966
27(1),INFRA,12.3577,1535.1978,0,#339966
27(1),INFRA,12.4492,1527.4932,0,#339966
27(1),INFRA,12.6296,1511.1942,0,#339966
27(1),INFRA,12.8062,1495.231,0,#339966
27(1),INFRA,12.9144,1484.7699,0,#339966
27(1),INFRA,13.0249,1474.8019,0,#339966
27(1),INFRA,13.1393,1465.342,0,#339966
27(1),INFRA,13.2596,1456.3277,0,#339966
27(1),INFRA,13.3878,1447.6969,0,#339966
27(1),INFRA,13.5262,1439.3883,0,#339966
27(1),INFRA,13.677,1431.3416,0,#339966
27(1),INFRA,13.8423,1423.4978,0,#339966
27(1),INFRA,14.0245,1415.7985,0,#339966
27(1),INFRA,14.2258,1408.1858,0,#339966
27(1),INFRA,14.4483,1400.6015,0,#339966
27(1),INFRA,14.6918,1393.0654,0,#339966
27(1),INFRA,14.9635,1385.3533,0,#339966
27(1),INFRA,15.2628,1377.4862,0,#339966
27(1),INFRA,15.5915,1369.4008,0,#339966
27(1),INFRA,15.9519,1361.0324,0,#339966
27(1),INFRA,16.4345,1350.3211,0,#339966
27(1),INFRA,16.9303,1339.3897,0,#339966
27(1),INFRA,17.4692,1327.036,0,#339966
27(1),INFRA,18.0009,1315.0235,0,#339966
27(1),INFRA,18.5288,1303.386,0,#339966
27(1),INFRA,19.0553,1292.0993,0,#339966
27(1),INFRA,19.5829,1281.1393,0,#339966
27(1),INFRA,20.114,1270.482,0,#339966
27(1),INFRA,20.6511,1260.1035,0,#339966
27(1),INFRA,21.1965,1249.9799,0,#339966
27(1),INFRA,21.7527,1240.0872,0,#339966
27(1),INFRA,22.3221,1230.4012,0,#339966
27(1),INFRA,22.907,1220.8974,0,#339966
27(1),INFRA,23.5099,1211.5506,0,#339966
27(1),INFRA,24.1329,1202.3354,0,#339966
27(1),INFRA,24.7784,1193.2258,0,#339966
27(1),INFRA,25.4488,1184.1953,0,#339966
27(1),INFRA,26.1471,1175.2089,0,#339966
27(1),INFRA,26.5197,1170.4719,0,#339966
27(1),INFRA,26.8792,1165.8031,0,#339966
27(1),INFRA,27.5945,1156.9081,0,#339966
27(1),INFRA,27.9473,1152.4231,0,#339966
27(1),INFRA,28.3005,1147.9413,0,#339966
27(1),INFRA,28.6537,1143.4893,0,#339966
27(1),INFRA,29.0076,1139.0818,0,#339966
27(1),INFRA,29.3627,1134.733,0,#339966
27(1),INFRA,29.7197,1130.4575,0,#339966
27(1),INFRA,30.079,1126.2697,0,#339966
27(1),INFRA,30.4414,1122.1843,0,#339966
27(1),INFRA,30.8075,1118.216,0,#339966
27(1),INFRA,31.1777,1114.3799,0,#339966
27(1),INFRA,31.5528,1110.6917,0,#339966
27(1),INFRA,31.9334,1107.1675,0,#339966
27(1),INFRA,32.3201,1103.8238,0,#339966
27(1),INFRA,32.7136,1100.6784,0,#339966
27(1),INFRA,33.1144,1097.7495,0,#339966
27(1),INFRA,33.5231,1095.0564,0,#339966
27(1),INFRA,33.7416,1093.6446,0,#339966
27(1),INFRA,34.1593,1091.1851,0,#339966
27(1),INFRA,34.5411,1089.1089,0,#339966
27(1),INFRA,34.9252,1087.1078,0,#339966
27(1),INFRA,35.3181,1085.1889,0,#339966
27(1),INFRA,35.7174,1083.3527,0,#339966
27(1),INFRA,36.1191,1081.5793,0,#339966
27(1),INFRA,36.5232,1079.8349,0,#339966
27(1),INFRA,36.9286,1078.0935,0,#339966
27(1),INFRA,37.3337,1076.3294,0,#339966
27(1),INFRA,37.7374,1074.5172,0,#339966
27(1),INFRA,38.1382,1072.6318,0,#339966
27(1),INFRA,38.5347,1070.6484,0,#339966
27(1),INFRA,38.9258,1068.5426,0,#339966
27(1),INFRA,39.31,1066.2905,0,#339966
27(1),INFRA,39.686,1063.8687,0,#339966
27(1),INFRA,40.0525,1061.2544,0,#339966
27(1),INFRA,40.407,1058.4347,0,#339966
27(1),INFRA,40.6418,1056.13,0,#339966
27(1),INFRA,40.8756,1053.6691,0,#339966
27(1),INFRA,41.2688,1049.1087,0,#339966
27(1),INFRA,41.6081,1044.4037,0,#339966
27(1),INFRA,41.6758,1043.3903,0,#339966
27(1),INFRA,41.7498,1042.2859,0,#339966
27(1),INFRA,41.8271,1041.1388,0,#339966
27(1),INFRA,41.9072,1039.9589,0,#339966
27(1),INFRA,41.9898,1038.7567,0,#339966
27(1),INFRA,42.0737,1037.5534,0,#339966
27(1),INFRA,42.1598,1036.3403,0,#339966
27(1),INFRA,42.2473,1035.1362,0,#339966
27(1),INFRA,42.3355,1033.9513,0,#339966
27(1),INFRA,42.4242,1032.7957,0,#339966
27(1),INFRA,42.5129,1031.6793,0,#339966
27(1),INFRA,42.6011,1030.6112,0,#339966
27(1),INFRA,42.6884,1029.6002,0,#339966
27(1),INFRA,42.7744,1028.6544,0,#339966
27(1),INFRA,42.8586,1027.7809,0,#339966
27(1),INFRA,42.9404,1026.9862,0,#339966
27(1),INFRA,43.1458,1024.8857,0,#339966
27(1),INFRA,43.3436,1023.4839,0,#339966
27(1),INFRA,43.5065,1022.2075,0,#339966
27(1),INFRA,43.6726,1020.9413,0,#339966
27(1),INFRA,43.844,1019.6814,0,#339966
27(1),INFRA,44.0177,1018.4617,0,#339966
27(1),INFRA,44.1931,1017.2711,0,#339966
27(1),INFRA,44.3696,1016.0988,0,#339966
27(1),INFRA,44.5465,1014.9342,0,#339966
27(1),INFRA,44.7227,1013.7676,0,#339966
27(1),INFRA,44.898,1012.5857,0,#339966
27(1),INFRA,45.0717,1011.3781,0,#339966
27(1),INFRA,45.2432,1010.1351,0,#339966
27(1),INFRA,45.4118,1008.8475,0,#339966
27(1),INFRA,45.577,1007.5066,0,#339966
27(1),INFRA,45.7379,1006.1047,0,#339966
27(1),INFRA,45.8941,1004.635,0,#339966
27(1),INFRA,46.0449,1003.0918,0,#339966
27(1),INFRA,46.2261,1001.0413,0,#339966
27(1),INFRA,46.4256,998.459,0,#339966
27(1),INFRA,46.6101,996.1133,0,#339966
27(1),INFRA,46.8176,993.0908,0,#339966
27(1),INFRA,47.0225,989.9088,0,#339966
27(1),INFRA,47.2216,986.6712,0,#339966
27(1),INFRA,47.416,983.3851,0,#339966
27(1),INFRA,47.6065,980.0576,0,#339966
27(1),INFRA,47.794,976.6962,0,#339966
27(1),INFRA,47.9795,973.3085,0,#339966
27(1),INFRA,48.1638,969.9024,0,#339966
27(1),INFRA,48.3479,966.4857,0,#339966
27(1),INFRA,48.5328,963.0667,0,#339966
27(1),INFRA,48.7193,959.6536,0,#339966
27(1),INFRA,48.9084,956.2548,0,#339966
27(1),INFRA,49.101,952.8787,0,#339966
27(1),INFRA,49.2981,949.534,0,#339966
27(1),INFRA,49.5025,946.1994,0,#339966
27(1),INFRA,49.7001,943.1179,0,#339966
27(1),INFRA,49.7544,942.0817,0,#339966
27(1),INFRA,49.814,940.6232,0,#339966
27(1),INFRA,49.8631,939.2691,0,#339966
27(1),INFRA,49.9168,937.6623,0,#339966
27(1),INFRA,50.0159,934.0428,0,#339966
27(1),INFRA,50.1059,930.2479,0,#339966
27(1),INFRA,50.1875,926.3154,0,#339966
27(1),INFRA,50.2622,922.2552,0,#339966
27(1),INFRA,50.3314,918.0813,0,#339966
27(1),INFRA,50.397,913.8106,0,#339966
27(1),INFRA,50.4608,909.4616,0,#339966
27(1),INFRA,50.5245,905.0536,0,#339966
27(1),INFRA,50.5902,900.6062,0,#339966
27(1),INFRA,50.6599,896.1388,0,#339966
27(1),INFRA,50.7356,891.6704,0,#339966
27(1),INFRA,50.8195,887.2199,0,#339966
27(1),INFRA,50.9137,882.8054,0,#339966
27(1),INFRA,51.0202,878.4447,0,#339966
27(1),INFRA,51.1412,874.155,0,#339966
27(1),INFRA,51.2788,869.9526,0,#339966
27(1),INFRA,51.4091,866.1135,0,#339966
27(1),INFRA,51.5644,861.9685,0,#339966
27(1),INFRA,51.9032,853.2597,0,#339966
27(1),INFRA,52.2091,845.3869,0,#339966
27(1),INFRA,52.4804,838.0302,0,#339966
27(1),INFRA,52.7211,831.0591,0,#339966
27(1),INFRA,52.9337,824.3924,0,#339966
27(1),INFRA,53.1188,817.9648,0,#339966
27(1),INFRA,53.2806,811.5868,0,#339966
27(1),INFRA,53.4293,805.0811,0,#339966
27(1),INFRA,53.5532,798.6735,0,#339966
27(1),INFRA,53.664,791.7972,0,#339966
27(1),INFRA,53.7666,784.6001,0,#339966
27(1),INFRA,53.8638,776.9282,0,#339966
27(1),INFRA,53.9572,768.7069,0,#339966
27(1),INFRA,54.0486,759.8052,0,#339966
27(1),INFRA,54.1391,750.1157,0,#339966
27(1),INFRA,54.2334,739.4906,0,#339966
27(1),INFRA,54.3576,725.2873,0,#339966
27(1),INFRA,54.4978,711.3185,0,#339966
27(1),INFRA,54.5596,704.5471,0,#339966
27(1),INFRA,54.738,697.1237,0,#339966
27(1),INFRA,54.7391,697.0127,0,#339966
27(1),INFRA,54.7395,696.9025,0,#339966
27(1),INFRA,54.7392,696.7935,0,#339966
27(1),INFRA,54.7384,696.6865,0,#339966
27(1),INFRA,54.7369,696.5821,0,#339966
27(1),INFRA,54.7349,696.4809,0,#339966
27(1),INFRA,54.7323,696.3837,0,#339966
27(1),INFRA,54.7293,696.291,0,#339966
27(1),INFRA,54.7258,696.2035,0,#339966
27(1),INFRA,54.7219,696.1218,0,#339966
27(1),TRANSURANUS,5.1447,1476.4762,0,#993366
27(1),TRANSURANUS,5.877,1448.1178,0,#993366
27(1),TRANSURANUS,6.6884,1420.857,0,#993366
27(1),TRANSURANUS,6.9701,1411.3791,0,#993366
27(1),TRANSURANUS,7.2641,1402.2018,0,#993366
27(1),TRANSURANUS,7.5679,1393.3942,0,#993366
27(1),TRANSURANUS,7.8817,1384.9266,0,#993366
27(1),TRANSURANUS,8.2057,1376.7692,0,#993366
27(1),TRANSURANUS,8.5401,1368.8924,0,#993366
27(1),TRANSURANUS,8.885,1361.2662,0,#993366
27(1),TRANSURANUS,9.2404,1353.8607,0,#993366
27(1),TRANSURANUS,9.6066,1346.6453,0,#993366
27(1),TRANSURANUS,9.9836,1339.5896,0,#993366
27(1),TRANSURANUS,10.3715,1332.6626,0,#993366
27(1),TRANSURANUS,10.7705,1325.833,0,#993366
27(1),TRANSURANUS,11.1806,1319.0697,0,#993366
27(1),TRANSURANUS,11.6019,1312.341,0,#993366
27(1),TRANSURANUS,12.0347,1305.6154,0,#993366
27(1),TRANSURANUS,12.479,1298.8613,0,#993366
27(1),TRANSURANUS,12.7743,1294.4276,0,#993366
27(1),TRANSURANUS,13.0731,1290.2289,0,#993366
27(1),TRANSURANUS,13.4542,1284.9341,0,#993366
27(1),TRANSURANUS,13.857,1279.7561,0,#993366
27(1),TRANSURANUS,14.2796,1274.7909,0,#993366
27(1),TRANSURANUS,14.7197,1270.0414,0,#993366
27(1),TRANSURANUS,15.175,1265.5072,0,#993366
27(1),TRANSURANUS,15.6427,1261.1851,0,#993366
27(1),TRANSURANUS,16.1202,1257.0692,0,#993366
27(1),TRANSURANUS,16.6047,1253.1506,0,#993366
27(1),TRANSURANUS,17.0935,1249.4189,0,#993366
27(1),TRANSURANUS,17.5838,1245.8618,0,#993366
27(1),TRANSURANUS,18.0728,1242.4664,0,#993366
27(1),TRANSURANUS,18.5578,1239.2192,0,#993366
27(1),TRANSURANUS,19.0359,1236.1072,0,#993366
27(1),TRANSURANUS,19.5046,1233.118,0,#993366
27(1),TRANSURANUS,19.9611,1230.2405,0,#993366
27(1),TRANSURANUS,20.4026,1227.4656,0,#993366
27(1),TRANSURANUS,20.7314,1225.5346,0,#993366
27(1),TRANSURANUS,21.0425,1223.7973,0,#993366
27(1),TRANSURANUS,21.385,1221.9756,0,#993366
27(1),TRANSURANUS,21.7116,1220.2367,0,#993366
27(1),TRANSURANUS,22.468,1216.4299,0,#993366
27(1),TRANSURANUS,23.2261,1212.8072,0,#993366
27(1),TRANSURANUS,23.9861,1209.3434,0,#993366
27(1),TRANSURANUS,24.7479,1206.0304,0,#993366
27(1),TRANSURANUS,25.5113,1202.8602,0,#993366
27(1),TRANSURANUS,26.2762,1199.8252,0,#993366
27(1),TRANSURANUS,27.0425,1196.9176,0,#993366
27(1),TRANSURANUS,27.81,1194.13,0,#993366
27(1),TRANSURANUS,28.5787,1191.4548,0,#993366
27(1),TRANSURANUS,29.3484,1188.8846,0,#993366
27(1),TRANSURANUS,30.1189,1186.4122,0,#993366
27(1),TRANSURANUS,30.8901,1184.0302,0,#993366
27(1),TRANSURANUS,31.6611,1181.7359,0,#993366
27(1),TRANSURANUS,32.4334,1179.515,0,#993366
27(1),TRANSURANUS,33.2059,1177.3626,0,#993366
27(1),TRANSURANUS,33.9786,1175.2717,0,#993366
27(1),TRANSURANUS,34.9445,1173.0054,0,#993366
27(1),TRANSURANUS,35.4111,1171.9676,0,#993366
27(1),TRANSURANUS,35.8615,1171.0941,0,#993366
27(1),TRANSURANUS,36.253,1170.359,0,#993366
27(1),TRANSURANUS,36.6465,1169.6912,0,#993366
27(1),TRANSURANUS,37.0406,1169.1004,0,#993366
27(1),TRANSURANUS,37.4347,1168.5804,0,#993366
27(1),TRANSURANUS,37.8289,1168.1217,0,#993366
27(1),TRANSURANUS,38.223,1167.7148,0,#993366
27(1),TRANSURANUS,38.6171,1167.3504,0,#993366
27(1),TRANSURANUS,39.011,1167.0191,0,#993366
27(1),TRANSURANUS,39.4047,1166.7117,0,#993366
27(1),TRANSURANUS,39.7983,1166.419,0,#993366
27(1),TRANSURANUS,40.1916,1166.1317,0,#993366
27(1),TRANSURANUS,40.5846,1165.841,0,#993366
27(1),TRANSURANUS,40.9774,1165.5376,0,#993366
27(1),TRANSURANUS,41.3697,1165.2127,0,#993366
27(1),TRANSURANUS,41.7627,1164.8544,0,#993366
27(1),TRANSURANUS,42.1544,1164.4559,0,#993366
27(1),TRANSURANUS,43.0529,1163.0953,0,#993366
27(1),TRANSURANUS,43.9684,1161.6162,0,#993366
27(1),TRANSURANUS,44.4909,1160.61,0,#993366
27(1),TRANSURANUS,45.0152,1159.5835,0,#993366
27(1),TRANSURANUS,45.5393,1158.5372,0,#993366
27(1),TRANSURANUS,46.0632,1157.468,0,#993366
27(1),TRANSURANUS,46.587,1156.3794,0,#993366
27(1),TRANSURANUS,47.1107,1155.275,0,#993366
27(1),TRANSURANUS,47.6343,1154.1583,0,#993366
27(1),TRANSURANUS,48.158,1153.0329,0,#993366
27(1),TRANSURANUS,48.6817,1151.9023,0,#993366
27(1),TRANSURANUS,49.2055,1150.7705,0,#993366
27(1),TRANSURANUS,49.7293,1149.641,0,#993366
27(1),TRANSURANUS,50.2533,1148.5174,0,#993366
27(1),TRANSURANUS,50.7774,1147.4033,0,#993366
27(1),TRANSURANUS,51.3017,1146.3023,0,#993366
27(1),TRANSURANUS,51.8262,1145.2178,0,#993366
27(1),TRANSURANUS,52.3509,1144.1536,0,#993366
27(1),TRANSURANUS,53.3274,1142.217,0,#993366
27(1),TRANSURANUS,56.2639,1136.1594,0,#993366
27(1),TRANSURANUS,58.7486,1131.5692,0,#993366
27(1),TRANSURANUS,59.2648,1130.8222,0,#993366
27(1),TRANSURANUS,60.288,1129.4923,0,#993366
27(1),TRANSURANUS,61.0211,1128.7457,0,#993366
27(1),TRANSURANUS,61.7376,1127.9927,0,#993366
27(1),TRANSURANUS,62.4396,1127.205,0,#993366
27(1),TRANSURANUS,63.1296,1126.3284,0,#993366
27(1),TRANSURANUS,63.8095,1125.3243,0,#993366
27(1),TRANSURANUS,64.4811,1124.1557,0,#993366
27(1),TRANSURANUS,65.1464,1122.7871,0,#993366
27(1),TRANSURANUS,65.8072,1121.1845,0,#993366
27(1),TRANSURANUS,66.4654,1119.3154,0,#993366
27(1),TRANSURANUS,67.1211,1117.0829,0,#993366
27(1),TRANSURANUS,67.7832,1114.6055,0,#993366
27(1),TRANSURANUS,68.4465,1111.8891,0,#993366
27(1),TRANSURANUS,69.1155,1108.8512,0,#993366
27(1),TRANSURANUS,69.7923,1105.4822,0,#993366
27(1),TRANSURANUS,70.4789,1101.7679,0,#993366
27(1),TRANSURANUS,71.1773,1097.6903,0,#993366
27(1),TRANSURANUS,71.5654,1095.5727,0,#993366
27(1),TRANSURANUS,71.9233,1093.3468,0,#993366
27(1),TRANSURANUS,72.2196,1091.5424,0,#993366
27(1),TRANSURANUS,72.5041,1089.7305,0,#993366
27(1),TRANSURANUS,72.7825,1087.8988,0,#993366
27(1),TRANSURANUS,73.0528,1086.0411,0,#993366
27(1),TRANSURANUS,73.3151,1084.1255,0,#993366
27(1),TRANSURANUS,73.5696,1082.1201,0,#993366
27(1),TRANSURANUS,73.8167,1079.9924,0,#993366
27(1),TRANSURANUS,74.0565,1077.7095,0,#993366
27(1),TRANSURANUS,74.2894,1075.2386,0,#993366
27(1),TRANSURANUS,74.5157,1072.5463,0,#993366
27(1),TRANSURANUS,74.7359,1069.599,0,#993366
27(1),TRANSURANUS,74.9501,1066.3631,0,#993366
27(1),TRANSURANUS,75.1589,1062.8048,0,#993366
27(1),TRANSURANUS,75.3626,1058.8906,0,#993366
27(1),TRANSURANUS,75.5615,1054.5871,0,#993366
27(1),TRANSURANUS,75.756,1049.861,0,#993366
27(1),TRANSURANUS,75.941,1044.6689,0,#993366
27(1),TRANSURANUS,76.0885,1039.3386,0,#993366
27(1),TRANSURANUS,76.2272,1033.758,0,#993366
27(1),TRANSURANUS,76.3522,1027.9534,0,#993366
27(1),TRANSURANUS,76.4364,1023.2791,0,#993366
27(1),TRANSURANUS,76.5043,1018.5223,0,#993366
27(1),TRANSURANUS,76.5609,1013.681,0,#993366
27(1),TRANSURANUS,76.5955,1008.9529,0,#993366
27(1),TRANSURANUS,76.6123,1004.0863,0,#993366
27(1),TRANSURANUS,76.6156,999.1232,0,#993366
27(1),TRANSURANUS,76.6091,994.0777,0,#993366
27(1),TRANSURANUS,76.5953,989.0435,0,#993366
27(1),TRANSURANUS,76.5744,983.778,0,#993366
27(1),TRANSURANUS,76.5583,978.5438,0,#993366
27(1),TRANSURANUS,76.5438,973.2876,0,#993366
27(1),TRANSURANUS,76.532,968.0141,0,#993366
27(1),TRANSURANUS,76.5239,962.7197,0,#993366
27(1),TRANSURANUS,76.5204,957.4236,0,#993366
27(1),TRANSURANUS,76.5225,952.1185,0,#993366
27(1),TRANSURANUS,76.5311,946.8188,0,#993366
27(1),TRANSURANUS,76.5388,940.8974,0,#993366
27(1),TRANSURANUS,76.5388,934.9763,0,#993366
27(1),TRANSURANUS,76.5403,922.889,0,#993366
27(1),TRANSURANUS,76.5432,910.8291,0,#993366
27(1),TRANSURANUS,76.5457,898.7692,0,#993366
27(1),TRANSURANUS,76.5479,886.7092,0,#993366
27(1),TRANSURANUS,76.5497,874.649,0,#993366
27(1),TRANSURANUS,76.5512,862.5886,0,#993366
27(1),TRANSURANUS,76.5525,850.5278,0,#993366
27(1),TRANSURANUS,76.5534,838.4665,0,#993366
27(1),TRANSURANUS,76.5541,826.4045,0,#993366
27(1),TRANSURANUS,76.5546,814.3417,0,#993366
27(1),TRANSURANUS,76.5549,802.2779,0,#993366
27(1),TRANSURANUS,76.5551,790.2129,0,#993366
27(1),TRANSURANUS,76.555,778.1465,0,#993366
27(1),TRANSURANUS,76.5549,766.0786,0,#993366
27(1),TRANSURANUS,76.5547,754.0091,0,#993366
27(1),TRANSURANUS,76.5543,741.9429,0,#993366
27(1),TRANSURANUS,76.6704,702.0294,0,#993366
27(1),TRANSURANUS,76.6701,701.9185,0,#993366
27(1),TRANSURANUS,76.669,701.8084,0,#993366
27(1),TRANSURANUS,76.6673,701.7002,0,#993366
27(1),TRANSURANUS,76.6651,701.5945,0,#993366
27(1),TRANSURANUS,76.6623,701.4923,0,#993366
27(1),FEMAXI (Mol),4.741,1408.9737,0,#cc99ff
27(1),FEMAXI (Mol),4.7566,1407.6414,0,#cc99ff
27(1),FEMAXI (Mol),4.7835,1394.8686,0,#cc99ff
27(1),FEMAXI (Mol),4.8495,1391.4521,0,#cc99ff
27(1),FEMAXI (Mol),4.9215,1388.0967,0,#cc99ff
27(1),FEMAXI (Mol),4.9987,1384.7961,0,#cc99ff
27(1),FEMAXI (Mol),5.0803,1381.5442,0,#cc99ff
27(1),FEMAXI (Mol),5.1648,1378.3774,0,#cc99ff
27(1),FEMAXI (Mol),5.2539,1375.1991,0,#cc99ff
27(1),FEMAXI (Mol),5.3457,1372.0534,0,#cc99ff
27(1),FEMAXI (Mol),5.4397,1368.9354,0,#cc99ff
27(1),FEMAXI (Mol),5.5352,1365.8406,0,#cc99ff
27(1),FEMAXI (Mol),5.6319,1362.7646,0,#cc99ff
27(1),FEMAXI (Mol),5.7291,1359.7034,0,#cc99ff
27(1),FEMAXI (Mol),5.8264,1356.6531,0,#cc99ff
27(1),FEMAXI (Mol),5.9232,1353.6098,0,#cc99ff
27(1),FEMAXI (Mol),6.019,1350.5697,0,#cc99ff
27(1),FEMAXI (Mol),6.1133,1347.5289,0,#cc99ff
27(1),FEMAXI (Mol),6.2056,1344.4832,0,#cc99ff
27(1),FEMAXI (Mol),6.2964,1341.6874,0,#cc99ff
27(1),FEMAXI (Mol),6.3787,1339.2028,0,#cc99ff
27(1),FEMAXI (Mol),6.5069,1335.3173,0,#cc99ff
27(1),FEMAXI (Mol),6.624,1331.6575,0,#cc99ff
27(1),FEMAXI (Mol),6.7314,1328.358,0,#cc99ff
27(1),FEMAXI (Mol),6.8315,1325.37,0,#cc99ff
27(1),FEMAXI (Mol),6.9252,1322.7009,0,#cc99ff
27(1),FEMAXI (Mol),7.0181,1320.2172,0,#cc99ff
27(1),FEMAXI (Mol),7.1119,1317.911,0,#cc99ff
27(1),FEMAXI (Mol),7.2142,1315.6481,0,#cc99ff
27(1),FEMAXI (Mol),7.3194,1313.5993,0,#cc99ff
27(1),FEMAXI (Mol),7.433,1311.6437,0,#cc99ff
27(1),FEMAXI (Mol),7.5566,1309.7418,0,#cc99ff
27(1),FEMAXI (Mol),7.6923,1307.8443,0,#cc99ff
27(1),FEMAXI (Mol),7.8422,1305.8963,0,#cc99ff
27(1),FEMAXI (Mol),8.0086,1303.8428,0,#cc99ff
27(1),FEMAXI (Mol),8.1941,1301.6302,0,#cc99ff
27(1),FEMAXI (Mol),8.4013,1299.2078,0,#cc99ff
27(1),FEMAXI (Mol),8.5794,1296.5423,0,#cc99ff
27(1),FEMAXI (Mol),8.6869,1294.7873,0,#cc99ff
27(1),FEMAXI (Mol),8.8079,1292.9377,0,#cc99ff
27(1),FEMAXI (Mol),8.9324,1290.9946,0,#cc99ff
27(1),FEMAXI (Mol),9.0592,1289.0163,0,#cc99ff
27(1),FEMAXI (Mol),9.1864,1286.9542,0,#cc99ff
27(1),FEMAXI (Mol),9.3165,1284.7979,0,#cc99ff
27(1),FEMAXI (Mol),9.4493,1282.577,0,#cc99ff
27(1),FEMAXI (Mol),9.5848,1280.3249,0,#cc99ff
27(1),FEMAXI (Mol),9.723,1278.0788,0,#cc99ff
27(1),FEMAXI (Mol),9.8642,1275.8785,0,#cc99ff
27(1),FEMAXI (Mol),10.0089,1273.7662,0,#cc99ff
27(1),FEMAXI (Mol),10.1571,1271.7853,0,#cc99ff
27(1),FEMAXI (Mol),10.3091,1269.9787,0,#cc99ff
27(1),FEMAXI (Mol),10.4645,1268.3862,0,#cc99ff
27(1),FEMAXI (Mol),10.6231,1267.041,0,#cc99ff
27(1),FEMAXI (Mol),10.7844,1265.9675,0,#cc99ff
27(1),FEMAXI (Mol),10.9478,1265.1807,0,#cc99ff
27(1),FEMAXI (Mol),11.1134,1264.6881,0,#cc99ff
27(1),FEMAXI (Mol),11.3092,1264.1208,0,#cc99ff
27(1),FEMAXI (Mol),11.3867,1263.7545,0,#cc99ff
27(1),FEMAXI (Mol),11.628,1262.1032,0,#cc99ff
27(1),FEMAXI (Mol),11.8796,1260.0102,0,#cc99ff
27(1),FEMAXI (Mol),12.1305,1257.8164,0,#cc99ff
27(1),FEMAXI (Mol),12.381,1255.5388,0,#cc99ff
27(1),FEMAXI (Mol),12.6314,1253.1949,0,#cc99ff
27(1),FEMAXI (Mol),12.882,1250.8027,0,#cc99ff
27(1),FEMAXI (Mol),13.1329,1248.3808,0,#cc99ff
27(1),FEMAXI (Mol),13.3848,1245.9462,0,#cc99ff
27(1),FEMAXI (Mol),13.6378,1243.5195,0,#cc99ff
27(1),FEMAXI (Mol),13.8921,1241.1191,0,#cc99ff
27(1),FEMAXI (Mol),14.1482,1238.7641,0,#cc99ff
27(1),FEMAXI (Mol),14.4062,1236.474,0,#cc99ff
27(1),FEMAXI (Mol),14.6666,1234.268,0,#cc99ff
27(1),FEMAXI (Mol),14.9297,1232.1656,0,#cc99ff
27(1),FEMAXI (Mol),15.1958,1230.1861,0,#cc99ff
27(1),FEMAXI (Mol),15.4652,1228.3491,0,#cc99ff
27(1),FEMAXI (Mol),15.6812,1227.0837,0,#cc99ff
27(1),FEMAXI (Mol),15.9051,1226.1545,0,#cc99ff
27(1),FEMAXI (Mol),16.0877,1225.0375,0,#cc99ff
27(1),FEMAXI (Mol),16.301,1224.3781,0,#cc99ff
27(1),FEMAXI (Mol),16.501,1223.6179,0,#cc99ff
27(1),FEMAXI (Mol),17.1094,1222.2876,0,#cc99ff
27(1),FEMAXI (Mol),17.7179,1220.6801,0,#cc99ff
27(1),FEMAXI (Mol),18.3242,1218.8675,0,#cc99ff
27(1),FEMAXI (Mol),18.9287,1216.8773,0,#cc99ff
27(1),FEMAXI (Mol),19.5318,1214.7369,0,#cc99ff
27(1),FEMAXI (Mol),20.1338,1212.4739,0,#cc99ff
27(1),FEMAXI (Mol),20.7351,1210.1155,0,#cc99ff
27(1),FEMAXI (Mol),21.3361,1207.6891,0,#cc99ff
27(1),FEMAXI (Mol),21.9373,1205.2222,0,#cc99ff
27(1),FEMAXI (Mol),22.5389,1202.7423,0,#cc99ff
27(1),FEMAXI (Mol),23.1414,1200.277,0,#cc99ff
27(1),FEMAXI (Mol),23.7451,1197.8542,0,#cc99ff
27(1),FEMAXI (Mol),24.3506,1195.5016,0,#cc99ff
27(1),FEMAXI (Mol),24.958,1193.2477,0,#cc99ff
27(1),FEMAXI (Mol),25.568,1191.1208,0,#cc99ff
27(1),FEMAXI (Mol),26.1807,1189.1497,0,#cc99ff
27(1),FEMAXI (Mol),26.551,1187.9552,0,#cc99ff
27(1),FEMAXI (Mol),26.7218,1187.3631,0,#cc99ff
27(1),FEMAXI (Mol),26.8899,1186.8267,0,#cc99ff
27(1),FEMAXI (Mol),27.0537,1186.4463,0,#cc99ff
27(1),FEMAXI (Mol),27.2236,1186.1502,0,#cc99ff
27(1),FEMAXI (Mol),27.3949,1185.9412,0,#cc99ff
27(1),FEMAXI (Mol),27.5673,1185.8122,0,#cc99ff
27(1),FEMAXI (Mol),27.7404,1185.7563,0,#cc99ff
27(1),FEMAXI (Mol),27.914,1185.7673,0,#cc99ff
27(1),FEMAXI (Mol),28.0878,1185.8389,0,#cc99ff
27(1),FEMAXI (Mol),28.2614,1185.9651,0,#cc99ff
27(1),FEMAXI (Mol),28.4344,1186.14,0,#cc99ff
27(1),FEMAXI (Mol),28.6067,1186.358,0,#cc99ff
27(1),FEMAXI (Mol),28.7777,1186.6134,0,#cc99ff
27(1),FEMAXI (Mol),28.9461,1186.8989,0,#cc99ff
27(1),FEMAXI (Mol),29.114,1187.2145,0,#cc99ff
27(1),FEMAXI (Mol),29.2797,1187.5506,0,#cc99ff
27(1),FEMAXI (Mol),29.4429,1187.9019,0,#cc99ff
27(1),FEMAXI (Mol),29.6604,1188.2946,0,#cc99ff
27(1),FEMAXI (Mol),29.8785,1188.848,0,#cc99ff
27(1),FEMAXI (Mol),30.2182,1189.5434,0,#cc99ff
27(1),FEMAXI (Mol),30.5585,1190.4024,0,#cc99ff
27(1),FEMAXI (Mol),30.897,1191.2998,0,#cc99ff
27(1),FEMAXI (Mol),31.2353,1192.2222,0,#cc99ff
27(1),FEMAXI (Mol),31.5733,1193.1661,0,#cc99ff
27(1),FEMAXI (Mol),31.9112,1194.1283,0,#cc99ff
27(1),FEMAXI (Mol),32.2489,1195.1052,0,#cc99ff
27(1),FEMAXI (Mol),32.5865,1196.0939,0,#cc99ff
27(1),FEMAXI (Mol),32.9239,1197.0903,0,#cc99ff
27(1),FEMAXI (Mol),33.2613,1198.0912,0,#cc99ff
27(1),FEMAXI (Mol),33.5985,1199.0932,0,#cc99ff
27(1),FEMAXI (Mol),33.9357,1200.093,0,#cc99ff
27(1),FEMAXI (Mol),34.273,1201.0872,0,#cc99ff
27(1),FEMAXI (Mol),34.6102,1202.0724,0,#cc99ff
27(1),FEMAXI (Mol),34.9475,1203.0453,0,#cc99ff
27(1),FEMAXI (Mol),35.2849,1204.0024,0,#cc99ff
27(1),FEMAXI (Mol),35.4407,1204.5262,0,#cc99ff
27(1),FEMAXI (Mol),35.591,1204.8325,0,#cc99ff
27(1),FEMAXI (Mol),35.7216,1205.1459,0,#cc99ff
27(1),FEMAXI (Mol),35.9041,1205.7262,0,#cc99ff
27(1),FEMAXI (Mol),36.0556,1206.0149,0,#cc99ff
27(1),FEMAXI (Mol),36.3311,1206.6143,0,#cc99ff
27(1),FEMAXI (Mol),36.4496,1206.789,0,#cc99ff
27(1),FEMAXI (Mol),36.6142,1206.8612,0,#cc99ff
27(1),FEMAXI (Mol),36.7989,1206.6634,0,#cc99ff
27(1),FEMAXI (Mol),36.9812,1206.3935,0,#cc99ff
27(1),FEMAXI (Mol),37.1618,1206.0659,0,#cc99ff
27(1),FEMAXI (Mol),37.3419,1205.6944,0,#cc99ff
27(1),FEMAXI (Mol),37.5203,1205.2991,0,#cc99ff
27(1),FEMAXI (Mol),37.6986,1204.8945,0,#cc99ff
27(1),FEMAXI (Mol),37.8774,1204.498,0,#cc99ff
27(1),FEMAXI (Mol),38.0573,1204.1272,0,#cc99ff
27(1),FEMAXI (Mol),38.2388,1203.8005,0,#cc99ff
27(1),FEMAXI (Mol),38.4248,1203.5341,0,#cc99ff
27(1),FEMAXI (Mol),38.6113,1203.3527,0,#cc99ff
27(1),FEMAXI (Mol),38.8009,1203.271,0,#cc99ff
27(1),FEMAXI (Mol),38.9941,1203.3063,0,#cc99ff
27(1),FEMAXI (Mol),39.1915,1203.4751,0,#cc99ff
27(1),FEMAXI (Mol),39.3936,1203.7935,0,#cc99ff
27(1),FEMAXI (Mol),39.5841,1203.9497,0,#cc99ff
27(1),FEMAXI (Mol),39.808,1203.8108,0,#cc99ff
27(1),FEMAXI (Mol),40.0591,1203.6422,0,#cc99ff
27(1),FEMAXI (Mol),40.2973,1203.4657,0,#cc99ff
27(1),FEMAXI (Mol),40.5359,1203.2423,0,#cc99ff
27(1),FEMAXI (Mol),40.7741,1202.9796,0,#cc99ff
27(1),FEMAXI (Mol),41.0137,1202.6823,0,#cc99ff
27(1),FEMAXI (Mol),41.2535,1202.3587,0,#cc99ff
27(1),FEMAXI (Mol),41.4935,1202.0157,0,#cc99ff
27(1),FEMAXI (Mol),41.7337,1201.6605,0,#cc99ff
27(1),FEMAXI (Mol),41.974,1201.3001,0,#cc99ff
27(1),FEMAXI (Mol),42.2142,1200.9417,0,#cc99ff
27(1),FEMAXI (Mol),42.4545,1200.5923,0,#cc99ff
27(1),FEMAXI (Mol),42.6946,1200.2592,0,#cc99ff
27(1),FEMAXI (Mol),42.9345,1199.9494,0,#cc99ff
27(1),FEMAXI (Mol),43.1742,1199.6701,0,#cc99ff
27(1),FEMAXI (Mol),43.4136,1199.4283,0,#cc99ff
27(1),FEMAXI (Mol),43.5668,1199.2127,0,#cc99ff
27(1),FEMAXI (Mol),43.7298,1199.0647,0,#cc99ff
27(1),FEMAXI (Mol),43.8929,1198.9167,0,#cc99ff
27(1),FEMAXI (Mol),44.4749,1198.3096,0,#cc99ff
27(1),FEMAXI (Mol),45.0557,1197.7913,0,#cc99ff
27(1),FEMAXI (Mol),45.6365,1197.2794,0,#cc99ff
27(1),FEMAXI (Mol),46.2171,1196.7537,0,#cc99ff
27(1),FEMAXI (Mol),46.7974,1196.193,0,#cc99ff
27(1),FEMAXI (Mol),47.3772,1195.5757,0,#cc99ff
27(1),FEMAXI (Mol),47.9562,1194.8796,0,#cc99ff
27(1),FEMAXI (Mol),48.5345,1194.0825,0,#cc99ff
27(1),FEMAXI (Mol),49.1118,1193.1628,0,#cc99ff
27(1),FEMAXI (Mol),49.6879,1192.0993,0,#cc99ff
27(1),FEMAXI (Mol),50.2628,1190.8719,0,#cc99ff
27(1),FEMAXI (Mol),50.8361,1189.4617,0,#cc99ff
27(1),FEMAXI (Mol),51.4079,1187.8515,0,#cc99ff
27(1),FEMAXI (Mol),51.9781,1186.0253,0,#cc99ff
27(1),FEMAXI (Mol),52.5464,1183.9691,0,#cc99ff
27(1),FEMAXI (Mol),53.113,1181.6702,0,#cc99ff
27(1),FEMAXI (Mol),53.2679,1181.0513,0,#cc99ff
27(1),FEMAXI (Mol),53.443,1180.4364,0,#cc99ff
27(1),FEMAXI (Mol),53.6309,1179.8126,0,#cc99ff
27(1),FEMAXI (Mol),53.802,1179.2444,0,#cc99ff
27(1),FEMAXI (Mol),54.0052,1178.6243,0,#cc99ff
27(1),FEMAXI (Mol),54.5076,1177.0309,0,#cc99ff
27(1),FEMAXI (Mol),55.0091,1175.3694,0,#cc99ff
27(1),FEMAXI (Mol),55.5089,1173.693,0,#cc99ff
27(1),FEMAXI (Mol),56.0066,1172.0014,0,#cc99ff
27(1),FEMAXI (Mol),56.5028,1170.2916,0,#cc99ff
27(1),FEMAXI (Mol),56.9978,1168.5604,0,#cc99ff
27(1),FEMAXI (Mol),57.4919,1166.8049,0,#cc99ff
27(1),FEMAXI (Mol),57.9855,1165.0221,0,#cc99ff
27(1),FEMAXI (Mol),58.4787,1163.209,0,#cc99ff
27(1),FEMAXI (Mol),58.9719,1161.3625,0,#cc99ff
27(1),FEMAXI (Mol),59.4658,1159.4743,0,#cc99ff
27(1),FEMAXI (Mol),59.9598,1157.5482,0,#cc99ff
27(1),FEMAXI (Mol),60.4546,1155.579,0,#cc99ff
27(1),FEMAXI (Mol),60.9505,1153.5637,0,#cc99ff
27(1),FEMAXI (Mol),61.4478,1151.4989,0,#cc99ff
27(1),FEMAXI (Mol),61.9468,1149.3813,0,#cc99ff
27(1),FEMAXI (Mol),62.7235,1145.9086,0,#cc99ff
27(1),FEMAXI (Mol),63.5138,1142.5066,0,#cc99ff
27(1),FEMAXI (Mol),63.9776,1140.2935,0,#cc99ff
27(1),FEMAXI (Mol),64.4467,1137.7651,0,#cc99ff
27(1),FEMAXI (Mol),64.9175,1135.0873,0,#cc99ff
27(1),FEMAXI (Mol),65.3899,1132.254,0,#cc99ff
27(1),FEMAXI (Mol),65.8633,1129.2821,0,#cc99ff
27(1),FEMAXI (Mol),66.3372,1126.1875,0,#cc99ff
27(1),FEMAXI (Mol),66.811,1122.9859,0,#cc99ff
27(1),FEMAXI (Mol),67.2841,1119.6922,0,#cc99ff
27(1),FEMAXI (Mol),67.7561,1116.3215,0,#cc99ff
27(1),FEMAXI (Mol),68.2263,1112.8883,0,#cc99ff
27(1),FEMAXI (Mol),68.6942,1109.4069,0,#cc99ff
27(1),FEMAXI (Mol),69.1592,1105.8916,0,#cc99ff
27(1),FEMAXI (Mol),69.6208,1102.3566,0,#cc99ff
27(1),FEMAXI (Mol),70.0783,1098.8158,0,#cc99ff
27(1),FEMAXI (Mol),70.5313,1095.2833,0,#cc99ff
27(1),FEMAXI (Mol),70.979,1091.7732,0,#cc99ff
27(1),FEMAXI (Mol),71.508,1087.4488,0,#cc99ff
27(1),FEMAXI (Mol),72.0282,1082.7118,0,#cc99ff
27(1),FEMAXI (Mol),72.2714,1080.1026,0,#cc99ff
27(1),FEMAXI (Mol),72.525,1077.6787,0,#cc99ff
27(1),FEMAXI (Mol),72.7506,1075.3749,0,#cc99ff
27(1),FEMAXI (Mol),72.9736,1072.9692,0,#cc99ff
27(1),FEMAXI (Mol),73.1951,1070.4649,0,#cc99ff
27(1),FEMAXI (Mol),73.4127,1067.8674,0,#cc99ff
27(1),FEMAXI (Mol),73.6254,1065.1648,0,#cc99ff
27(1),FEMAXI (Mol),73.8301,1062.3735,0,#cc99ff
27(1),FEMAXI (Mol),74.0285,1059.4479,0,#cc99ff
27(1),FEMAXI (Mol),74.2204,1056.3616,0,#cc99ff
27(1),FEMAXI (Mol),74.4038,1053.1246,0,#cc99ff
27(1),FEMAXI (Mol),74.5777,1049.7282,0,#cc99ff
27(1),FEMAXI (Mol),74.7415,1046.1651,0,#cc99ff
27(1),FEMAXI (Mol),74.8946,1042.4287,0,#cc99ff
27(1),FEMAXI (Mol),75.0365,1038.5121,0,#cc99ff
27(1),FEMAXI (Mol),75.1668,1034.408,0,#cc99ff
27(1),FEMAXI (Mol),75.2853,1030.1076,0,#cc99ff
27(1),FEMAXI (Mol),75.3919,1025.6007,0,#cc99ff
27(1),FEMAXI (Mol),75.4674,1022.1668,0,#cc99ff
27(1),FEMAXI (Mol),75.5862,1015.076,0,#cc99ff
27(1),FEMAXI (Mol),75.6327,1012.2414,0,#cc99ff
27(1),FEMAXI (Mol),75.6699,1009.5261,0,#cc99ff
27(1),FEMAXI (Mol),75.7056,1006.6255,0,#cc99ff
27(1),FEMAXI (Mol),75.7386,1003.6853,0,#cc99ff
27(1),FEMAXI (Mol),75.7695,1000.6663,0,#cc99ff
27(1),FEMAXI (Mol),75.7972,997.6653,0,#cc99ff
27(1),FEMAXI (Mol),75.8227,994.6415,0,#cc99ff
27(1),FEMAXI (Mol),75.846,991.6006,0,#cc99ff
27(1),FEMAXI (Mol),75.8673,988.5484,0,#cc99ff
27(1),FEMAXI (Mol),75.8867,985.4908,0,#cc99ff
27(1),FEMAXI (Mol),75.9044,982.4102,0,#cc99ff
27(1),FEMAXI (Mol),75.9203,979.364,0,#cc99ff
27(1),FEMAXI (Mol),75.9349,976.3307,0,#cc99ff
27(1),FEMAXI (Mol),75.9483,973.3165,0,#cc99ff
27(1),FEMAXI (Mol),75.9607,970.3274,0,#cc99ff
27(1),FEMAXI (Mol),75.9721,967.3636,0,#cc99ff
27(1),FEMAXI (Mol),76.0343,952.2665,0,#cc99ff
27(1),FEMAXI (Mol),76.066,944.7775,0,#cc99ff
27(1),FEMAXI (Mol),76.0889,941.4329,0,#cc99ff
27(1),FEMAXI (Mol),76.1106,938.1201,0,#cc99ff
27(1),FEMAXI (Mol),76.1318,934.8466,0,#cc99ff
27(1),FEMAXI (Mol),76.1503,931.6158,0,#cc99ff
27(1),FEMAXI (Mol),76.1664,928.3977,0,#cc99ff
27(1),FEMAXI (Mol),76.1803,925.1885,0,#cc99ff
27(1),FEMAXI (Mol),76.192,921.9839,0,#cc99ff
27(1),FEMAXI (Mol),76.2019,918.7799,0,#cc99ff
27(1),FEMAXI (Mol),76.2099,915.5722,0,#cc99ff
27(1),FEMAXI (Mol),76.2163,912.3564,0,#cc99ff
27(1),FEMAXI (Mol),76.2212,909.1444,0,#cc99ff
27(1),FEMAXI (Mol),76.2247,905.8972,0,#cc99ff
27(1),FEMAXI (Mol),76.2271,902.6286,0,#cc99ff
27(1),FEMAXI (Mol),76.2284,899.3342,0,#cc99ff
27(1),FEMAXI (Mol),76.2287,896.0093,0,#cc99ff
27(1),FEMAXI (Mol),76.2283,892.6496,0,#cc99ff
27(1),FEMAXI (Mol),76.2128,877.5863,0,#cc99ff
27(1),FEMAXI (Mol),76.1819,862.2354,0,#cc99ff
27(1),FEMAXI (Mol),76.1505,846.7948,0,#cc99ff
27(1),FEMAXI (Mol),76.1274,831.6926,0,#cc99ff
27(1),FEMAXI (Mol),76.2378,816.1666,0,#cc99ff
27(1),FEMAXI (Mol),76.2362,816.0313,0,#cc99ff
27(1),FEMAXI (Mol),76.2342,815.9032,0,#cc99ff
27(1),FEMAXI (Mol),76.2319,815.7824,0,#cc99ff
27(1),FRAPCON,1.6356,1686.6812,0,#00ff00
27(1),FRAPCON,1.6356,1679.7237,0,#00ff00
27(1),FRAPCON,1.8768,1666.6682,0,#00ff00
27(1),FRAPCON,1.9924,1659.9046,0,#00ff00
27(1),FRAPCON,2.1977,1648.7516,0,#00ff00
27(1),FRAPCON,2.4002,1637.5548,0,#00ff00
27(1),FRAPCON,2.6007,1626.3122,0,#00ff00
27(1),FRAPCON,2.7999,1615.0335,0,#00ff00
27(1),FRAPCON,2.9985,1603.7282,0,#00ff00
27(1),FRAPCON,3.1972,1592.4059,0,#00ff00
27(1),FRAPCON,3.3965,1581.0761,0,#00ff00
27(1),FRAPCON,3.5973,1569.7484,0,#00ff00
27(1),FRAPCON,3.8,1558.4325,0,#00ff00
27(1),FRAPCON,4.0055,1547.1379,0,#00ff00
27(1),FRAPCON,4.2142,1535.8743,0,#00ff00
27(1),FRAPCON,4.4271,1524.6514,0,#00ff00
27(1),FRAPCON,4.6446,1513.4789,0,#00ff00
27(1),FRAPCON,4.8675,1502.3665,0,#00ff00
27(1),FRAPCON,5.0965,1491.3241,0,#00ff00
27(1),FRAPCON,5.3323,1480.3616,0,#00ff00
27(1),FRAPCON,5.3899,1477.9577,0,#00ff00
27(1),FRAPCON,5.4584,1475.1734,0,#00ff00
27(1),FRAPCON,5.581,1470.6491,0,#00ff00
27(1),FRAPCON,5.6512,1468.0816,0,#00ff00
27(1),FRAPCON,5.7252,1465.502,0,#00ff00
27(1),FRAPCON,5.8034,1462.9479,0,#00ff00
27(1),FRAPCON,5.8852,1460.4473,0,#00ff00
27(1),FRAPCON,5.9702,1457.9955,0,#00ff00
27(1),FRAPCON,6.0579,1455.5874,0,#00ff00
27(1),FRAPCON,6.1478,1453.2179,0,#00ff00
27(1),FRAPCON,6.2395,1450.8813,0,#00ff00
27(1),FRAPCON,6.3325,1448.5722,0,#00ff00
27(1),FRAPCON,6.4265,1446.2851,0,#00ff00
27(1),FRAPCON,6.5209,1444.0147,0,#00ff00
27(1),FRAPCON,6.6154,1441.7556,0,#00ff00
27(1),FRAPCON,6.7096,1439.503,0,#00ff00
27(1),FRAPCON,6.803,1437.252,0,#00ff00
27(1),FRAPCON,6.8953,1434.9983,0,#00ff00
27(1),FRAPCON,6.9861,1432.7376,0,#00ff00
27(1),FRAPCON,7.0839,1429.8924,0,#00ff00
27(1),FRAPCON,7.3545,1421.9388,0,#00ff00
27(1),FRAPCON,7.4673,1418.5355,0,#00ff00
27(1),FRAPCON,7.5797,1415.1385,0,#00ff00
27(1),FRAPCON,7.6925,1411.739,0,#00ff00
27(1),FRAPCON,7.8051,1408.3602,0,#00ff00
27(1),FRAPCON,7.918,1404.9898,0,#00ff00
27(1),FRAPCON,8.0314,1401.6289,0,#00ff00
27(1),FRAPCON,8.1453,1398.2784,0,#00ff00
27(1),FRAPCON,8.2602,1394.9394,0,#00ff00
27(1),FRAPCON,8.3761,1391.6127,0,#00ff00
27(1),FRAPCON,8.4933,1388.2995,0,#00ff00
27(1),FRAPCON,8.612,1385.0005,0,#00ff00
27(1),FRAPCON,8.7329,1381.7034,0,#00ff00
27(1),FRAPCON,8.8554,1378.435,0,#00ff00
27(1),FRAPCON,8.98,1375.1835,0,#00ff00
27(1),FRAPCON,9.1069,1371.9494,0,#00ff00
27(1),FRAPCON,9.2365,1368.7335,0,#00ff00
27(1),FRAPCON,9.4595,1363.2512,0,#00ff00
27(1),FRAPCON,9.6965,1357.8486,0,#00ff00
27(1),FRAPCON,9.8169,1355.1262,0,#00ff00
27(1),FRAPCON,9.9457,1351.9089,0,#00ff00
27(1),FRAPCON,10.0817,1348.8889,0,#00ff00
27(1),FRAPCON,10.4274,1340.7643,0,#00ff00
27(1),FRAPCON,10.786,1332.5008,0,#00ff00
27(1),FRAPCON,11.1529,1324.0031,0,#00ff00
27(1),FRAPCON,11.5284,1315.3464,0,#00ff00
27(1),FRAPCON,11.9128,1306.6075,0,#00ff00
27(1),FRAPCON,12.3067,1297.864,0,#00ff00
27(1),FRAPCON,12.7106,1289.1944,0,#00ff00
27(1),FRAPCON,13.1251,1280.6776,0,#00ff00
27(1),FRAPCON,13.5507,1272.3922,0,#00ff00
27(1),FRAPCON,13.988,1264.4167,0,#00ff00
27(1),FRAPCON,14.4372,1256.8281,0,#00ff00
27(1),FRAPCON,14.8986,1249.7007,0,#00ff00
27(1),FRAPCON,15.372,1243.1049,0,#00ff00
27(1),FRAPCON,15.8576,1237.1054,0,#00ff00
27(1),FRAPCON,16.3551,1231.7594,0,#00ff00
27(1),FRAPCON,16.8645,1227.1156,0,#00ff00
27(1),FRAPCON,17.1957,1224.2159,0,#00ff00
27(1),FRAPCON,17.5417,1221.5223,0,#00ff00
27(1),FRAPCON,18.2602,1216.4498,0,#00ff00
27(1),FRAPCON,18.969,1211.4065,0,#00ff00
27(1),FRAPCON,19.6694,1206.4424,0,#00ff00
27(1),FRAPCON,20.3633,1201.5729,0,#00ff00
27(1),FRAPCON,21.0527,1196.8135,0,#00ff00
27(1),FRAPCON,21.7394,1192.18,0,#00ff00
27(1),FRAPCON,22.4255,1187.6883,0,#00ff00
27(1),FRAPCON,23.1127,1183.3543,0,#00ff00
27(1),FRAPCON,23.803,1179.194,0,#00ff00
27(1),FRAPCON,24.4984,1175.2235,0,#00ff00
27(1),FRAPCON,25.2006,1171.4588,0,#00ff00
27(1),FRAPCON,25.9116,1167.9158,0,#00ff00
27(1),FRAPCON,26.6333,1164.6102,0,#00ff00
27(1),FRAPCON,27.3675,1161.5576,0,#00ff00
27(1),FRAPCON,28.1162,1158.7734,0,#00ff00
27(1),FRAPCON,28.8818,1156.2715,0,#00ff00
27(1),FRAPCON,29.0528,1155.7034,0,#00ff00
27(1),FRAPCON,29.256,1155.0839,0,#00ff00
27(1),FRAPCON,29.4425,1154.514,0,#00ff00
27(1),FRAPCON,29.6609,1153.8973,0,#00ff00
27(1),FRAPCON,29.863,1153.3258,0,#00ff00
27(1),FRAPCON,30.086,1152.5957,0,#00ff00
27(1),FRAPCON,30.6742,1150.7146,0,#00ff00
27(1),FRAPCON,31.26,1149.0392,0,#00ff00
27(1),FRAPCON,31.8471,1147.5306,0,#00ff00
27(1),FRAPCON,32.4353,1146.1655,0,#00ff00
27(1),FRAPCON,33.0245,1144.9207,0,#00ff00
27(1),FRAPCON,33.6145,1143.7731,0,#00ff00
27(1),FRAPCON,34.205,1142.6992,0,#00ff00
27(1),FRAPCON,34.7958,1141.6758,0,#00ff00
27(1),FRAPCON,35.3867,1140.6797,0,#00ff00
27(1),FRAPCON,35.9775,1139.6877,0,#00ff00
27(1),FRAPCON,36.5678,1138.6765,0,#00ff00
27(1),FRAPCON,37.1575,1137.6232,0,#00ff00
27(1),FRAPCON,37.7464,1136.5048,0,#00ff00
27(1),FRAPCON,38.3341,1135.2983,0,#00ff00
27(1),FRAPCON,38.9206,1133.9812,0,#00ff00
27(1),FRAPCON,39.5057,1132.5308,0,#00ff00
27(1),FRAPCON,39.9088,1131.5656,0,#00ff00
27(1),FRAPCON,40.2983,1130.526,0,#00ff00
27(1),FRAPCON,40.6757,1129.3761,0,#00ff00
27(1),FRAPCON,41.0528,1128.1729,0,#00ff00
27(1),FRAPCON,41.428,1126.8623,0,#00ff00
27(1),FRAPCON,41.7993,1125.4124,0,#00ff00
27(1),FRAPCON,42.1656,1123.7891,0,#00ff00
27(1),FRAPCON,42.5256,1121.9591,0,#00ff00
27(1),FRAPCON,42.8782,1119.8892,0,#00ff00
27(1),FRAPCON,43.2224,1117.5458,0,#00ff00
27(1),FRAPCON,43.5569,1114.8946,0,#00ff00
27(1),FRAPCON,43.8809,1111.8995,0,#00ff00
27(1),FRAPCON,44.1932,1108.5225,0,#00ff00
27(1),FRAPCON,44.4928,1104.7222,0,#00ff00
27(1),FRAPCON,44.7786,1100.4541,0,#00ff00
27(1),FRAPCON,45.0492,1095.671,0,#00ff00
27(1),FRAPCON,45.3028,1090.3245,0,#00ff00
27(1),FRAPCON,45.5376,1084.3675,0,#00ff00
27(1),FRAPCON,45.6309,1081.705,0,#00ff00
27(1),FRAPCON,45.707,1078.9509,0,#00ff00
27(1),FRAPCON,45.7846,1076.2863,0,#00ff00
27(1),FRAPCON,45.9347,1070.7212,0,#00ff00
27(1),FRAPCON,46.1507,1060.4999,0,#00ff00
27(1),FRAPCON,46.3168,1051.267,0,#00ff00
27(1),FRAPCON,46.4573,1043.1383,0,#00ff00
27(1),FRAPCON,46.566,1035.966,0,#00ff00
27(1),FRAPCON,46.6418,1029.6114,0,#00ff00
27(1),FRAPCON,46.6879,1023.7855,0,#00ff00
27(1),FRAPCON,46.7075,1018.208,0,#00ff00
27(1),FRAPCON,46.7025,1012.9071,0,#00ff00
27(1),FRAPCON,46.684,1007.3861,0,#00ff00
27(1),FRAPCON,46.6512,1001.8761,0,#00ff00
27(1),FRAPCON,46.6006,995.8435,0,#00ff00
27(1),FRAPCON,46.5405,989.2459,0,#00ff00
27(1),FRAPCON,46.4727,981.9002,0,#00ff00
27(1),FRAPCON,46.4005,973.6303,0,#00ff00
27(1),FRAPCON,46.3292,964.2178,0,#00ff00
27(1),FRAPCON,46.2686,953.4845,0,#00ff00
27(1),FRAPCON,46.2531,949.6539,0,#00ff00
27(1),FRAPCON,46.2452,945.3384,0,#00ff00
27(1),FRAPCON,46.2499,928.8606,0,#00ff00
27(1),FRAPCON,46.2644,912.4016,0,#00ff00
27(1),FRAPCON,46.2873,895.9613,0,#00ff00
27(1),FRAPCON,46.3165,879.5353,0,#00ff00
27(1),FRAPCON,46.3503,863.1191,0,#00ff00
27(1),FRAPCON,46.3866,846.7082,0,#00ff00
27(1),FRAPCON,46.4237,830.2984,0,#00ff00
27(1),FRAPCON,46.4596,813.8854,0,#00ff00
27(1),FRAPCON,46.4925,797.4649,0,#00ff00
27(1),FRAPCON,46.5204,781.0328,0,#00ff00
27(1),FRAPCON,46.5414,764.5848,0,#00ff00
27(1),FRAPCON,46.5537,748.1166,0,#00ff00
27(1),FRAPCON,46.5555,731.624,0,#00ff00
27(1),FRAPCON,46.5447,715.1026,0,#00ff00
27(1),FRAPCON,46.5197,698.5478,0,#00ff00
27(1),FRAPCON,46.4784,681.955,0,#00ff00
27(1),FRAPCON,46.4318,659.1371,0,#00ff00
27(1),FRAPCON,46.3308,613.5376,0,#00ff00
27(1),FRAPCON,46.2762,590.4199,0,#00ff00
27(1),FRAPCON,46.33,566.7555,0,#00ff00
27(1),FRAPCON,46.3296,566.6462,0,#00ff00
27(1),FRAPCON,46.3286,566.5409,0,#00ff00
27(1),FRAPCON,46.3269,566.44,0,#00ff00
27(1),FRAPCON,46.3247,566.3438,0,#00ff00
27(1),FRAPCON,46.3218,566.2528,0,#00ff00
27(1),FRAPCON,46.3185,566.1674,0,#00ff00
27(1),FRAPCON,46.3148,566.0881,0,#00ff00
27(1),FRAPCON,46.3106,566.0153,0,#00ff00
27(1),FRAPCON,46.306,565.9495,0,#00ff00
27(1),BACO,4.8968,1703.9238,0,#ff0000
27(1),BACO,5.0866,1695.326,0,#ff0000
27(1),BACO,5.2796,1686.7258,0,#ff0000
27(1),BACO,5.4758,1678.1343,0,#ff0000
27(1),BACO,5.6749,1669.5623,0,#ff0000
27(1),BACO,5.8768,1661.0211,0,#ff0000
27(1),BACO,6.0813,1652.5217,0,#ff0000
27(1),BACO,6.2882,1644.0753,0,#ff0000
27(1),BACO,6.4975,1635.6932,0,#ff0000
27(1),BACO,6.7088,1627.3867,0,#ff0000
27(1),BACO,6.9222,1619.1673,0,#ff0000
27(1),BACO,7.1373,1611.0468,0,#ff0000
27(1),BACO,7.2652,1606.265,0,#ff0000
27(1),BACO,7.4039,1601.5631,0,#ff0000
27(1),BACO,7.5483,1596.5004,0,#ff0000
27(1),BACO,7.9022,1583.1305,0,#ff0000
27(1),BACO,8.2662,1570.0035,0,#ff0000
27(1),BACO,8.6461,1557.2327,0,#ff0000
27(1),BACO,9.0422,1544.8058,0,#ff0000
27(1),BACO,9.4546,1532.7103,0,#ff0000
27(1),BACO,9.8838,1520.9336,0,#ff0000
27(1),BACO,10.3301,1509.4631,0,#ff0000
27(1),BACO,10.7939,1498.2864,0,#ff0000
27(1),BACO,11.2757,1487.3916,0,#ff0000
27(1),BACO,11.7759,1476.7671,0,#ff0000
27(1),BACO,12.2952,1466.4019,0,#ff0000
27(1),BACO,12.8341,1456.2859,0,#ff0000
27(1),BACO,13.3933,1446.4097,0,#ff0000
27(1),BACO,13.9733,1436.7647,0,#ff0000
27(1),BACO,14.5748,1427.343,0,#ff0000
27(1),BACO,15.1985,1418.1379,0,#ff0000
27(1),BACO,15.5749,1412.7748,0,#ff0000
27(1),BACO,15.9803,1407.4251,0,#ff0000
27(1),BACO,16.3977,1402.2692,0,#ff0000
27(1),BACO,16.8192,1397.0074,0,#ff0000
27(1),BACO,17.7574,1385.7933,0,#ff0000
27(1),BACO,18.7022,1374.9392,0,#ff0000
27(1),BACO,19.6477,1364.0865,0,#ff0000
27(1),BACO,20.5937,1353.2234,0,#ff0000
27(1),BACO,21.5396,1342.3403,0,#ff0000
27(1),BACO,22.4848,1331.427,0,#ff0000
27(1),BACO,23.4288,1320.4738,0,#ff0000
27(1),BACO,24.3711,1309.4719,0,#ff0000
27(1),BACO,25.3112,1298.4109,0,#ff0000
27(1),BACO,26.2422,1287.2785,0,#ff0000
27(1),BACO,27.1691,1275.8206,0,#ff0000
27(1),BACO,28.0803,1264.0637,0,#ff0000
27(1),BACO,28.9781,1251.9376,0,#ff0000
27(1),BACO,29.8623,1239.4376,0,#ff0000
27(1),BACO,30.7324,1226.5531,0,#ff0000
27(1),BACO,31.5876,1213.2759,0,#ff0000
27(1),BACO,31.8794,1208.297,0,#ff0000
27(1),BACO,32.1894,1203.4406,0,#ff0000
27(1),BACO,32.5523,1197.4076,0,#ff0000
27(1),BACO,32.9135,1191.1601,0,#ff0000
27(1),BACO,33.2715,1184.7754,0,#ff0000
27(1),BACO,33.6241,1178.2442,0,#ff0000
27(1),BACO,33.9692,1171.5574,0,#ff0000
27(1),BACO,34.3046,1164.7061,0,#ff0000
27(1),BACO,34.6284,1157.6816,0,#ff0000
27(1),BACO,34.9383,1150.4752,0,#ff0000
27(1),BACO,35.2322,1143.078,0,#ff0000
27(1),BACO,35.5082,1135.4813,0,#ff0000
27(1),BACO,35.7642,1127.6757,0,#ff0000
27(1),BACO,35.9982,1119.6515,0,#ff0000
27(1),BACO,36.2081,1111.3983,0,#ff0000
27(1),BACO,36.3919,1102.9045,0,#ff0000
27(1),BACO,36.5475,1094.1581,0,#ff0000
27(1),BACO,36.673,1085.1456,0,#ff0000
27(1),BACO,36.7196,1081.3493,0,#ff0000
27(1),BACO,36.7678,1077.0965,0,#ff0000
27(1),BACO,36.828,1072.9419,0,#ff0000
27(1),BACO,36.8897,1068.2396,0,#ff0000
27(1),BACO,36.9514,1063.2378,0,#ff0000
27(1),BACO,36.9833,1060.359,0,#ff0000
27(1),BACO,37.0869,1051.8924,0,#ff0000
27(1),BACO,37.1863,1043.466,0,#ff0000
27(1),BACO,37.2803,1034.9407,0,#ff0000
27(1),BACO,37.3701,1026.3355,0,#ff0000
27(1),BACO,37.4573,1017.6693,0,#ff0000
27(1),BACO,37.5432,1008.9605,0,#ff0000
27(1),BACO,37.6293,1000.2276,0,#ff0000
27(1),BACO,37.717,991.4885,0,#ff0000
27(1),BACO,37.8078,982.7612,0,#ff0000
27(1),BACO,37.9031,974.0638,0,#ff0000
27(1),BACO,38.0043,965.4141,0,#ff0000
27(1),BACO,38.1129,956.8302,0,#ff0000
27(1),BACO,38.2304,948.3304,0,#ff0000
27(1),BACO,38.3584,939.9333,0,#ff0000
27(1),BACO,38.4984,931.6583,0,#ff0000
27(1),BACO,38.652,923.5254,0,#ff0000
27(1),BACO,38.7756,917.5597,0,#ff0000
27(1),BACO,38.9727,908.4346,0,#ff0000
27(1),BACO,39.1633,899.2631,0,#ff0000
27(1),BACO,39.3511,890.0535,0,#ff0000
27(1),BACO,39.5375,880.8187,0,#ff0000
27(1),BACO,39.7238,871.5722,0,#ff0000
27(1),BACO,39.9115,862.3274,0,#ff0000
27(1),BACO,40.1019,853.098,0,#ff0000
27(1),BACO,40.2964,843.8977,0,#ff0000
27(1),BACO,40.4965,834.7402,0,#ff0000
27(1),BACO,40.7034,825.6392,0,#ff0000
27(1),BACO,40.9187,816.6083,0,#ff0000
27(1),BACO,41.1436,807.6612,0,#ff0000
27(1),BACO,41.3797,798.8112,0,#ff0000
27(1),BACO,41.6284,790.0714,0,#ff0000
27(1),BACO,41.8909,781.4549,0,#ff0000
27(1),BACO,42.1687,772.9741,0,#ff0000
27(1),BACO,42.5368,761.5104,0,#ff0000
27(1),BACO,42.6865,756.9161,0,#ff0000
27(1),BACO,43.0056,747.9513,0,#ff0000
27(1),BACO,43.3257,738.6932,0,#ff0000
27(1),BACO,43.6482,729.2628,0,#ff0000
27(1),BACO,43.9733,719.697,0,#ff0000
27(1),BACO,44.3013,710.0334,0,#ff0000
27(1),BACO,44.6326,700.3096,0,#ff0000
27(1),BACO,44.9676,690.564,0,#ff0000
27(1),BACO,45.3067,680.8348,0,#ff0000
27(1),BACO,45.6503,671.1603,0,#ff0000
27(1),BACO,45.9989,661.5789,0,#ff0000
27(1),BACO,46.3526,652.1284,0,#ff0000
27(1),BACO,46.712,642.8465,0,#ff0000
27(1),BACO,47.0771,633.7701,0,#ff0000
27(1),BACO,47.4482,624.935,0,#ff0000
27(1),BACO,47.8255,616.3758,0,#ff0000
27(1),BACO,48.2091,608.1252,0,#ff0000
27(1),BACO,48.3531,605.0877,0,#ff0000
27(1),BACO,48.5067,602.3083,0,#ff0000
27(1),BACO,48.8054,596.7571,0,#ff0000
27(1),BACO,49.0575,591.9402,0,#ff0000
27(1),BACO,49.3121,587.0826,0,#ff0000
27(1),BACO,49.5703,582.2414,0,#ff0000
27(1),BACO,49.8273,577.4895,0,#ff0000
27(1),BACO,50.0875,572.735,0,#ff0000
27(1),BACO,50.3478,568.0874,0,#ff0000
27(1),BACO,50.6108,563.4213,0,#ff0000
27(1),BACO,50.8751,558.8756,0,#ff0000
27(1),BACO,51.1403,554.3492,0,#ff0000
27(1),BACO,51.411,549.8514,0,#ff0000
27(1),BACO,51.6817,545.4221,0,#ff0000
27(1),BACO,51.9574,541.0102,0,#ff0000
27(1),BACO,52.2344,536.6737,0,#ff0000
27(1),BACO,52.5163,532.3451,0,#ff0000
27(1),BACO,52.8004,528.0966,0,#ff0000
27(1),BACO,53.0896,523.8482,0,#ff0000
27(1),BACO,53.5377,517.5751,0,#ff0000
27(1),BACO,54.0024,511.2635,0,#ff0000
27(1),BACO,54.2675,507.68,0,#ff0000
27(1),BACO,54.5367,504.1148,0,#ff0000
27(1),BACO,54.8057,500.5806,0,#ff0000
27(1),BACO,55.0775,497.0509,0,#ff0000
27(1),BACO,55.3496,493.5641,0,#ff0000
27(1),TU (PSI),5.7813,1502.2336,0,#ff6600
27(1),TU (PSI),5.7429,1492.71,0,#ff6600
27(1),TU (PSI),5.8285,1483.2133,0,#ff6600
27(1),TU (PSI),5.9915,1464.277,0,#ff6600
27(1),TU (PSI),6.048,1457.2324,0,#ff6600
27(1),TU (PSI),6.1064,1450.1962,0,#ff6600
27(1),TU (PSI),6.1683,1443.1613,0,#ff6600
27(1),TU (PSI),6.2342,1436.1388,0,#ff6600
27(1),TU (PSI),6.3039,1429.1453,0,#ff6600
27(1),TU (PSI),6.3775,1422.172,0,#ff6600
27(1),TU (PSI),6.4551,1415.2192,0,#ff6600
27(1),TU (PSI),6.5367,1408.2871,0,#ff6600
27(1),TU (PSI),6.6255,1401.1915,0,#ff6600
27(1),TU (PSI),6.7279,1394.3594,0,#ff6600
27(1),TU (PSI),6.8405,1387.5002,0,#ff6600
27(1),TU (PSI),6.9599,1380.7504,0,#ff6600
27(1),TU (PSI),7.0843,1374.0494,0,#ff6600
27(1),TU (PSI),7.2114,1367.3881,0,#ff6600
27(1),TU (PSI),7.3391,1360.739,0,#ff6600
27(1),TU (PSI),7.4653,1354.1019,0,#ff6600
27(1),TU (PSI),7.6072,1346.2839,0,#ff6600
27(1),TU (PSI),7.7619,1338.3156,0,#ff6600
27(1),TU (PSI),8.0565,1322.709,0,#ff6600
27(1),TU (PSI),8.3766,1307.3451,0,#ff6600
27(1),TU (PSI),8.7292,1292.2388,0,#ff6600
27(1),TU (PSI),9.1153,1277.4243,0,#ff6600
27(1),TU (PSI),9.5353,1262.9263,0,#ff6600
27(1),TU (PSI),9.9902,1248.7333,0,#ff6600
27(1),TU (PSI),10.4743,1234.9395,0,#ff6600
27(1),TU (PSI),10.9853,1221.4908,0,#ff6600
27(1),TU (PSI),11.5102,1208.3066,0,#ff6600
27(1),TU (PSI),12.0563,1195.3071,0,#ff6600
27(1),TU (PSI),12.6191,1182.647,0,#ff6600
27(1),TU (PSI),13.1962,1170.203,0,#ff6600
27(1),TU (PSI),13.7865,1158.0264,0,#ff6600
27(1),TU (PSI),14.391,1146.1098,0,#ff6600
27(1),TU (PSI),15.0081,1134.5377,0,#ff6600
27(1),TU (PSI),15.638,1123.3263,0,#ff6600
27(1),TU (PSI),16.0116,1117.0917,0,#ff6600
27(1),TU (PSI),16.3934,1111.0384,0,#ff6600
27(1),TU (PSI),17.144,1100.4177,0,#ff6600
27(1),TU (PSI),17.5314,1095.5448,0,#ff6600
27(1),TU (PSI),17.8032,1092.1481,0,#ff6600
27(1),TU (PSI),18.0769,1088.8045,0,#ff6600
27(1),TU (PSI),18.3545,1085.5191,0,#ff6600
27(1),TU (PSI),18.6345,1082.3216,0,#ff6600
27(1),TU (PSI),18.9169,1079.2033,0,#ff6600
27(1),TU (PSI),19.2011,1076.1559,0,#ff6600
27(1),TU (PSI),19.4871,1073.1714,0,#ff6600
27(1),TU (PSI),19.7745,1070.2415,0,#ff6600
27(1),TU (PSI),20.0631,1067.3586,0,#ff6600
27(1),TU (PSI),20.3526,1064.5147,0,#ff6600
27(1),TU (PSI),20.6428,1061.7022,0,#ff6600
27(1),TU (PSI),20.9334,1058.9135,0,#ff6600
27(1),TU (PSI),21.2241,1056.1408,0,#ff6600
27(1),TU (PSI),21.5146,1053.3773,0,#ff6600
27(1),TU (PSI),21.805,1050.6122,0,#ff6600
27(1),TU (PSI),22.0947,1047.8399,0,#ff6600
27(1),TU (PSI),22.4361,1044.5884,0,#ff6600
27(1),TU (PSI),22.7625,1041.5398,0,#ff6600
27(1),TU (PSI),22.9541,1039.736,0,#ff6600
27(1),TU (PSI),23.1415,1037.9704,0,#ff6600
27(1),TU (PSI),23.3322,1036.1358,0,#ff6600
27(1),TU (PSI),23.5316,1034.3423,0,#ff6600
27(1),TU (PSI),23.7285,1032.6522,0,#ff6600
27(1),TU (PSI),23.9254,1031.0146,0,#ff6600
27(1),TU (PSI),24.1233,1029.4197,0,#ff6600
27(1),TU (PSI),24.3221,1027.8683,0,#ff6600
27(1),TU (PSI),24.5218,1026.3608,0,#ff6600
27(1),TU (PSI),24.7225,1024.898,0,#ff6600
27(1),TU (PSI),24.9252,1023.4731,0,#ff6600
27(1),TU (PSI),25.1278,1022.1045,0,#ff6600
27(1),TU (PSI),25.3313,1020.7833,0,#ff6600
27(1),TU (PSI),25.5357,1019.5106,0,#ff6600
27(1),TU (PSI),25.741,1018.2876,0,#ff6600
27(1),TU (PSI),25.9473,1017.1155,0,#ff6600
27(1),TU (PSI),26.386,1014.7652,0,#ff6600
27(1),TU (PSI),26.6207,1013.5721,0,#ff6600
27(1),TU (PSI),27.3826,1010.072,0,#ff6600
27(1),TU (PSI),28.1504,1006.7318,0,#ff6600
27(1),TU (PSI),28.9234,1003.5369,0,#ff6600
27(1),TU (PSI),29.701,1000.4792,0,#ff6600
27(1),TU (PSI),30.4825,997.5507,0,#ff6600
27(1),TU (PSI),31.267,994.7433,0,#ff6600
27(1),TU (PSI),32.0539,992.0487,0,#ff6600
27(1),TU (PSI),32.8423,989.459,0,#ff6600
27(1),TU (PSI),33.6316,986.9659,0,#ff6600
27(1),TU (PSI),34.4211,984.5614,0,#ff6600
27(1),TU (PSI),35.2098,982.2375,0,#ff6600
27(1),TU (PSI),35.9972,979.9858,0,#ff6600
27(1),TU (PSI),36.7825,977.7985,0,#ff6600
27(1),TU (PSI),37.5648,975.6673,0,#ff6600
27(1),TU (PSI),38.3435,973.5841,0,#ff6600
27(1),TU (PSI),39.1179,971.5409,0,#ff6600
27(1),TU (PSI),39.8325,969.7636,0,#ff6600
27(1),TU (PSI),40.1584,968.896,0,#ff6600
27(1),TU (PSI),40.4877,968.1293,0,#ff6600
27(1),TU (PSI),40.799,967.3877,0,#ff6600
27(1),TU (PSI),41.0941,966.8102,0,#ff6600
27(1),TU (PSI),41.6603,965.8359,0,#ff6600
27(1),TU (PSI),42.2271,965.005,0,#ff6600
27(1),TU (PSI),42.7935,964.2988,0,#ff6600
27(1),TU (PSI),43.3596,963.6958,0,#ff6600
27(1),TU (PSI),43.9254,963.1746,0,#ff6600
27(1),TU (PSI),44.4909,962.714,0,#ff6600
27(1),TU (PSI),45.0563,962.2928,0,#ff6600
27(1),TU (PSI),45.6215,961.8899,0,#ff6600
27(1),TU (PSI),46.1867,961.4845,0,#ff6600
27(1),TU (PSI),46.7519,961.0556,0,#ff6600
27(1),TU (PSI),47.3171,960.5822,0,#ff6600
27(1),TU (PSI),47.8825,960.0435,0,#ff6600
27(1),TU (PSI),48.4481,959.4183,0,#ff6600
27(1),TU (PSI),49.014,958.6858,0,#ff6600
27(1),TU (PSI),49.5802,957.8246,0,#ff6600
27(1),TU (PSI),50.147,956.8134,0,#ff6600
27(1),TU (PSI),50.9569,955.5537,0,#ff6600
27(1),TU (PSI),51.8003,954.1291,0,#ff6600
27(1),TU (PSI),52.645,952.8027,0,#ff6600
27(1),TU (PSI),53.4898,951.4414,0,#ff6600
27(1),TU (PSI),54.3348,950.0538,0,#ff6600
27(1),TU (PSI),55.1799,948.6482,0,#ff6600
27(1),TU (PSI),56.0251,947.2331,0,#ff6600
27(1),TU (PSI),56.8705,945.8168,0,#ff6600
27(1),TU (PSI),57.716,944.4079,0,#ff6600
27(1),TU (PSI),58.5615,943.0146,0,#ff6600
27(1),TU (PSI),59.4071,941.6456,0,#ff6600
27(1),TU (PSI),60.2528,940.3091,0,#ff6600
27(1),TU (PSI),61.0985,939.0137,0,#ff6600
27(1),TU (PSI),61.9443,937.7677,0,#ff6600
27(1),TU (PSI),62.79,936.5796,0,#ff6600
27(1),TU (PSI),63.6359,935.4578,0,#ff6600
27(1),TU (PSI),64.4817,934.4108,0,#ff6600
27(1),TU (PSI),64.7627,933.9385,0,#ff6600
27(1),TU (PSI),65.0418,933.6428,0,#ff6600
27(1),TU (PSI),65.8335,932.7548,0,#ff6600
27(1),TU (PSI),66.8823,931.6095,0,#ff6600
27(1),TU (PSI),67.9301,930.4042,0,#ff6600
27(1),TU (PSI),68.9776,929.1121,0,#ff6600
27(1),TU (PSI),70.0249,927.7414,0,#ff6600
27(1),TU (PSI),71.0719,926.2998,0,#ff6600
27(1),TU (PSI),72.1191,924.7935,0,#ff6600
27(1),TU (PSI),73.1657,923.2312,0,#ff6600
27(1),TU (PSI),74.2122,921.6225,0,#ff6600
27(1),TU (PSI),75.2587,919.9755,0,#ff6600
27(1),TU (PSI),76.305,918.2979,0,#ff6600
27(1),TU (PSI),77.3514,916.5976,0,#ff6600
27(1),TU (PSI),78.3977,914.8826,0,#ff6600
27(1),TU (PSI),79.4441,913.1606,0,#ff6600
27(1),TU (PSI),80.4905,911.4396,0,#ff6600
27(1),TU (PSI),81.537,909.7274,0,#ff6600
27(1),TU (PSI),82.5836,908.0323,0,#ff6600
27(1),TU (PSI),84.9291,904.0409,0,#ff6600
27(1),TU (PSI),86.0925,901.9569,0,#ff6600
27(1),TU (PSI),87.2414,899.8847,0,#ff6600
27(1),TU (PSI),88.5756,897.4735,0,#ff6600
27(1),TU (PSI),89.9099,894.9553,0,#ff6600
27(1),TU (PSI),91.2442,892.3417,0,#ff6600
27(1),TU (PSI),92.5786,889.6445,0,#ff6600
27(1),TU (PSI),93.913,886.8753,0,#ff6600
27(1),TU (PSI),95.2474,884.046,0,#ff6600
27(1),TU (PSI),96.5818,881.1682,0,#ff6600
27(1),TU (PSI),97.9162,878.2538,0,#ff6600
27(1),TU (PSI),99.2506,875.3146,0,#ff6600
27(1),TU (PSI),100.1454,873.3348,0,#ff6600
27(1),ENIGMA-B,100.1454,784.5397,0,#808080
27(1),ENIGMA-B,99.7567,785.7695,0,#808080
27(1),ENIGMA-B,97.8464,791.8407,0,#808080
27(1),ENIGMA-B,95.4958,799.4324,0,#808080
27(1),ENIGMA-B,93.1445,806.9197,0,#808080
27(1),ENIGMA-B,90.7927,814.3716,0,#808080
27(1),ENIGMA-B,88.4408,821.8114,0,#808080
27(1),ENIGMA-B,86.0889,829.2612,0,#808080
27(1),ENIGMA-B,83.7374,836.7429,0,#808080
27(1),ENIGMA-B,81.3863,844.2809,0,#808080
27(1),ENIGMA-B,79.0362,851.8971,0,#808080
27(1),ENIGMA-B,76.6871,859.6129,0,#808080
27(1),ENIGMA-B,74.3397,867.4538,0,#808080
27(1),ENIGMA-B,71.9917,875.3536,0,#808080
27(1),ENIGMA-B,69.646,883.4292,0,#808080
27(1),ENIGMA-B,67.3022,891.6644,0,#808080
27(1),ENIGMA-B,64.9613,900.1506,0,#808080
27(1),ENIGMA-B,62.6243,908.9785,0,#808080
27(1),ENIGMA-B,60.2915,918.2406,0,#808080
27(1),ENIGMA-B,58.5222,925.9347,0,#808080
27(1),ENIGMA-B,57.6235,930.0701,0,#808080
27(1),ENIGMA-B,56.6562,934.6515,0,#808080
27(1),ENIGMA-B,55.6916,939.5078,0,#808080
27(1),ENIGMA-B,54.7287,944.53,0,#808080
27(1),ENIGMA-B,53.7689,949.6802,0,#808080
27(1),ENIGMA-B,52.8107,954.9337,0,#808080
27(1),ENIGMA-B,51.8535,960.2622,0,#808080
27(1),ENIGMA-B,50.897,965.6374,0,#808080
27(1),ENIGMA-B,49.9406,971.0308,0,#808080
27(1),ENIGMA-B,48.984,976.4137,0,#808080
27(1),ENIGMA-B,48.0266,981.7577,0,#808080
27(1),ENIGMA-B,47.0679,987.034,0,#808080
27(1),ENIGMA-B,46.1075,992.2142,0,#808080
27(1),ENIGMA-B,45.145,997.2699,0,#808080
27(1),ENIGMA-B,44.1797,1002.1727,0,#808080
27(1),ENIGMA-B,43.2112,1006.8948,0,#808080
27(1),ENIGMA-B,42.239,1011.4081,0,#808080
27(1),ENIGMA-B,40.668,1018.6274,0,#808080
27(1),ENIGMA-B,39.8917,1022.1802,0,#808080
27(1),ENIGMA-B,39.1735,1025.4362,0,#808080
27(1),ENIGMA-B,38.4561,1028.6775,0,#808080
27(1),ENIGMA-B,37.7425,1031.9592,0,#808080
27(1),ENIGMA-B,37.0303,1035.2954,0,#808080
27(1),ENIGMA-B,36.3197,1038.684,0,#808080
27(1),ENIGMA-B,35.6105,1042.1256,0,#808080
27(1),ENIGMA-B,34.9025,1045.6208,0,#808080
27(1),ENIGMA-B,34.1955,1049.1702,0,#808080
27(1),ENIGMA-B,33.4892,1052.7743,0,#808080
27(1),ENIGMA-B,32.7835,1056.4338,0,#808080
27(1),ENIGMA-B,32.078,1060.1491,0,#808080
27(1),ENIGMA-B,31.3727,1063.9209,0,#808080
27(1),ENIGMA-B,30.6672,1067.7499,0,#808080
27(1),ENIGMA-B,29.9613,1071.6365,0,#808080
27(1),ENIGMA-B,29.2548,1075.5814,0,#808080
27(1),ENIGMA-B,28.5474,1079.5852,0,#808080
27(1),ENIGMA-B,27.8955,1083.4763,0,#808080
27(1),ENIGMA-B,27.2738,1086.9892,0,#808080
27(1),ENIGMA-B,26.6394,1090.8696,0,#808080
27(1),ENIGMA-B,26.0366,1094.4063,0,#808080
27(1),ENIGMA-B,25.4308,1098.2567,0,#808080
27(1),ENIGMA-B,24.4698,1104.341,0,#808080
27(1),ENIGMA-B,23.5031,1110.5942,0,#808080
27(1),ENIGMA-B,22.532,1117.0425,0,#808080
27(1),ENIGMA-B,21.5589,1123.7084,0,#808080
27(1),ENIGMA-B,20.5858,1130.6142,0,#808080
27(1),ENIGMA-B,19.6149,1137.7822,0,#808080
27(1),ENIGMA-B,18.6482,1145.2347,0,#808080
27(1),ENIGMA-B,17.6881,1152.9935,0,#808080
27(1),ENIGMA-B,16.7365,1161.0806,0,#808080
27(1),ENIGMA-B,15.7956,1169.5176,0,#808080
27(1),ENIGMA-B,14.8675,1178.3259,0,#808080
27(1),ENIGMA-B,13.9543,1187.5266,0,#808080
27(1),ENIGMA-B,13.0581,1197.1409,0,#808080
27(1),ENIGMA-B,12.1809,1207.1894,0,#808080
27(1),ENIGMA-B,11.3247,1217.6931,0,#808080
27(1),ENIGMA-B,10.4914,1228.6726,0,#808080
27(1),ENIGMA-B,9.8883,1236.9608,0,#808080
27(1),ENIGMA-B,9.6049,1241.1931,0,#808080
27(1),ENIGMA-B,8.6862,1254.9456,0,#808080
27(1),ENIGMA-B,7.8451,1269.2405,0,#808080
27(1),ENIGMA-B,7.0723,1284.2245,0,#808080
27(1),ENIGMA-B,6.3643,1299.868,0,#808080
27(1),ENIGMA-B,5.7177,1316.1422,0,#808080
27(1),ENIGMA-B,5.1291,1333.0193,0,#808080
27(1),ENIGMA-B,4.5951,1350.4718,0,#808080
27(1),ENIGMA-B,4.1123,1368.4728,0,#808080
27(1),ENIGMA-B,3.6774,1386.9953,0,#808080
27(1),ENIGMA-B,3.2871,1406.0125,0,#808080
27(1),ENIGMA-B,2.9381,1425.4975,0,#808080
27(1),ENIGMA-B,2.6271,1445.423,0,#808080
27(1),ENIGMA-B,2.3507,1465.7618,0,#808080
27(1),ENIGMA-B,2.1058,1486.4863,0,#808080
27(1),ENIGMA-B,1.8889,1507.5691,0,#808080
27(1),ENIGMA-B,1.6972,1528.9462,0,#808080
27(1),ENIGMA-B,1.5188,1552.0169,0,#808080
27(1),ENIGMA-B,1.4256,1563.5633,0,#808080
27(1),ENIGMA-B,1.2072,1575.3108,0,#808080
27(1),ENIGMA-B,1.2074,1575.4217,0,#808080
27(1),ENIGMA-B,1.2082,1575.5319,0,#808080
27(1),ENIGMA-B,1.2095,1575.6409,0,#808080
27(1),ENIGMA-B,1.2113,1575.7479,0,#808080
27(1),ENIGMA-B,1.2135,1575.8523,0,#808080
27(1),COPERNIC,93.8672,523.744,0,#3366ff
27(1),COPERNIC,91.9769,532.1686,0,#3366ff
27(1),COPERNIC,90.0045,538.3877,0,#3366ff
27(1),COPERNIC,88.0012,544.6303,0,#3366ff
27(1),COPERNIC,85.9824,550.8244,0,#3366ff
27(1),COPERNIC,84.5816,555.216,0,#3366ff
27(1),COPERNIC,83.1778,559.561,0,#3366ff
27(1),COPERNIC,81.7727,563.8743,0,#3366ff
27(1),COPERNIC,80.3666,568.1752,0,#3366ff
27(1),COPERNIC,78.9599,572.4832,0,#3366ff
27(1),COPERNIC,77.553,576.8175,0,#3366ff
27(1),COPERNIC,76.1462,581.1974,0,#3366ff
27(1),COPERNIC,74.74,585.6421,0,#3366ff
27(1),COPERNIC,73.3346,590.1711,0,#3366ff
27(1),COPERNIC,71.9305,594.8035,0,#3366ff
27(1),COPERNIC,70.5281,599.5585,0,#3366ff
27(1),COPERNIC,69.1276,604.4555,0,#3366ff
27(1),COPERNIC,67.7296,609.5136,0,#3366ff
27(1),COPERNIC,66.3344,614.752,0,#3366ff
27(1),COPERNIC,64.9424,620.1899,0,#3366ff
27(1),COPERNIC,63.554,625.8463,0,#3366ff
27(1),COPERNIC,62.8259,629.006,0,#3366ff
27(1),COPERNIC,62.1258,632.268,0,#3366ff
27(1),COPERNIC,61.2736,636.1137,0,#3366ff
27(1),COPERNIC,60.4279,640.1303,0,#3366ff
27(1),COPERNIC,59.5883,644.3307,0,#3366ff
27(1),COPERNIC,58.7526,648.7231,0,#3366ff
27(1),COPERNIC,57.9234,653.2842,0,#3366ff
27(1),COPERNIC,57.0983,658.0126,0,#3366ff
27(1),COPERNIC,56.2768,662.903,0,#3366ff
27(1),COPERNIC,55.4584,667.9499,0,#3366ff
27(1),COPERNIC,54.6423,673.1476,0,#3366ff
27(1),COPERNIC,53.8279,678.4905,0,#3366ff
27(1),COPERNIC,53.0147,683.9726,0,#3366ff
27(1),COPERNIC,52.202,689.588,0,#3366ff
27(1),COPERNIC,51.3892,695.3306,0,#3366ff
27(1),COPERNIC,50.5757,701.1943,0,#3366ff
27(1),COPERNIC,49.7607,707.1728,0,#3366ff
27(1),COPERNIC,48.9437,713.26,0,#3366ff
27(1),COPERNIC,47.2512,725.9805,0,#3366ff
27(1),COPERNIC,46.8335,729.019,0,#3366ff
27(1),COPERNIC,46.4095,732.1638,0,#3366ff
27(1),COPERNIC,45.9991,735.2629,0,#3366ff
27(1),COPERNIC,45.3534,740.2233,0,#3366ff
27(1),COPERNIC,44.7158,745.3404,0,#3366ff
27(1),COPERNIC,44.0824,750.5664,0,#3366ff
27(1),COPERNIC,43.4529,755.8957,0,#3366ff
27(1),COPERNIC,42.8268,761.3226,0,#3366ff
27(1),COPERNIC,42.2039,766.8417,0,#3366ff
27(1),COPERNIC,41.5835,772.4477,0,#3366ff
27(1),COPERNIC,40.9654,778.1355,0,#3366ff
27(1),COPERNIC,40.3492,783.8999,0,#3366ff
27(1),COPERNIC,39.7344,789.736,0,#3366ff
27(1),COPERNIC,39.1206,795.6389,0,#3366ff
27(1),COPERNIC,38.5075,801.6036,0,#3366ff
27(1),COPERNIC,37.8947,807.6252,0,#3366ff
27(1),COPERNIC,37.2817,813.699,0,#3366ff
27(1),COPERNIC,36.6681,819.8198,0,#3366ff
27(1),COPERNIC,36.0534,825.9848,0,#3366ff
27(1),COPERNIC,34.8116,838.4381,0,#3366ff
27(1),COPERNIC,34.126,845.618,0,#3366ff
27(1),COPERNIC,33.4397,852.8662,0,#3366ff
27(1),COPERNIC,32.7555,860.2162,0,#3366ff
27(1),COPERNIC,32.0736,867.6645,0,#3366ff
27(1),COPERNIC,31.3939,875.2075,0,#3366ff
27(1),COPERNIC,30.7167,882.8421,0,#3366ff
27(1),COPERNIC,30.0419,890.565,0,#3366ff
27(1),COPERNIC,29.3697,898.3732,0,#3366ff
27(1),COPERNIC,28.7001,906.2635,0,#3366ff
27(1),COPERNIC,28.0333,914.233,0,#3366ff
27(1),COPERNIC,27.3693,922.2789,0,#3366ff
27(1),COPERNIC,26.7082,930.3982,0,#3366ff
27(1),COPERNIC,26.0501,938.5883,0,#3366ff
27(1),COPERNIC,25.3951,946.8464,0,#3366ff
27(1),COPERNIC,24.7433,955.1698,0,#3366ff
27(1),COPERNIC,24.0947,963.5595,0,#3366ff
27(1),COPERNIC,23.6264,969.7081,0,#3366ff
27(1),COPERNIC,23.149,975.974,0,#3366ff
27(1),COPERNIC,22.7003,982.1691,0,#3366ff
27(1),COPERNIC,22.2329,988.4086,0,#3366ff
27(1),COPERNIC,21.7821,994.781,0,#3366ff
27(1),COPERNIC,20.8758,1007.7337,0,#3366ff
27(1),COPERNIC,19.9837,1020.8604,0,#3366ff
27(1),COPERNIC,19.1058,1034.2017,0,#3366ff
27(1),COPERNIC,18.243,1047.7823,0,#3366ff
27(1),COPERNIC,17.3966,1061.6273,0,#3366ff
27(1),COPERNIC,16.5674,1075.7613,0,#3366ff
27(1),COPERNIC,15.7566,1090.2094,0,#3366ff
27(1),COPERNIC,14.9653,1104.9963,0,#3366ff
27(1),COPERNIC,14.1943,1120.1469,0,#3366ff
27(1),COPERNIC,13.4449,1135.686,0,#3366ff
27(1),COPERNIC,12.718,1151.6385,0,#3366ff
27(1),COPERNIC,12.0147,1168.0293,0,#3366ff
27(1),COPERNIC,11.3361,1184.8832,0,#3366ff
27(1),COPERNIC,10.683,1202.2252,0,#3366ff
27(1),COPERNIC,10.0567,1220.0803,0,#3366ff
27(1),COPERNIC,9.458,1238.4735,0,#3366ff
27(1),COPERNIC,9.2677,1244.6441,0,#3366ff
27(1),COPERNIC,9.0809,1251.0238,0,#3366ff
27(1),COPERNIC,8.899,1257.3528,0,#3366ff
27(1),COPERNIC,8.5728,1269.0084,0,#3366ff
27(1),COPERNIC,8.2656,1280.7677,0,#3366ff
27(1),COPERNIC,7.9732,1292.5194,0,#3366ff
27(1),COPERNIC,7.6948,1304.2784,0,#3366ff
27(1),COPERNIC,7.4299,1316.0592,0,#3366ff
27(1),COPERNIC,7.1779,1327.8758,0,#3366ff
27(1),COPERNIC,6.9381,1339.7424,0,#3366ff
27(1),COPERNIC,6.7098,1351.6723,0,#3366ff
27(1),COPERNIC,6.4925,1363.6789,0,#3366ff
27(1),COPERNIC,6.2854,1375.7751,0,#3366ff
27(1),COPERNIC,6.0878,1387.9737,0,#3366ff
27(1),COPERNIC,5.8991,1400.2871,0,#3366ff
27(1),COPERNIC,5.7186,1412.7278,0,#3366ff
27(1),COPERNIC,5.5454,1425.3079,0,#3366ff
27(1),COPERNIC,5.379,1438.0396,0,#3366ff
27(1),COPERNIC,5.2185,1450.9349,0,#3366ff
27(1),COPERNIC,5.0749,1463.5974,0,#3366ff
27(1),COPERNIC,4.9508,1476.0116,0,#3366ff
27(1),COPERNIC,4.7389,1497.6155,0,#3366ff
27(1),COPERNIC,4.5432,1519.2747,0,#3366ff
27(1),COPERNIC,4.3644,1541.0008,0,#3366ff
27(1),COPERNIC,4.2013,1562.7864,0,#3366ff
27(1),COPERNIC,4.0528,1584.6242,0,#3366ff
27(1),COPERNIC,3.9178,1606.507,0,#3366ff
27(1),COPERNIC,3.7954,1628.4277,0,#3366ff
27(1),COPERNIC,3.6843,1650.3791,0,#3366ff
27(1),COPERNIC,3.5835,1672.3541,0,#3366ff
27(1),COPERNIC,3.4921,1694.3456,0,#3366ff
27(1),PROFESS,5.2534,1530.3597,0,#33cccc
27(1),PROFESS,5.2146,1519.7014,0,#33cccc
27(1),PROFESS,5.2543,1514.2763,0,#33cccc
27(1),PROFESS,5.301,1508.937,0,#33cccc
27(1),PROFESS,5.3193,1506.5777,0,#33cccc
27(1),PROFESS,5.3784,1500.0132,0,#33cccc
27(1),PROFESS,5.4408,1493.3128,0,#33cccc
27(1),PROFESS,5.5123,1486.441,0,#33cccc
27(1),PROFESS,5.5871,1479.5596,0,#33cccc
27(1),PROFESS,5.6693,1472.5436,0,#33cccc
27(1),PROFESS,5.7568,1465.5816,0,#33cccc
27(1),PROFESS,5.8504,1458.5223,0,#33cccc
27(1),PROFESS,5.9507,1451.5794,0,#33cccc
27(1),PROFESS,6.0559,1444.5774,0,#33cccc
27(1),PROFESS,6.1688,1437.7516,0,#33cccc
27(1),PROFESS,6.2841,1430.9956,0,#33cccc
27(1),PROFESS,6.4103,1424.2916,0,#33cccc
27(1),PROFESS,6.5372,1417.7906,0,#33cccc
27(1),PROFESS,6.6736,1411.3825,0,#33cccc
27(1),PROFESS,6.8112,1405.2257,0,#33cccc
27(1),PROFESS,6.9564,1399.1931,0,#33cccc
27(1),PROFESS,7.0968,1393.5746,0,#33cccc
27(1),PROFESS,7.2538,1387.5645,0,#33cccc
27(1),PROFESS,7.444,1380.9236,0,#33cccc
27(1),PROFESS,7.6319,1374.5624,0,#33cccc
27(1),PROFESS,7.8173,1368.6427,0,#33cccc
27(1),PROFESS,8.0018,1362.8967,0,#33cccc
27(1),PROFESS,8.1865,1357.5103,0,#33cccc
27(1),PROFESS,8.3697,1352.2828,0,#33cccc
27(1),PROFESS,8.56,1347.1447,0,#33cccc
27(1),PROFESS,8.7503,1342.1772,0,#33cccc
27(1),PROFESS,8.948,1337.1789,0,#33cccc
27(1),PROFESS,9.1511,1332.297,0,#33cccc
27(1),PROFESS,9.3601,1327.3554,0,#33cccc
27(1),PROFESS,9.584,1322.3028,0,#33cccc
27(1),PROFESS,9.815,1317.1975,0,#33cccc
27(1),PROFESS,10.0623,1311.8789,0,#33cccc
27(1),PROFESS,10.3219,1306.4544,0,#33cccc
27(1),PROFESS,10.5998,1300.7318,0,#33cccc
27(1),PROFESS,10.8669,1295.4601,0,#33cccc
27(1),PROFESS,11.1484,1290.0615,0,#33cccc
27(1),PROFESS,11.4481,1284.6601,0,#33cccc
27(1),PROFESS,11.7619,1279.4042,0,#33cccc
27(1),PROFESS,12.0841,1274.2857,0,#33cccc
27(1),PROFESS,12.3265,1270.5776,0,#33cccc
27(1),PROFESS,12.5696,1266.9293,0,#33cccc
27(1),PROFESS,12.8043,1263.4129,0,#33cccc
27(1),PROFESS,13.035,1259.875,0,#33cccc
27(1),PROFESS,13.2625,1256.3151,0,#33cccc
27(1),PROFESS,13.4872,1252.7326,0,#33cccc
27(1),PROFESS,13.7097,1249.1263,0,#33cccc
27(1),PROFESS,13.9313,1245.483,0,#33cccc
27(1),PROFESS,14.1512,1241.8277,0,#33cccc
27(1),PROFESS,14.3708,1238.1452,0,#33cccc
27(1),PROFESS,14.5909,1234.4339,0,#33cccc
27(1),PROFESS,14.8121,1230.6921,0,#33cccc
27(1),PROFESS,15.035,1226.9189,0,#33cccc
27(1),PROFESS,15.2604,1223.1136,0,#33cccc
27(1),PROFESS,15.4888,1219.2764,0,#33cccc
27(1),PROFESS,15.7209,1215.4081,0,#33cccc
27(1),PROFESS,16.0594,1210.2504,0,#33cccc
27(1),PROFESS,16.4069,1204.9149,0,#33cccc
27(1),PROFESS,16.6675,1201.2323,0,#33cccc
27(1),PROFESS,16.9322,1197.5529,0,#33cccc
27(1),PROFESS,17.1929,1193.9524,0,#33cccc
27(1),PROFESS,17.4542,1190.2868,0,#33cccc
27(1),PROFESS,17.7155,1186.6254,0,#33cccc
27(1),PROFESS,17.9768,1182.9671,0,#33cccc
27(1),PROFESS,18.2381,1179.3107,0,#33cccc
27(1),PROFESS,18.4993,1175.6549,0,#33cccc
27(1),PROFESS,18.7604,1171.9986,0,#33cccc
27(1),PROFESS,19.0214,1168.3405,0,#33cccc
27(1),PROFESS,19.2823,1164.6796,0,#33cccc
27(1),PROFESS,19.5429,1161.0145,0,#33cccc
27(1),PROFESS,19.8033,1157.3443,0,#33cccc
27(1),PROFESS,20.0635,1153.6676,0,#33cccc
27(1),PROFESS,20.3233,1149.9835,0,#33cccc
27(1),PROFESS,20.5828,1146.2907,0,#33cccc
27(1),PROFESS,20.9531,1140.9386,0,#33cccc
27(1),PROFESS,21.1231,1138.3585,0,#33cccc
27(1),PROFESS,21.2932,1135.5556,0,#33cccc
27(1),PROFESS,21.6154,1130.145,0,#33cccc
27(1),PROFESS,21.7605,1127.6756,0,#33cccc
27(1),PROFESS,21.9063,1125.2145,0,#33cccc
27(1),PROFESS,22.0642,1122.7146,0,#33cccc
27(1),PROFESS,22.2188,1120.3531,0,#33cccc
27(1),PROFESS,22.3753,1118.0076,0,#33cccc
27(1),PROFESS,22.5334,1115.682,0,#33cccc
27(1),PROFESS,22.6932,1113.3802,0,#33cccc
27(1),PROFESS,22.8544,1111.1061,0,#33cccc
27(1),PROFESS,23.0171,1108.8638,0,#33cccc
27(1),PROFESS,23.181,1106.657,0,#33cccc
27(1),PROFESS,23.346,1104.4896,0,#33cccc
27(1),PROFESS,23.5121,1102.3652,0,#33cccc
27(1),PROFESS,23.679,1100.2873,0,#33cccc
27(1),PROFESS,23.8466,1098.2592,0,#33cccc
27(1),PROFESS,24.0147,1096.2838,0,#33cccc
27(1),PROFESS,24.1831,1094.3639,0,#33cccc
27(1),PROFESS,24.4191,1091.7289,0,#33cccc
27(1),PROFESS,24.6701,1089.0783,0,#33cccc
27(1),PROFESS,24.9412,1086.3377,0,#33cccc
27(1),PROFESS,25.2124,1083.6352,0,#33cccc
27(1),PROFESS,25.4821,1080.9135,0,#33cccc
27(1),PROFESS,25.7511,1078.1471,0,#33cccc
27(1),PROFESS,26.0197,1075.3567,0,#33cccc
27(1),PROFESS,26.2881,1072.552,0,#33cccc
27(1),PROFESS,26.5566,1069.7429,0,#33cccc
27(1),PROFESS,26.8254,1066.9394,0,#33cccc
27(1),PROFESS,27.0949,1064.152,0,#33cccc
27(1),PROFESS,27.3652,1061.391,0,#33cccc
27(1),PROFESS,27.6376,1058.6603,0,#33cccc
27(1),PROFESS,27.9107,1055.9848,0,#33cccc
27(1),PROFESS,28.1856,1053.3673,0,#33cccc
27(1),PROFESS,28.4624,1050.8174,0,#33cccc
27(1),PROFESS,28.7415,1048.3447,0,#33cccc
27(1),PROFESS,29.023,1045.9581,0,#33cccc
27(1),PROFESS,29.3361,1043.3354,0,#33cccc
27(1),PROFESS,29.9689,1038.1861,0,#33cccc
27(1),PROFESS,30.6112,1032.959,0,#33cccc
27(1),PROFESS,30.9356,1030.5156,0,#33cccc
27(1),PROFESS,31.2801,1027.9166,0,#33cccc
27(1),PROFESS,31.9487,1022.8776,0,#33cccc
27(1),PROFESS,32.6148,1018.0615,0,#33cccc
27(1),PROFESS,33.2816,1013.036,0,#33cccc
27(1),PROFESS,33.6119,1010.4493,0,#33cccc
27(1),PROFESS,33.9436,1007.8439,0,#33cccc
27(1),PROFESS,34.2739,1005.2214,0,#33cccc
27(1),PROFESS,34.6048,1002.5671,0,#33cccc
27(1),PROFESS,34.9357,999.8932,0,#33cccc
27(1),PROFESS,35.2668,997.2065,0,#33cccc
27(1),PROFESS,35.5981,994.5136,0,#33cccc
27(1),PROFESS,35.9296,991.8211,0,#33cccc
27(1),PROFESS,36.2613,989.1356,0,#33cccc
27(1),PROFESS,36.5934,986.4635,0,#33cccc
27(1),PROFESS,36.926,983.8115,0,#33cccc
27(1),PROFESS,37.259,981.1862,0,#33cccc
27(1),PROFESS,37.5925,978.5944,0,#33cccc
27(1),PROFESS,37.9266,976.0433,0,#33cccc
27(1),PROFESS,38.2614,973.5401,0,#33cccc
27(1),PROFESS,38.5968,971.0925,0,#33cccc
27(1),PROFESS,38.7838,969.8568,0,#33cccc
27(1),PROFESS,38.989,968.5634,0,#33cccc
27(1),PROFESS,39.1625,967.4784,0,#33cccc
27(1),PROFESS,39.3378,966.4085,0,#33cccc
27(1),PROFESS,39.5118,965.3394,0,#33cccc
27(1),PROFESS,39.6908,964.2599,0,#33cccc
27(1),PROFESS,39.8709,963.2037,0,#33cccc
27(1),PROFESS,40.0516,962.1631,0,#33cccc
27(1),PROFESS,40.2327,961.1303,0,#33cccc
27(1),PROFESS,40.4138,960.0974,0,#33cccc
27(1),PROFESS,40.5943,959.0582,0,#33cccc
27(1),PROFESS,40.7739,958.0046,0,#33cccc
27(1),PROFESS,40.9527,956.9263,0,#33cccc
27(1),PROFESS,41.1301,955.8171,0,#33cccc
27(1),PROFESS,41.3058,954.67,0,#33cccc
27(1),PROFESS,41.4796,953.478,0,#33cccc
27(1),PROFESS,41.651,952.2344,0,#33cccc
27(1),PROFESS,41.8198,950.9326,0,#33cccc
27(1),PROFESS,41.9859,949.6849,0,#33cccc
27(1),PROFESS,42.1383,948.299,0,#33cccc
27(1),PROFESS,42.2734,946.8676,0,#33cccc
27(1),PROFESS,42.4023,945.4864,0,#33cccc
27(1),PROFESS,42.5074,944.2863,0,#33cccc
27(1),PROFESS,42.6198,943.0223,0,#33cccc
27(1),PROFESS,42.7143,941.8741,0,#33cccc
27(1),PROFESS,42.8158,940.6053,0,#33cccc
27(1),PROFESS,42.916,939.363,0,#33cccc
27(1),PROFESS,43.0156,938.1475,0,#33cccc
27(1),PROFESS,43.113,936.9848,0,#33cccc
27(1),PROFESS,43.2129,935.8274,0,#33cccc
27(1),PROFESS,43.314,934.6984,0,#33cccc
27(1),PROFESS,43.417,933.5987,0,#33cccc
27(1),PROFESS,43.5224,932.5288,0,#33cccc
27(1),PROFESS,43.6308,931.4887,0,#33cccc
27(1),PROFESS,43.7449,930.4606,0,#33cccc
27(1),PROFESS,43.8608,929.4798,0,#33cccc
27(1),PROFESS,43.9815,928.5224,0,#33cccc
27(1),PROFESS,44.1076,927.5845,0,#33cccc
27(1),PROFESS,44.4797,925.0801,0,#33cccc
27(1),PROFESS,44.735,923.5422,0,#33cccc
27(1),PROFESS,44.9867,922.0462,0,#33cccc
27(1),PROFESS,45.2394,920.5654,0,#33cccc
27(1),PROFESS,45.4933,919.0887,0,#33cccc
27(1),PROFESS,45.7485,917.6196,0,#33cccc
27(1),PROFESS,46.0046,916.1613,0,#33cccc
27(1),PROFESS,46.2615,914.717,0,#33cccc
27(1),PROFESS,46.519,913.29,0,#33cccc
27(1),PROFESS,46.777,911.8834,0,#33cccc
27(1),PROFESS,47.0352,910.5005,0,#33cccc
27(1),PROFESS,47.2934,909.1446,0,#33cccc
27(1),PROFESS,47.5516,907.8188,0,#33cccc
27(1),PROFESS,47.8095,906.5266,0,#33cccc
27(1),PROFESS,48.0669,905.2712,0,#33cccc
27(1),PROFESS,48.3236,904.056,0,#33cccc
27(1),PROFESS,48.5794,902.8845,0,#33cccc
27(1),PROFESS,49.0153,901.0831,0,#33cccc
27(1),PROFESS,49.225,899.9429,0,#33cccc
27(1),PROFESS,49.4439,899.0044,0,#33cccc
27(1),PROFESS,49.6592,897.8313,0,#33cccc
27(1),PROFESS,49.8553,896.932,0,#33cccc
27(1),PROFESS,50.2271,894.4232,0,#33cccc
27(1),PROFESS,50.5216,891.9747,0,#33cccc
27(1),PROFESS,50.7521,889.5822,0,#33cccc
27(1),PROFESS,50.9324,887.244,0,#33cccc
27(1),PROFESS,51.0769,884.9187,0,#33cccc
27(1),PROFESS,51.2035,882.4142,0,#33cccc
27(1),PROFESS,51.3086,880.0106,0,#33cccc
27(1),PROFESS,51.4134,877.498,0,#33cccc
27(1),PROFESS,51.5297,874.8542,0,#33cccc
27(1),PROFESS,51.6793,871.9578,0,#33cccc
27(1),PROFESS,51.8594,869.1968,0,#33cccc
27(1),PROFESS,52.0851,866.4726,0,#33cccc
27(1),PROFESS,52.367,863.7771,0,#33cccc
27(1),PROFESS,52.7166,861.0902,0,#33cccc
27(1),PROFESS,53.1461,858.3931,0,#33cccc
27(1),PROFESS,53.6676,855.6727,0,#33cccc
27(1),PROFESS,54.5668,851.0474,0,#33cccc
27(1),PROFESS,55.0005,848.6848,0,#33cccc
27(1),PROFESS,55.1846,847.6634,0,#33cccc
27(1),PROFESS,55.367,846.6456,0,#33cccc
27(1),PROFESS,55.5522,845.6341,0,#33cccc
27(1),PROFESS,55.7374,844.6489,0,#33cccc
27(1),PROFESS,55.9227,843.6857,0,#33cccc
27(1),PROFESS,56.1079,842.7398,0,#33cccc
27(1),PROFESS,56.2931,841.8068,0,#33cccc
27(1),PROFESS,56.4781,840.8822,0,#33cccc
27(1),PROFESS,56.663,839.9616,0,#33cccc
27(1),PROFESS,56.8476,839.0406,0,#33cccc
27(1),PROFESS,57.032,838.1148,0,#33cccc
27(1),PROFESS,57.2161,837.1799,0,#33cccc
27(1),PROFESS,57.3999,836.2317,0,#33cccc
27(1),PROFESS,57.5833,835.2659,0,#33cccc
27(1),PROFESS,57.7662,834.2782,0,#33cccc
27(1),PROFESS,57.9487,833.2646,0,#33cccc
27(1),PROFESS,58.1468,831.946,0,#33cccc
27(1),PROFESS,58.3249,830.6795,0,#33cccc
27(1),PROFESS,58.4476,829.6568,0,#33cccc
27(1),PROFESS,58.5631,828.6267,0,#33cccc
27(1),PROFESS,58.6677,827.5942,0,#33cccc
27(1),PROFESS,58.7632,826.5225,0,#33cccc
27(1),PROFESS,58.85,825.4035,0,#33cccc
27(1),PROFESS,58.9285,824.2288,0,#33cccc
27(1),PROFESS,58.9992,822.9888,0,#33cccc
27(1),PROFESS,59.0626,821.6718,0,#33cccc
27(1),PROFESS,59.1194,820.2634,0,#33cccc
27(1),PROFESS,59.1691,818.7757,0,#33cccc
27(1),PROFESS,59.2122,817.2006,0,#33cccc
27(1),PROFESS,59.2509,815.4566,0,#33cccc
27(1),PROFESS,59.2854,813.4892,0,#33cccc
27(1),PROFESS,59.3147,811.3422,0,#33cccc
27(1),PROFESS,59.3388,809.0038,0,#33cccc
27(1),PROFESS,59.3581,806.4638,0,#33cccc
27(1),PROFESS,59.389,802.3397,0,#33cccc
27(1),PROFESS,59.4155,799.9042,0,#33cccc
27(1),PROFESS,59.437,797.9422,0,#33cccc
27(1),PROFESS,59.5952,794.6403,0,#33cccc
27(1),PROFESS,59.6107,793.6041,0,#33cccc
27(1),PROFESS,59.6132,793.4931,0,#33cccc
27(1),PROFESS,59.6151,793.3826,0,#33cccc
27(1),PROFESS,59.6162,793.2729,0,#33cccc
27(1),PROFESS,59.6167,793.1646,0,#33cccc
27(1),PROFESS,59.6166,793.058,0,#33cccc
27(1),PROFESS,59.6159,792.9535,0,#33cccc
27(1),PROFESS,59.6145,792.8517,0,#33cccc
27(1),PROFESS,59.6126,792.7529,0,#33cccc
27(1),PROFESS,59.6102,792.6575,0,#33cccc
27(1),PROFESS,59.6072,792.5661,0,#33cccc
27(1),FEMAXI (Mol rev1),1.7909,1615.0337,0,#99cc00
27(1),FEMAXI (Mol rev1),1.8131,1602.9832,0,#99cc00
27(1),FEMAXI (Mol rev1),1.9388,1590.8633,0,#99cc00
27(1),FEMAXI (Mol rev1),2.0781,1578.7659,0,#99cc00
27(1),FEMAXI (Mol rev1),2.2025,1566.6142,0,#99cc00
27(1),FEMAXI (Mol rev1),2.321,1555.7566,0,#99cc00
27(1),FEMAXI (Mol rev1),2.4385,1544.8918,0,#99cc00
27(1),FEMAXI (Mol rev1),2.5558,1534.0186,0,#99cc00
27(1),FEMAXI (Mol rev1),2.6738,1523.1416,0,#99cc00
27(1),FEMAXI (Mol rev1),2.7931,1512.2654,0,#99cc00
27(1),FEMAXI (Mol rev1),2.9146,1501.3945,0,#99cc00
27(1),FEMAXI (Mol rev1),3.039,1490.5336,0,#99cc00
27(1),FEMAXI (Mol rev1),3.1671,1479.6874,0,#99cc00
27(1),FEMAXI (Mol rev1),3.2997,1468.8603,0,#99cc00
27(1),FEMAXI (Mol rev1),3.4376,1458.057,0,#99cc00
27(1),FEMAXI (Mol rev1),3.5816,1447.282,0,#99cc00
27(1),FEMAXI (Mol rev1),3.7324,1436.5394,0,#99cc00
27(1),FEMAXI (Mol rev1),3.8907,1425.8336,0,#99cc00
27(1),FEMAXI (Mol rev1),4.0574,1415.1685,0,#99cc00
27(1),FEMAXI (Mol rev1),4.2332,1404.5478,0,#99cc00
27(1),FEMAXI (Mol rev1),4.4188,1393.9749,0,#99cc00
27(1),FEMAXI (Mol rev1),4.5645,1385.6333,0,#99cc00
27(1),FEMAXI (Mol rev1),4.711,1377.9853,0,#99cc00
27(1),FEMAXI (Mol rev1),4.8383,1371.689,0,#99cc00
27(1),FEMAXI (Mol rev1),4.9673,1365.3478,0,#99cc00
27(1),FEMAXI (Mol rev1),5.1035,1358.923,0,#99cc00
27(1),FEMAXI (Mol rev1),5.2475,1352.4594,0,#99cc00
27(1),FEMAXI (Mol rev1),5.3973,1346.0539,0,#99cc00
27(1),FEMAXI (Mol rev1),5.5536,1339.6771,0,#99cc00
27(1),FEMAXI (Mol rev1),5.7166,1333.343,0,#99cc00
27(1),FEMAXI (Mol rev1),5.8861,1327.0659,0,#99cc00
27(1),FEMAXI (Mol rev1),6.0624,1320.8601,0,#99cc00
27(1),FEMAXI (Mol rev1),6.2457,1314.7403,0,#99cc00
27(1),FEMAXI (Mol rev1),6.4362,1308.7217,0,#99cc00
27(1),FEMAXI (Mol rev1),6.6343,1302.82,0,#99cc00
27(1),FEMAXI (Mol rev1),6.8403,1297.0522,0,#99cc00
27(1),FEMAXI (Mol rev1),7.055,1291.437,0,#99cc00
27(1),FEMAXI (Mol rev1),7.2789,1285.9958,0,#99cc00
27(1),FEMAXI (Mol rev1),7.5129,1280.7547,0,#99cc00
27(1),FEMAXI (Mol rev1),7.6873,1277.1513,0,#99cc00
27(1),FEMAXI (Mol rev1),8.0593,1270.4953,0,#99cc00
27(1),FEMAXI (Mol rev1),8.2718,1267.0744,0,#99cc00
27(1),FEMAXI (Mol rev1),8.5083,1263.8627,0,#99cc00
27(1),FEMAXI (Mol rev1),8.7535,1260.7928,0,#99cc00
27(1),FEMAXI (Mol rev1),9.0073,1257.7316,0,#99cc00
27(1),FEMAXI (Mol rev1),9.2684,1254.6886,0,#99cc00
27(1),FEMAXI (Mol rev1),9.5358,1251.6735,0,#99cc00
27(1),FEMAXI (Mol rev1),9.8084,1248.6965,0,#99cc00
27(1),FEMAXI (Mol rev1),10.085,1245.7679,0,#99cc00
27(1),FEMAXI (Mol rev1),10.3646,1242.8982,0,#99cc00
27(1),FEMAXI (Mol rev1),10.6461,1240.098,0,#99cc00
27(1),FEMAXI (Mol rev1),10.9282,1237.3781,0,#99cc00
27(1),FEMAXI (Mol rev1),11.21,1234.7494,0,#99cc00
27(1),FEMAXI (Mol rev1),11.4903,1232.223,0,#99cc00
27(1),FEMAXI (Mol rev1),11.768,1229.8101,0,#99cc00
27(1),FEMAXI (Mol rev1),12.0419,1227.522,0,#99cc00
27(1),FEMAXI (Mol rev1),12.3109,1225.3702,0,#99cc00
27(1),FEMAXI (Mol rev1),12.5739,1223.3665,0,#99cc00
27(1),FEMAXI (Mol rev1),13.0116,1220.3664,0,#99cc00
27(1),FEMAXI (Mol rev1),13.3639,1218.1798,0,#99cc00
27(1),FEMAXI (Mol rev1),13.7183,1216.1399,0,#99cc00
27(1),FEMAXI (Mol rev1),14.0738,1214.2742,0,#99cc00
27(1),FEMAXI (Mol rev1),14.4305,1212.5729,0,#99cc00
27(1),FEMAXI (Mol rev1),14.7881,1211.0262,0,#99cc00
27(1),FEMAXI (Mol rev1),15.1467,1209.6245,0,#99cc00
27(1),FEMAXI (Mol rev1),15.5063,1208.3586,0,#99cc00
27(1),FEMAXI (Mol rev1),15.8669,1207.219,0,#99cc00
27(1),FEMAXI (Mol rev1),16.2284,1206.1967,0,#99cc00
27(1),FEMAXI (Mol rev1),16.5908,1205.2826,0,#99cc00
27(1),FEMAXI (Mol rev1),16.9542,1204.4679,0,#99cc00
27(1),FEMAXI (Mol rev1),17.3186,1203.7439,0,#99cc00
27(1),FEMAXI (Mol rev1),17.6839,1203.1017,0,#99cc00
27(1),FEMAXI (Mol rev1),18.0502,1202.5329,0,#99cc00
27(1),FEMAXI (Mol rev1),18.4175,1202.0287,0,#99cc00
27(1),FEMAXI (Mol rev1),18.7856,1201.5808,0,#99cc00
27(1),FEMAXI (Mol rev1),19.2674,1200.9882,0,#99cc00
27(1),FEMAXI (Mol rev1),19.7794,1200.5447,0,#99cc00
27(1),FEMAXI (Mol rev1),20.2957,1199.9504,0,#99cc00
27(1),FEMAXI (Mol rev1),21.3814,1199.2103,0,#99cc00
27(1),FEMAXI (Mol rev1),22.4991,1198.4765,0,#99cc00
27(1),FEMAXI (Mol rev1),23.6516,1198.0288,0,#99cc00
27(1),FEMAXI (Mol rev1),24.2428,1197.8666,0,#99cc00
27(1),FEMAXI (Mol rev1),24.8349,1197.7049,0,#99cc00
27(1),FEMAXI (Mol rev1),25.4275,1197.5472,0,#99cc00
27(1),FEMAXI (Mol rev1),26.0206,1197.397,0,#99cc00
27(1),FEMAXI (Mol rev1),26.614,1197.2575,0,#99cc00
27(1),FEMAXI (Mol rev1),27.2077,1197.1322,0,#99cc00
27(1),FEMAXI (Mol rev1),27.8017,1197.0243,0,#99cc00
27(1),FEMAXI (Mol rev1),28.3958,1196.9372,0,#99cc00
27(1),FEMAXI (Mol rev1),28.9899,1196.8742,0,#99cc00
27(1),FEMAXI (Mol rev1),29.5839,1196.8388,0,#99cc00
27(1),FEMAXI (Mol rev1),30.1779,1196.8344,0,#99cc00
27(1),FEMAXI (Mol rev1),30.7716,1196.8643,0,#99cc00
27(1),FEMAXI (Mol rev1),31.3651,1196.9321,0,#99cc00
27(1),FEMAXI (Mol rev1),31.9581,1197.0414,0,#99cc00
27(1),FEMAXI (Mol rev1),32.5508,1197.1957,0,#99cc00
27(1),FEMAXI (Mol rev1),33.1428,1197.3989,0,#99cc00
27(1),FEMAXI (Mol rev1),33.3136,1197.434,0,#99cc00
27(1),FEMAXI (Mol rev1),33.478,1197.7396,0,#99cc00
27(1),FEMAXI (Mol rev1),33.7472,1198.3376,0,#99cc00
27(1),FEMAXI (Mol rev1),34.0042,1199.051,0,#99cc00
27(1),FEMAXI (Mol rev1),34.2512,1199.8491,0,#99cc00
27(1),FEMAXI (Mol rev1),34.4898,1200.7063,0,#99cc00
27(1),FEMAXI (Mol rev1),34.7216,1201.5956,0,#99cc00
27(1),FEMAXI (Mol rev1),34.9485,1202.4891,0,#99cc00
27(1),FEMAXI (Mol rev1),35.172,1203.3585,0,#99cc00
27(1),FEMAXI (Mol rev1),35.3939,1204.1755,0,#99cc00
27(1),FEMAXI (Mol rev1),35.6162,1204.9125,0,#99cc00
27(1),FEMAXI (Mol rev1),35.8405,1205.5429,0,#99cc00
27(1),FEMAXI (Mol rev1),36.0687,1206.0412,0,#99cc00
27(1),FEMAXI (Mol rev1),36.3029,1206.3833,0,#99cc00
27(1),FEMAXI (Mol rev1),36.5448,1206.5459,0,#99cc00
27(1),FEMAXI (Mol rev1),36.7966,1206.5064,0,#99cc00
27(1),FEMAXI (Mol rev1),37.0601,1206.2423,0,#99cc00
27(1),FEMAXI (Mol rev1),37.3375,1205.731,0,#99cc00
27(1),FEMAXI (Mol rev1),37.6215,1205.4361,0,#99cc00
27(1),FEMAXI (Mol rev1),37.9304,1205.1339,0,#99cc00
27(1),FEMAXI (Mol rev1),38.2532,1204.5477,0,#99cc00
27(1),FEMAXI (Mol rev1),39.1753,1202.8718,0,#99cc00
27(1),FEMAXI (Mol rev1),40.0984,1201.2417,0,#99cc00
27(1),FEMAXI (Mol rev1),41.0221,1199.63,0,#99cc00
27(1),FEMAXI (Mol rev1),41.946,1198.0093,0,#99cc00
27(1),FEMAXI (Mol rev1),42.8698,1196.3528,0,#99cc00
27(1),FEMAXI (Mol rev1),43.7932,1194.6341,0,#99cc00
27(1),FEMAXI (Mol rev1),44.7159,1192.8269,0,#99cc00
27(1),FEMAXI (Mol rev1),45.6377,1190.905,0,#99cc00
27(1),FEMAXI (Mol rev1),46.5582,1188.8418,0,#99cc00
27(1),FEMAXI (Mol rev1),47.4771,1186.6106,0,#99cc00
27(1),FEMAXI (Mol rev1),48.3942,1184.1838,0,#99cc00
27(1),FEMAXI (Mol rev1),49.309,1181.533,0,#99cc00
27(1),FEMAXI (Mol rev1),50.2213,1178.6289,0,#99cc00
27(1),FEMAXI (Mol rev1),51.1307,1175.4408,0,#99cc00
27(1),FEMAXI (Mol rev1),52.0367,1171.9367,0,#99cc00
27(1),FEMAXI (Mol rev1),52.9685,1170.0504,0,#99cc00
27(1),FEMAXI (Mol rev1),53.0306,1169.9024,0,#99cc00
27(1),FEMAXI (Mol rev1),53.1005,1169.7543,0,#99cc00
27(1),FEMAXI (Mol rev1),53.1083,1169.7543,0,#99cc00
27(1),FEMAXI (Mol rev1),53.1096,1169.7543,0,#99cc00
27(1),FEMAXI (Mol rev1),53.1108,1169.7541,0,#99cc00
27(1),FEMAXI (Mol rev1),53.1119,1169.7534,0,#99cc00
27(1),FEMAXI (Mol rev1),53.1129,1169.752,0,#99cc00
27(1),FEMAXI (Mol rev1),53.1137,1169.7498,0,#99cc00
27(1),FEMAXI (Mol rev1),53.1145,1169.7465,0,#99cc00
27(1),FEMAXI (Mol rev1),53.1153,1169.742,0,#99cc00
27(1),FEMAXI (Mol rev1),53.116,1169.7358,0,#99cc00
27(1),FEMAXI (Mol rev1),53.1168,1169.728,0,#99cc00
27(1),FEMAXI (Mol rev1),53.1175,1169.7182,0,#99cc00
27(1),FEMAXI (Mol rev1),53.1183,1169.7062,0,#99cc00
27(1),FEMAXI (Mol rev1),53.1192,1169.6919,0,#99cc00
27(1),FEMAXI (Mol rev1),53.1201,1169.675,0,#99cc00
27(1),FEMAXI (Mol rev1),53.1212,1169.6552,0,#99cc00
27(1),FEMAXI (Mol rev1),53.1224,1169.6324,0,#99cc00
27(1),FEMAXI (Mol rev1),53.1238,1169.6063,0,#99cc00
27(1),FEMAXI (Mol rev1),53.128,1169.5752,0,#99cc00
27(1),FEMAXI (Mol rev1),53.1318,1169.5375,0,#99cc00
27(1),FEMAXI (Mol rev1),53.1353,1169.4938,0,#99cc00
27(1),FEMAXI (Mol rev1),53.1385,1169.4444,0,#99cc00
27(1),FEMAXI (Mol rev1),53.1413,1169.3898,0,#99cc00
27(1),FEMAXI (Mol rev1),53.1439,1169.3305,0,#99cc00
27(1),FEMAXI (Mol rev1),53.1461,1169.2668,0,#99cc00
27(1),FEMAXI (Mol rev1),53.1481,1169.1992,0,#99cc00
27(1),FEMAXI (Mol rev1),53.1497,1169.1282,0,#99cc00
27(1),FEMAXI (Mol rev1),53.1512,1169.0541,0,#99cc00
27(1),FEMAXI (Mol rev1),53.1523,1168.9774,0,#99cc00
27(1),FEMAXI (Mol rev1),53.1533,1168.8985,0,#99cc00
27(1),FEMAXI (Mol rev1),53.2122,1166.5028,0,#99cc00
27(1),FEMAXI (Mol rev1),53.2134,1166.4204,0,#99cc00
27(1),FEMAXI (Mol rev1),53.2142,1166.3373,0,#99cc00
27(1),FEMAXI (Mol rev1),53.2145,1166.2539,0,#99cc00
27(1),FEMAXI (Mol rev1),53.2143,1166.1707,0,#99cc00
27(1),FEMAXI (Mol rev1),53.2134,1166.0882,0,#99cc00
27(1),FEMAXI (Mol rev1),53.2119,1166.0068,0,#99cc00
27(1),FEMAXI (Mol rev1),53.2096,1165.927,0,#99cc00
27(1),FEMAXI (Mol rev1),53.2068,1165.8492,0,#99cc00
27(1),FEMAXI (Mol rev1),53.2033,1165.7739,0,#99cc00
27(1),FEMAXI (Mol rev1),53.1992,1165.7013,0,#99cc00
27(1),FEMAXI (Mol rev1),53.1945,1165.632,0,#99cc00
27(1),FEMAXI (Mol rev1),53.1893,1165.5664,0,#99cc00
27(1),FEMAXI (Mol rev1),53.1836,1165.5049,0,#99cc00
27(1),FEMAXI (Mol rev1),53.1773,1165.448,0,#99cc00
27(1),FEMAXI (Mol rev1),53.1706,1165.396,0,#99cc00
27(1),FEMAXI (Mol rev1),53.1634,1165.3494,0,#99cc00
27(1),FEMAXI (Mol rev1),53.1557,1165.3087,0,#99cc00
27(1),FEMAXI (Mol rev1),53.1477,1165.2741,0,#99cc00
27(1),FEMAXI (Mol rev1),53.1392,1165.2463,0,#99cc00
27(1),FEMAXI (Mol rev1),53.1237,1165.2524,0,#99cc00
27(1),FEMAXI (Mol rev1),53.1235,1165.2508,0,#99cc00
27(1),FEMAXI (Mol rev1),53.123,1165.2463,0,#99cc00
27(1),FEMAXI (Mol rev1),53.1222,1165.2393,0,#99cc00
27(1),FEMAXI (Mol rev1),53.121,1165.2303,0,#99cc00
27(1),FEMAXI (Mol rev1),53.1197,1165.2196,0,#99cc00
27(1),FEMAXI (Mol rev1),53.118,1165.2077,0,#99cc00
27(1),FEMAXI (Mol rev1),53.1162,1165.1951,0,#99cc00
27(1),FEMAXI (Mol rev1),53.1141,1165.1821,0,#99cc00
27(1),FEMAXI (Mol rev1),53.1119,1165.1691,0,#99cc00
27(1),FEMAXI (Mol rev1),53.1095,1165.1567,0,#99cc00
27(1),FEMAXI (Mol rev1),53.107,1165.1452,0,#99cc00
27(1),FEMAXI (Mol rev1),53.1043,1165.135,0,#99cc00
27(1),FEMAXI (Mol rev1),53.1015,1165.1266,0,#99cc00
27(1),FEMAXI (Mol rev1),53.0987,1165.1204,0,#99cc00
27(1),FEMAXI (Mol rev1),53.0959,1165.1168,0,#99cc00
27(1),FEMAXI (Mol rev1),53.093,1165.1163,0,#99cc00
27(1),FEMAXI (Mol rev1),53.0619,1165.1285,0,#99cc00
27(1),FEMAXI (Mol rev1),53.0306,1165.2889,0,#99cc00
27(1),FEMAXI (Mol rev1),52.821,1165.3133,0,#99cc00
27(1),FEMAXI (Mol rev1),52.8153,1165.3595,0,#99cc00
27(1),FEMAXI (Mol rev1),52.8099,1165.4286,0,#99cc00
27(1),FEMAXI (Mol rev1),52.785,1165.9543,0,#99cc00
27(1),FEMAXI (Mol rev1),52.7746,1166.028,0,#99cc00
27(1),FEMAXI (Mol rev1),52.7647,1166.107,0,#99cc00
27(1),FEMAXI (Mol rev1),52.7552,1166.1909,0,#99cc00
27(1),FEMAXI (Mol rev1),52.7463,1166.2795,0,#99cc00
27(1),FEMAXI (Mol rev1),52.7381,1166.3723,0,#99cc00
27(1),FEMAXI (Mol rev1),52.7304,1166.4691,0,#99cc00
27(1),FEMAXI (Mol rev1),52.7235,1166.5695,0,#99cc00
27(1),FEMAXI (Mol rev1),52.7173,1166.6733,0,#99cc00
27(1),FEMAXI (Mol rev1),52.7119,1166.7801,0,#99cc00
27(1),FEMAXI (Mol rev1),52.7074,1166.8895,0,#99cc00
27(1),FEMAXI (Mol rev1),52.7037,1167.0014,0,#99cc00
27(1),FEMAXI (Mol rev1),52.701,1167.1153,0,#99cc00
27(1),FEMAXI (Mol rev1),52.6992,1167.2309,0,#99cc00
27(1),FEMAXI (Mol rev1),52.6984,1167.3712,0,#99cc00
27(1),FEMAXI (Mol rev1),52.699,1167.5013,0,#99cc00
27(1),FEMAXI (Mol rev1),52.7009,1167.621,0,#99cc00
27(1),FEMAXI (Mol rev1),52.7041,1167.7303,0,#99cc00
27(1),FEMAXI (Mol rev1),52.7084,1167.8293,0,#99cc00
27(1),FEMAXI (Mol rev1),52.7841,1169.0144,0,#99cc00
27(1),FEMAXI (Mol rev1),52.7882,1169.1967,0,#99cc00
27(1),FEMAXI (Mol rev1),52.7926,1169.3626,0,#99cc00
27(1),FEMAXI (Mol rev1),52.7974,1169.5116,0,#99cc00
27(1),FEMAXI (Mol rev1),52.8025,1169.6433,0,#99cc00
27(1),FEMAXI (Mol rev1),52.8078,1169.7571,0,#99cc00
27(1),FEMAXI (Mol rev1),52.8134,1169.8525,0,#99cc00
27(1),FEMAXI (Mol rev1),52.819,1169.9291,0,#99cc00
27(1),FEMAXI (Mol rev1),52.8248,1169.9865,0,#99cc00
27(1),FEMAXI (Mol rev1),52.8307,1170.024,0,#99cc00
27(1),FEMAXI (Mol rev1),52.8365,1170.0412,0,#99cc00
27(1),FEMAXI (Mol rev1),53.0617,1169.9024,0,#99cc00
27(1),FEMAXI (Mol rev1),53.1458,1169.9101,0,#99cc00
27(1),FEMAXI (Mol rev1),53.2144,1169.9091,0,#99cc00
27(1),FEMAXI (Mol rev1),53.471,1167.538,0,#99cc00
27(1),FEMAXI (Mol rev1),53.6104,1167.5151,0,#99cc00
27(1),FEMAXI (Mol rev1),53.7469,1167.505,0,#99cc00
27(1),FEMAXI (Mol rev1),53.885,1167.495,0,#99cc00
27(1),FEMAXI (Mol rev1),54.0215,1167.4964,0,#99cc00
27(1),FEMAXI (Mol rev1),54.1579,1167.4972,0,#99cc00
27(1),FEMAXI (Mol rev1),54.2949,1167.5061,0,#99cc00
27(1),FEMAXI (Mol rev1),54.4314,1167.5172,0,#99cc00
27(1),FEMAXI (Mol rev1),54.5678,1167.5302,0,#99cc00
27(1),FEMAXI (Mol rev1),54.7045,1167.5477,0,#99cc00
27(1),FEMAXI (Mol rev1),54.8404,1167.5653,0,#99cc00
27(1),FEMAXI (Mol rev1),54.9775,1167.5855,0,#99cc00
27(1),FEMAXI (Mol rev1),55.1131,1167.6085,0,#99cc00
27(1),FEMAXI (Mol rev1),55.2508,1167.6274,0,#99cc00
27(1),FEMAXI (Mol rev1),55.8351,1167.1721,0,#99cc00
27(1),FEMAXI (Mol rev1),55.9426,1167.0873,0,#99cc00
27(1),FEMAXI (Mol rev1),56.0462,1166.9789,0,#99cc00
27(1),FEMAXI (Mol rev1),56.1541,1166.8378,0,#99cc00
27(1),FEMAXI (Mol rev1),56.2621,1166.6841,0,#99cc00
27(1),FEMAXI (Mol rev1),56.3646,1166.4928,0,#99cc00
27(1),FEMAXI (Mol rev1),56.4722,1166.2582,0,#99cc00
27(1),FEMAXI (Mol rev1),56.5797,1166.0026,0,#99cc00
27(1),FEMAXI (Mol rev1),56.6799,1165.6971,0,#99cc00
27(1),FEMAXI (Mol rev1),56.7863,1165.3363,0,#99cc00
27(1),FEMAXI (Mol rev1),56.8889,1164.9592,0,#99cc00
27(1),FEMAXI (Mol rev1),56.9893,1164.497,0,#99cc00
27(1),FEMAXI (Mol rev1),57.0936,1163.9773,0,#99cc00
27(1),FEMAXI (Mol rev1),57.1887,1163.464,0,#99cc00
27(1),FEMAXI (Mol rev1),57.291,1162.7964,0,#99cc00
27(1),FEMAXI (Mol rev1),57.3927,1162.0843,0,#99cc00
27(1),FEMAXI (Mol rev1),57.4849,1161.3769,0,#99cc00
27(1),FEMAXI (Mol rev1),57.625,1160.2099,0,#99cc00
27(1),FEMAXI (Mol rev1),57.7508,1159.0964,0,#99cc00
27(1),FEMAXI (Mol rev1),57.8863,1158.0964,0,#99cc00
27(1),FEMAXI (Mol rev1),58.0597,1156.8039,0,#99cc00
27(1),FEMAXI (Mol rev1),58.1978,1155.9157,0,#99cc00
27(1),FEMAXI (Mol rev1),58.3286,1155.0161,0,#99cc00
27(1),FEMAXI (Mol rev1),58.4756,1154.098,0,#99cc00
27(1),FEMAXI (Mol rev1),58.6255,1153.2588,0,#99cc00
27(1),FEMAXI (Mol rev1),58.7778,1152.4923,0,#99cc00
27(1),FEMAXI (Mol rev1),58.9319,1151.7921,0,#99cc00
27(1),FEMAXI (Mol rev1),59.0875,1151.1519,0,#99cc00
27(1),FEMAXI (Mol rev1),59.2439,1150.5653,0,#99cc00
27(1),FEMAXI (Mol rev1),59.4008,1150.0258,0,#99cc00
27(1),FEMAXI (Mol rev1),59.5575,1149.527,0,#99cc00
27(1),FEMAXI (Mol rev1),59.7136,1149.0627,0,#99cc00
27(1),FEMAXI (Mol rev1),59.8686,1148.6265,0,#99cc00
27(1),FEMAXI (Mol rev1),60.022,1148.2124,0,#99cc00
27(1),FEMAXI (Mol rev1),60.1734,1147.8144,0,#99cc00
27(1),FEMAXI (Mol rev1),60.3221,1147.4267,0,#99cc00
27(1),FEMAXI (Mol rev1),60.4677,1147.044,0,#99cc00
27(1),FEMAXI (Mol rev1),60.7627,1146.2185,0,#99cc00
27(1),FEMAXI (Mol rev1),61.0882,1145.3321,0,#99cc00
27(1),FEMAXI (Mol rev1),61.4414,1144.3948,0,#99cc00
27(1),FEMAXI (Mol rev1),61.7938,1143.4927,0,#99cc00
27(1),FEMAXI (Mol rev1),62.1462,1142.5966,0,#99cc00
27(1),FEMAXI (Mol rev1),62.4985,1141.7048,0,#99cc00
27(1),FEMAXI (Mol rev1),62.8507,1140.8161,0,#99cc00
27(1),FEMAXI (Mol rev1),63.203,1139.9289,0,#99cc00
27(1),FEMAXI (Mol rev1),63.5552,1139.0418,0,#99cc00
27(1),FEMAXI (Mol rev1),63.9073,1138.1534,0,#99cc00
27(1),FEMAXI (Mol rev1),64.2595,1137.2622,0,#99cc00
27(1),FEMAXI (Mol rev1),64.6117,1136.3667,0,#99cc00
27(1),FEMAXI (Mol rev1),64.9638,1135.4656,0,#99cc00
27(1),FEMAXI (Mol rev1),65.316,1134.5573,0,#99cc00
27(1),FEMAXI (Mol rev1),65.6682,1133.6405,0,#99cc00
27(1),FEMAXI (Mol rev1),66.0204,1132.7136,0,#99cc00
27(1),FEMAXI (Mol rev1),66.3726,1131.7753,0,#99cc00
27(1),FEMAXI (Mol rev1),66.7248,1130.824,0,#99cc00
27(1),FEMAXI (Mol rev1),67.4988,1128.4396,0,#99cc00
27(1),FEMAXI (Mol rev1),68.6151,1124.8909,0,#99cc00
27(1),FEMAXI (Mol rev1),68.957,1123.7317,0,#99cc00
27(1),FEMAXI (Mol rev1),69.7638,1120.7403,0,#99cc00
27(1),FEMAXI (Mol rev1),70.5709,1117.4582,0,#99cc00
27(1),FEMAXI (Mol rev1),71.3751,1113.9579,0,#99cc00
27(1),FEMAXI (Mol rev1),72.1753,1110.2233,0,#99cc00
27(1),FEMAXI (Mol rev1),72.9725,1106.2394,0,#99cc00
27(1),FEMAXI (Mol rev1),73.7657,1101.9966,0,#99cc00
27(1),FEMAXI (Mol rev1),74.5533,1097.4789,0,#99cc00
27(1),FEMAXI (Mol rev1),75.334,1092.6201,0,#99cc00
27(1),FEMAXI (Mol rev1),76.1142,1087.4813,0,#99cc00
27(1),FEMAXI (Mol rev1),76.8817,1082.05,0,#99cc00
27(1),FEMAXI (Mol rev1),77.6434,1076.1799,0,#99cc00
27(1),FEMAXI (Mol rev1),78.3979,1069.9442,0,#99cc00
27(1),FEMAXI (Mol rev1),79.1461,1063.3898,0,#99cc00
27(1),FEMAXI (Mol rev1),79.8891,1056.5615,0,#99cc00
27(1),FEMAXI (Mol rev1),80.628,1049.5039,0,#99cc00
27(1),FEMAXI (Mol rev1),81.36,1042.299,0,#99cc00
27(1),FEMAXI (Mol rev1),81.7779,1037.872,0,#99cc00
27(1),FEMAXI (Mol rev1),82.1907,1033.121,0,#99cc00
27(1),FEMAXI (Mol rev1),82.8744,1024.484,0,#99cc00
27(1),FEMAXI (Mol rev1),83.4678,1015.6902,0,#99cc00
27(1),FEMAXI (Mol rev1),83.9763,1006.6081,0,#99cc00
27(1),FEMAXI (Mol rev1),84.4081,997.2261,0,#99cc00
27(1),FEMAXI (Mol rev1),84.7714,987.5244,0,#99cc00
27(1),FEMAXI (Mol rev1),85.074,977.476,0,#99cc00
27(1),FEMAXI (Mol rev1),85.3234,967.0501,0,#99cc00
27(1),FEMAXI (Mol rev1),85.5269,956.2164,0,#99cc00
27(1),FEMAXI (Mol rev1),85.6915,944.9489,0,#99cc00
27(1),FEMAXI (Mol rev1),85.824,933.2255,0,#99cc00
27(1),FEMAXI (Mol rev1),85.9315,921.028,0,#99cc00
27(1),FEMAXI (Mol rev1),86.0215,908.3396,0,#99cc00
27(1),FEMAXI (Mol rev1),86.1014,895.1448,0,#99cc00
27(1),FEMAXI (Mol rev1),86.1791,881.4284,0,#99cc00
27(1),FEMAXI (Mol rev1),86.2624,867.1765,0,#99cc00
27(1),FEMAXI (Mol rev1),86.3598,852.3704,0,#99cc00
27(1),FEMAXI (Mol rev1),86.438,841.3479,0,#99cc00
27(1),FEMAXI (Mol rev1),86.5312,830.6896,0,#99cc00
27(1),FEMAXI (Mol rev1),86.7371,820.0528,0,#99cc00
27(1),FEMAXI (Mol rev1),86.7382,819.9419,0,#99cc00
27(1),FEMAXI (Mol rev1),86.7386,819.8316,0,#99cc00
27(1),FEMAXI (Mol rev1),86.7383,819.7227,0,#99cc00
27(1),FEMAXI (Mol rev1),86.7374,819.6156,0,#99cc00
27(1),FEMAXI (Mol rev1),86.736,819.5112,0,#99cc00
27(1),FEMAXI (Mol rev1),86.7339,819.41,0,#99cc00
27(1),FEMAXI-JNES,82.1494,499.5184,0,#333399
27(1),FEMAXI-JNES,81.7877,509.2438,0,#333399
27(1),FEMAXI-JNES,81.4298,518.9694,0,#333399
27(1),FEMAXI-JNES,81.0734,528.6763,0,#333399
27(1),FEMAXI-JNES,80.7167,538.3449,0,#333399
27(1),FEMAXI-JNES,80.3573,547.9558,0,#333399
27(1),FEMAXI-JNES,79.9931,557.4892,0,#333399
27(1),FEMAXI-JNES,79.6221,566.9254,0,#333399
27(1),FEMAXI-JNES,79.242,576.2443,0,#333399
27(1),FEMAXI-JNES,78.8506,585.4256,0,#333399
27(1),FEMAXI-JNES,78.4458,594.4487,0,#333399
27(1),FEMAXI-JNES,78.0253,603.2927,0,#333399
27(1),FEMAXI-JNES,77.5868,611.9358,0,#333399
27(1),FEMAXI-JNES,77.1283,620.3562,0,#333399
27(1),FEMAXI-JNES,76.6473,628.5309,0,#333399
27(1),FEMAXI-JNES,76.2714,634.6751,0,#333399
27(1),FEMAXI-JNES,75.8829,640.7439,0,#333399
27(1),FEMAXI-JNES,75.4722,646.7475,0,#333399
27(1),FEMAXI-JNES,75.2675,649.4785,0,#333399
27(1),FEMAXI-JNES,75.0617,652.1808,0,#333399
27(1),FEMAXI-JNES,74.855,654.8559,0,#333399
27(1),FEMAXI-JNES,74.6474,657.5051,0,#333399
27(1),FEMAXI-JNES,74.4355,660.1652,0,#333399
27(1),FEMAXI-JNES,74.2239,662.6947,0,#333399
27(1),FEMAXI-JNES,74.0115,665.2034,0,#333399
27(1),FEMAXI-JNES,73.7985,667.6927,0,#333399
27(1),FEMAXI-JNES,73.5848,670.164,0,#333399
27(1),FEMAXI-JNES,73.3674,672.6493,0,#333399
27(1),FEMAXI-JNES,73.1506,675.0217,0,#333399
27(1),FEMAXI-JNES,72.9334,677.3808,0,#333399
27(1),FEMAXI-JNES,72.7159,679.7281,0,#333399
27(1),FEMAXI-JNES,72.4981,682.0649,0,#333399
27(1),FEMAXI-JNES,72.277,684.4189,0,#333399
27(1),FEMAXI-JNES,72.0571,686.6768,0,#333399
27(1),FEMAXI-JNES,70.9106,697.8568,0,#333399
27(1),FEMAXI-JNES,70.2361,704.1881,0,#333399
27(1),FEMAXI-JNES,69.5533,710.3622,0,#333399
27(1),FEMAXI-JNES,68.8671,716.4181,0,#333399
27(1),FEMAXI-JNES,68.178,722.2725,0,#333399
27(1),FEMAXI-JNES,67.4839,728.0421,0,#333399
27(1),FEMAXI-JNES,66.7886,733.6802,0,#333399
27(1),FEMAXI-JNES,66.0888,739.2173,0,#333399
27(1),FEMAXI-JNES,65.3876,744.6819,0,#333399
27(1),FEMAXI-JNES,64.6854,750.0381,0,#333399
27(1),FEMAXI-JNES,63.9814,755.3487,0,#333399
27(1),FEMAXI-JNES,63.2774,760.599,0,#333399
27(1),FEMAXI-JNES,62.5726,765.8104,0,#333399
27(1),FEMAXI-JNES,61.8683,770.9953,0,#333399
27(1),FEMAXI-JNES,61.1648,776.1618,0,#333399
27(1),FEMAXI-JNES,60.4626,781.3255,0,#333399
27(1),FEMAXI-JNES,59.7616,786.4971,0,#333399
27(1),FEMAXI-JNES,58.4744,796.0154,0,#333399
27(1),FEMAXI-JNES,57.2343,805.3308,0,#333399
27(1),FEMAXI-JNES,56.6322,809.7468,0,#333399
27(1),FEMAXI-JNES,56.0397,814.3529,0,#333399
27(1),FEMAXI-JNES,55.4617,818.6155,0,#333399
27(1),FEMAXI-JNES,54.451,826.6295,0,#333399
27(1),FEMAXI-JNES,53.4317,834.4516,0,#333399
27(1),FEMAXI-JNES,52.4098,842.1064,0,#333399
27(1),FEMAXI-JNES,51.3856,849.6162,0,#333399
27(1),FEMAXI-JNES,50.3596,857.0031,0,#333399
27(1),FEMAXI-JNES,49.3321,864.2895,0,#333399
27(1),FEMAXI-JNES,48.3035,871.4976,0,#333399
27(1),FEMAXI-JNES,47.274,878.6494,0,#333399
27(1),FEMAXI-JNES,46.2441,885.7672,0,#333399
27(1),FEMAXI-JNES,45.2142,892.873,0,#333399
27(1),FEMAXI-JNES,44.1845,899.9889,0,#333399
27(1),FEMAXI-JNES,43.1554,907.1371,0,#333399
27(1),FEMAXI-JNES,42.1274,914.3396,0,#333399
27(1),FEMAXI-JNES,41.1007,921.6184,0,#333399
27(1),FEMAXI-JNES,40.0757,928.9958,0,#333399
27(1),FEMAXI-JNES,39.0528,936.4937,0,#333399
27(1),FEMAXI-JNES,38.6495,939.4741,0,#333399
27(1),FEMAXI-JNES,38.2616,942.398,0,#333399
27(1),FEMAXI-JNES,37.5587,947.5982,0,#333399
27(1),FEMAXI-JNES,36.8607,952.8013,0,#333399
27(1),FEMAXI-JNES,36.1607,958.0311,0,#333399
27(1),FEMAXI-JNES,35.461,963.2748,0,#333399
27(1),FEMAXI-JNES,34.7624,968.5444,0,#333399
27(1),FEMAXI-JNES,34.0646,973.8578,0,#333399
27(1),FEMAXI-JNES,33.3682,979.2277,0,#333399
27(1),FEMAXI-JNES,32.6735,984.6682,0,#333399
27(1),FEMAXI-JNES,31.9809,990.1932,0,#333399
27(1),FEMAXI-JNES,31.2908,995.8169,0,#333399
27(1),FEMAXI-JNES,30.6034,1001.5531,0,#333399
27(1),FEMAXI-JNES,29.9191,1007.4158,0,#333399
27(1),FEMAXI-JNES,29.2384,1013.4187,0,#333399
27(1),FEMAXI-JNES,28.5615,1019.5756,0,#333399
27(1),FEMAXI-JNES,27.8888,1025.8999,0,#333399
27(1),FEMAXI-JNES,27.2208,1032.4052,0,#333399
27(1),FEMAXI-JNES,26.1919,1042.8911,0,#333399
27(1),FEMAXI-JNES,25.7008,1048.0923,0,#333399
27(1),FEMAXI-JNES,25.2188,1053.2824,0,#333399
27(1),FEMAXI-JNES,24.7544,1058.3619,0,#333399
27(1),FEMAXI-JNES,24.2888,1063.6263,0,#333399
27(1),FEMAXI-JNES,23.7788,1069.5054,0,#333399
27(1),FEMAXI-JNES,23.2655,1075.4159,0,#333399
27(1),FEMAXI-JNES,22.7502,1081.3611,0,#333399
27(1),FEMAXI-JNES,22.2328,1087.3458,0,#333399
27(1),FEMAXI-JNES,21.7151,1093.3575,0,#333399
27(1),FEMAXI-JNES,21.1969,1099.441,0,#333399
27(1),FEMAXI-JNES,20.6785,1105.5539,0,#333399
27(1),FEMAXI-JNES,20.1638,1111.7354,0,#333399
27(1),FEMAXI-JNES,19.6492,1117.9723,0,#333399
27(1),FEMAXI-JNES,19.14,1124.2672,0,#333399
27(1),FEMAXI-JNES,18.6326,1130.6544,0,#333399
27(1),FEMAXI-JNES,18.1319,1137.0761,0,#333399
27(1),FEMAXI-JNES,17.635,1143.6387,0,#333399
27(1),FEMAXI-JNES,17.1457,1150.1998,0,#333399
27(1),FEMAXI-JNES,16.6628,1156.9607,0,#333399
27(1),FEMAXI-JNES,16.1849,1163.7486,0,#333399
27(1),FEMAXI-JNES,15.8452,1168.9779,0,#333399
27(1),FEMAXI-JNES,15.5065,1174.0782,0,#333399
27(1),FEMAXI-JNES,14.9814,1182.4021,0,#333399
27(1),FEMAXI-JNES,14.4668,1191.0411,0,#333399
27(1),FEMAXI-JNES,13.9674,1199.7617,0,#333399
27(1),FEMAXI-JNES,13.4786,1208.8064,0,#333399
27(1),FEMAXI-JNES,13.0058,1217.9454,0,#333399
27(1),FEMAXI-JNES,12.5439,1227.4152,0,#333399
27(1),FEMAXI-JNES,12.0986,1236.9855,0,#333399
27(1),FEMAXI-JNES,11.6646,1246.8947,0,#333399
27(1),FEMAXI-JNES,11.2473,1256.9007,0,#333399
27(1),FEMAXI-JNES,10.8422,1267.2584,0,#333399
27(1),FEMAXI-JNES,10.4529,1277.6989,0,#333399
27(1),FEMAXI-JNES,10.0773,1288.5099,0,#333399
27(1),FEMAXI-JNES,9.7156,1299.3811,0,#333399
27(1),FEMAXI-JNES,9.37,1310.6473,0,#333399
27(1),FEMAXI-JNES,9.0352,1321.9469,0,#333399
27(1),FEMAXI-JNES,8.7198,1333.6683,0,#333399
27(1),FEMAXI-JNES,8.5331,1340.7696,0,#333399
27(1),FEMAXI-JNES,8.1941,1354.8685,0,#333399
27(1),FEMAXI-JNES,8.0328,1362.1956,0,#333399
27(1),FEMAXI-JNES,7.8934,1368.8353,0,#333399
27(1),FEMAXI-JNES,7.757,1375.5301,0,#333399
27(1),FEMAXI-JNES,7.6242,1382.2538,0,#333399
27(1),FEMAXI-JNES,7.4956,1389.0045,0,#333399
27(1),FEMAXI-JNES,7.3712,1395.7823,0,#333399
27(1),FEMAXI-JNES,7.2514,1402.5874,0,#333399
27(1),FEMAXI-JNES,7.1363,1409.4199,0,#333399
27(1),FEMAXI-JNES,7.0268,1416.25,0,#333399
27(1),FEMAXI-JNES,6.922,1423.1369,0,#333399
27(1),FEMAXI-JNES,6.8227,1430.0513,0,#333399
27(1),FEMAXI-JNES,6.7288,1436.9929,0,#333399
27(1),FEMAXI-JNES,6.6407,1443.9617,0,#333399
27(1),FEMAXI-JNES,6.5584,1450.9576,0,#333399
27(1),FEMAXI-JNES,6.4821,1457.9806,0,#333399
27(1),FEMAXI-JNES,6.4117,1465.0307,0,#333399
27(1),FEMAXI-JNES,6.3475,1472.1081,0,#333399
27(1),FEMAXI-JNES,6.3021,1477.1448,0,#333399
27(1),FEMAXI-JNES,6.2621,1482.7694,0,#333399
27(1),FEMAXI-JNES,6.1411,1499.4792,0,#333399
27(1),FEMAXI-JNES,6.0324,1516.271,0,#333399
27(1),FEMAXI-JNES,5.9338,1533.1092,0,#333399
27(1),FEMAXI-JNES,5.8441,1549.9875,0,#333399
27(1),FEMAXI-JNES,5.7624,1566.8997,0,#333399
27(1),FEMAXI-JNES,5.6876,1583.8396,0,#333399
27(1),FEMAXI-JNES,5.6188,1600.8013,0,#333399
27(1),FEMAXI-JNES,5.555,1617.7786,0,#333399
27(1),FEMAXI-JNES,5.4952,1634.7656,0,#333399
27(1),FEMAXI-JNES,5.4384,1651.7565,0,#333399
27(1),FEMAXI-JNES,5.3837,1668.7451,0,#333399
27(1),FEMAXI-JNES,5.33,1685.7256,0,#333399
27(1),FEMAXI-JNES,5.2763,1702.6921,0,#333399
27(1),MACROS,12.6288,1330.5169,0,#ff9900
27(1),MACROS,12.9239,1320.7468,0,#ff9900
27(1),MACROS,13.3082,1312.1002,0,#ff9900
27(1),MACROS,13.7231,1302.9912,0,#ff9900
27(1),MACROS,14.1314,1294.0344,0,#ff9900
27(1),MACROS,14.3626,1288.9694,0,#ff9900
27(1),MACROS,14.5914,1283.928,0,#ff9900
27(1),MACROS,14.82,1278.8625,0,#ff9900
27(1),MACROS,15.0486,1273.778,0,#ff9900
27(1),MACROS,15.2774,1268.6796,0,#ff9900
27(1),MACROS,15.5064,1263.5726,0,#ff9900
27(1),MACROS,15.7357,1258.4622,0,#ff9900
27(1),MACROS,15.9654,1253.3535,0,#ff9900
27(1),MACROS,16.1958,1248.2519,0,#ff9900
27(1),MACROS,16.4268,1243.1625,0,#ff9900
27(1),MACROS,16.6586,1238.0905,0,#ff9900
27(1),MACROS,16.8914,1233.0412,0,#ff9900
27(1),MACROS,17.1252,1228.0196,0,#ff9900
27(1),MACROS,17.3602,1223.0308,0,#ff9900
27(1),MACROS,17.5964,1218.0798,0,#ff9900
27(1),MACROS,17.834,1213.1718,0,#ff9900
27(1),MACROS,17.9892,1209.9454,0,#ff9900
27(1),MACROS,18.1294,1206.9914,0,#ff9900
27(1),MACROS,18.2463,1204.5647,0,#ff9900
27(1),MACROS,18.3416,1202.563,0,#ff9900
27(1),MACROS,18.4429,1200.59,0,#ff9900
27(1),MACROS,18.5427,1198.8886,0,#ff9900
27(1),MACROS,18.6417,1197.4272,0,#ff9900
27(1),MACROS,18.7401,1196.1729,0,#ff9900
27(1),MACROS,18.8385,1195.0904,0,#ff9900
27(1),MACROS,18.9372,1194.1422,0,#ff9900
27(1),MACROS,19.0368,1193.2894,0,#ff9900
27(1),MACROS,19.138,1192.4924,0,#ff9900
27(1),MACROS,19.2419,1191.7122,0,#ff9900
27(1),MACROS,19.3495,1190.9101,0,#ff9900
27(1),MACROS,19.4618,1190.0471,0,#ff9900
27(1),MACROS,19.5803,1189.0829,0,#ff9900
27(1),MACROS,19.706,1187.9751,0,#ff9900
27(1),MACROS,19.84,1186.6788,0,#ff9900
27(1),MACROS,19.9874,1185.1651,0,#ff9900
27(1),MACROS,20.1249,1183.2709,0,#ff9900
27(1),MACROS,20.2838,1181.3009,0,#ff9900
27(1),MACROS,21.0286,1169.3366,0,#ff9900
27(1),MACROS,21.783,1157.1867,0,#ff9900
27(1),MACROS,22.5358,1144.9703,0,#ff9900
27(1),MACROS,23.2874,1132.6951,0,#ff9900
27(1),MACROS,24.0376,1120.3687,0,#ff9900
27(1),MACROS,24.7867,1107.9985,0,#ff9900
27(1),MACROS,25.5347,1095.5924,0,#ff9900
27(1),MACROS,26.2819,1083.158,0,#ff9900
27(1),MACROS,27.0282,1070.7029,0,#ff9900
27(1),MACROS,27.7738,1058.2349,0,#ff9900
27(1),MACROS,28.5188,1045.7616,0,#ff9900
27(1),MACROS,29.2632,1033.2908,0,#ff9900
27(1),MACROS,30.0074,1020.8302,0,#ff9900
27(1),MACROS,30.7512,1008.3876,0,#ff9900
27(1),MACROS,31.4948,995.9704,0,#ff9900
27(1),MACROS,32.2384,983.5866,0,#ff9900
27(1),MACROS,32.7034,975.8692,0,#ff9900
27(1),MACROS,33.1568,968.2669,0,#ff9900
27(1),MACROS,33.5864,961.1154,0,#ff9900
27(1),MACROS,33.7885,957.7113,0,#ff9900
27(1),MACROS,33.9781,954.5276,0,#ff9900
27(1),MACROS,34.1354,951.9138,0,#ff9900
27(1),MACROS,34.2909,949.3127,0,#ff9900
27(1),MACROS,34.4476,946.6852,0,#ff9900
27(1),MACROS,34.6043,944.0578,0,#ff9900
27(1),MACROS,34.7608,941.4277,0,#ff9900
27(1),MACROS,34.917,938.7922,0,#ff9900
27(1),MACROS,35.0726,936.1485,0,#ff9900
27(1),MACROS,35.2277,933.4937,0,#ff9900
27(1),MACROS,35.3819,930.825,0,#ff9900
27(1),MACROS,35.5353,928.1397,0,#ff9900
27(1),MACROS,35.6876,925.4348,0,#ff9900
27(1),MACROS,35.8386,922.7078,0,#ff9900
27(1),MACROS,35.9884,919.9557,0,#ff9900
27(1),MACROS,36.1368,917.1759,0,#ff9900
27(1),MACROS,36.2836,914.3658,0,#ff9900
27(1),MACROS,36.4287,911.5224,0,#ff9900
27(1),MACROS,36.7465,905.3029,0,#ff9900
27(1),MACROS,36.9045,902.0135,0,#ff9900
27(1),MACROS,37.0626,898.7341,0,#ff9900
27(1),MACROS,37.2207,895.4389,0,#ff9900
27(1),MACROS,37.3792,892.1402,0,#ff9900
27(1),MACROS,37.5387,888.8457,0,#ff9900
27(1),MACROS,37.6996,885.5662,0,#ff9900
27(1),MACROS,37.8624,882.3129,0,#ff9900
27(1),MACROS,38.0275,879.0971,0,#ff9900
27(1),MACROS,38.197,875.9004,0,#ff9900
27(1),MACROS,38.3685,872.791,0,#ff9900
27(1),MACROS,38.5437,869.7543,0,#ff9900
27(1),MACROS,38.723,866.8017,0,#ff9900
27(1),MACROS,38.9069,863.9445,0,#ff9900
27(1),MACROS,39.0957,861.1935,0,#ff9900
27(1),MACROS,39.29,858.5594,0,#ff9900
27(1),MACROS,39.4901,856.0521,0,#ff9900
27(1),MACROS,39.6641,853.976,0,#ff9900
27(1),MACROS,39.8505,851.9035,0,#ff9900
27(1),MACROS,40.0379,849.97,0,#ff9900
27(1),MACROS,40.3045,847.2821,0,#ff9900
27(1),MACROS,40.6037,844.3854,0,#ff9900
27(1),MACROS,40.9075,841.5553,0,#ff9900
27(1),MACROS,41.2139,838.8185,0,#ff9900
27(1),MACROS,41.5255,836.1381,0,#ff9900
27(1),MACROS,41.8401,833.5251,0,#ff9900
27(1),MACROS,42.1573,830.9754,0,#ff9900
27(1),MACROS,42.4765,828.4845,0,#ff9900
27(1),MACROS,42.7971,826.0478,0,#ff9900
27(1),MACROS,43.1187,823.6607,0,#ff9900
27(1),MACROS,43.4408,821.3185,0,#ff9900
27(1),MACROS,43.7627,819.0163,0,#ff9900
27(1),MACROS,44.0839,816.7493,0,#ff9900
27(1),MACROS,44.4039,814.5128,0,#ff9900
27(1),MACROS,44.7222,812.3019,0,#ff9900
27(1),MACROS,45.0382,810.1126,0,#ff9900
27(1),MACROS,45.3515,807.9379,0,#ff9900
27(1),MACROS,46.1101,802.8058,0,#ff9900
27(1),MACROS,46.8896,797.6027,0,#ff9900
27(1),MACROS,47.5102,793.4106,0,#ff9900
27(1),MACROS,48.1327,789.235,0,#ff9900
27(1),MACROS,48.7486,785.0084,0,#ff9900
27(1),MACROS,49.361,780.6724,0,#ff9900
27(1),MACROS,49.9694,776.2371,0,#ff9900
27(1),MACROS,50.5762,771.698,0,#ff9900
27(1),MACROS,51.1807,767.0691,0,#ff9900
27(1),MACROS,51.7833,762.3569,0,#ff9900
27(1),MACROS,52.3845,757.5677,0,#ff9900
27(1),MACROS,52.9846,752.7077,0,#ff9900
27(1),MACROS,53.5839,747.7834,0,#ff9900
27(1),MACROS,54.183,742.8009,0,#ff9900
27(1),MACROS,54.7823,737.7667,0,#ff9900
27(1),MACROS,55.382,732.6871,0,#ff9900
27(1),MACROS,55.9827,727.5685,0,#ff9900
27(1),MACROS,56.5847,722.4171,0,#ff9900
27(1),MACROS,59.1599,700.4608,0,#ff9900
27(1),MACROS,60.4315,689.4402,0,#ff9900
27(1),MACROS,61.8159,678.7754,0,#ff9900
27(1),MACROS,61.8214,678.7409,0,#ff9900
27(1),MACROS,61.8264,678.6936,0,#ff9900
27(1),MACROS,61.8309,678.6346,0,#ff9900
27(1),MACROS,61.8349,678.5649,0,#ff9900
27(1),MACROS,61.8384,678.4857,0,#ff9900
27(1),MACROS,61.8414,678.3981,0,#ff9900
27(1),MACROS,61.8439,678.3031,0,#ff9900
27(1),MACROS,61.8459,678.2018,0,#ff9900
27(1),MACROS,61.8475,678.0953,0,#ff9900
27(1),MACROS,61.8487,677.9847,0,#ff9900
27(1),MACROS,61.8494,677.871,0,#ff9900
27(1),MACROS,61.8497,677.7554,0,#ff9900
27(1),MACROS,61.8496,677.6389,0,#ff9900
27(1),MACROS,61.8491,677.5227,0,#ff9900
27(1),MACROS,61.8482,677.4077,0,#ff9900
27(1),MACROS,61.8469,677.2951,0,#ff9900
27(1),MACROS,61.8437,677.1893,0,#ff9900
27(2a),START-3,-0.1093,0.0425,0,#ff00ff
27(2a),START-3,19.8927,-0.0359,0,#ff00ff
27(2a),START-3,39.8776,0.0425,0,#ff00ff
27(2a),START-3,39.8465,0.0369,0,#ff00ff
27(2a),START-3,50.0051,1.9574,0,#ff00ff
27(2a),START-3,49.9968,1.9573,0,#ff00ff
27(2a),START-3,60.0118,4.9566,0,#ff00ff
27(2a),START-3,59.9896,4.9472,0,#ff00ff
27(2a),START-3,69.9757,10.99,0,#ff00ff
27(2a),START-3,79.9745,17.9586,0,#ff00ff
27(2a),START-3,89.9781,26.9234,0,#ff00ff
27(2a),START-3,99.9857,35.0131,0,#ff00ff
27(2a),START-3,99.9904,35.0161,0,#ff00ff
27(2a),START-3,99.9953,35.0186,0,#ff00ff
27(2a),START-3,100.0005,35.0208,0,#ff00ff
27(2a),START-3,100.006,35.0226,0,#ff00ff
27(2a),START-3,100.0116,35.0241,0,#ff00ff
27(2a),START-3,100.0174,35.0252,0,#ff00ff
27(2a),START-3,100.0233,35.026,0,#ff00ff
27(2a),START-3,100.0292,35.0264,0,#ff00ff
27(2a),START-3,100.0352,35.0265,0,#ff00ff
27(2a),START-3,100.041,35.0263,0,#ff00ff
27(2a),START-3,100.0468,35.0257,0,#ff00ff
27(2a),START-3,100.0525,35.0249,0,#ff00ff
27(2a),START-3,100.0579,35.0238,0,#ff00ff
27(2a),START-3,100.0631,35.0224,0,#ff00ff
27(2a),START-3,100.0681,35.0207,0,#ff00ff
27(2a),START-3,100.0727,35.0187,0,#ff00ff
27(2a),START-3,100.077,35.0155,0,#ff00ff
27(2a),START-3,100.0808,35.0122,0,#ff00ff
27(2a),START-3,100.0819,35.0111,0,#ff00ff
27(2a),TU (Bul),-0.0619,0.0425,0,#0000ff
27(2a),TU (Bul),9.9309,-0.0415,0,#0000ff
27(2a),TU (Bul),14.9431,-0.0415,0,#0000ff
27(2a),TU (Bul),19.9401,-0.0359,0,#0000ff
27(2a),TU (Bul),21.5238,-0.0293,0,#0000ff
27(2a),TU (Bul),23.1078,-0.0227,0,#0000ff
27(2a),TU (Bul),24.6919,-0.0161,0,#0000ff
27(2a),TU (Bul),26.2761,-0.0093,0,#0000ff
27(2a),TU (Bul),27.8605,-0.0023,0,#0000ff
27(2a),TU (Bul),29.4449,0.005,0,#0000ff
27(2a),TU (Bul),31.0294,0.0126,0,#0000ff
27(2a),TU (Bul),32.6139,0.0207,0,#0000ff
27(2a),TU (Bul),34.1983,0.0292,0,#0000ff
27(2a),TU (Bul),35.7827,0.0383,0,#0000ff
27(2a),TU (Bul),37.3671,0.0481,0,#0000ff
27(2a),TU (Bul),38.9513,0.0585,0,#0000ff
27(2a),TU (Bul),40.5353,0.0697,0,#0000ff
27(2a),TU (Bul),42.1192,0.0817,0,#0000ff
27(2a),TU (Bul),43.7029,0.0947,0,#0000ff
27(2a),TU (Bul),45.2863,0.1086,0,#0000ff
27(2a),TU (Bul),46.0945,0.1152,0,#0000ff
27(2a),TU (Bul),46.6324,0.121,0,#0000ff
27(2a),TU (Bul),47.2283,0.1315,0,#0000ff
27(2a),TU (Bul),47.825,0.1397,0,#0000ff
27(2a),TU (Bul),48.422,0.1469,0,#0000ff
27(2a),TU (Bul),49.0187,0.1534,0,#0000ff
27(2a),TU (Bul),49.6154,0.1593,0,#0000ff
27(2a),TU (Bul),50.2122,0.1648,0,#0000ff
27(2a),TU (Bul),50.8089,0.1699,0,#0000ff
27(2a),TU (Bul),51.4058,0.1749,0,#0000ff
27(2a),TU (Bul),52.0026,0.1798,0,#0000ff
27(2a),TU (Bul),52.5995,0.1848,0,#0000ff
27(2a),TU (Bul),53.1965,0.1901,0,#0000ff
27(2a),TU (Bul),53.7935,0.1958,0,#0000ff
27(2a),TU (Bul),54.3905,0.2021,0,#0000ff
27(2a),TU (Bul),54.9876,0.209,0,#0000ff
27(2a),TU (Bul),55.5847,0.2168,0,#0000ff
27(2a),TU (Bul),56.1819,0.2256,0,#0000ff
27(2a),TU (Bul),56.8148,0.2372,0,#0000ff
27(2a),TU (Bul),57.4314,0.2496,0,#0000ff
27(2a),TU (Bul),58.0463,0.2773,0,#0000ff
27(2a),TU (Bul),58.6656,0.304,0,#0000ff
27(2a),TU (Bul),59.2926,0.3378,0,#0000ff
27(2a),TU (Bul),59.9199,0.3691,0,#0000ff
27(2a),TU (Bul),60.551,0.3991,0,#0000ff
27(2a),TU (Bul),61.1845,0.4286,0,#0000ff
27(2a),TU (Bul),61.8195,0.4587,0,#0000ff
27(2a),TU (Bul),62.4549,0.4905,0,#0000ff
27(2a),TU (Bul),63.0896,0.525,0,#0000ff
27(2a),TU (Bul),63.7226,0.5632,0,#0000ff
27(2a),TU (Bul),64.3529,0.6062,0,#0000ff
27(2a),TU (Bul),64.981,0.6553,0,#0000ff
27(2a),TU (Bul),65.6028,0.7113,0,#0000ff
27(2a),TU (Bul),66.2186,0.7751,0,#0000ff
27(2a),TU (Bul),66.8273,0.8478,0,#0000ff
27(2a),TU (Bul),67.4278,0.93,0,#0000ff
27(2a),TU (Bul),67.7436,0.9761,0,#0000ff
27(2a),TU (Bul),68.0636,1.0325,0,#0000ff
27(2a),TU (Bul),68.3673,1.0947,0,#0000ff
27(2a),TU (Bul),68.6851,1.1565,0,#0000ff
27(2a),TU (Bul),69.006,1.2248,0,#0000ff
27(2a),TU (Bul),69.3073,1.3015,0,#0000ff
27(2a),TU (Bul),69.7822,1.4246,0,#0000ff
27(2a),TU (Bul),70.2516,1.5556,0,#0000ff
27(2a),TU (Bul),70.7198,1.6923,0,#0000ff
27(2a),TU (Bul),71.1863,1.8345,0,#0000ff
27(2a),TU (Bul),71.6507,1.9822,0,#0000ff
27(2a),TU (Bul),72.1127,2.1353,0,#0000ff
27(2a),TU (Bul),72.5718,2.2939,0,#0000ff
27(2a),TU (Bul),73.0258,2.4573,0,#0000ff
27(2a),TU (Bul),73.4777,2.6266,0,#0000ff
27(2a),TU (Bul),73.9254,2.8011,0,#0000ff
27(2a),TU (Bul),74.3685,2.9808,0,#0000ff
27(2a),TU (Bul),74.8065,3.1656,0,#0000ff
27(2a),TU (Bul),75.239,3.3554,0,#0000ff
27(2a),TU (Bul),75.6656,3.55,0,#0000ff
27(2a),TU (Bul),76.0856,3.7494,0,#0000ff
27(2a),TU (Bul),76.4987,3.9534,0,#0000ff
27(2a),TU (Bul),76.8017,4.1108,0,#0000ff
27(2a),TU (Bul),77.1138,4.2713,0,#0000ff
27(2a),TU (Bul),77.5319,4.4964,0,#0000ff
27(2a),TU (Bul),77.9505,4.7304,0,#0000ff
27(2a),TU (Bul),78.3617,4.9712,0,#0000ff
27(2a),TU (Bul),78.7695,5.2176,0,#0000ff
27(2a),TU (Bul),79.1739,5.4691,0,#0000ff
27(2a),TU (Bul),79.5746,5.725,0,#0000ff
27(2a),TU (Bul),79.9717,5.9848,0,#0000ff
27(2a),TU (Bul),80.365,6.248,0,#0000ff
27(2a),TU (Bul),80.7544,6.5139,0,#0000ff
27(2a),TU (Bul),81.1399,6.7821,0,#0000ff
27(2a),TU (Bul),81.5213,7.052,0,#0000ff
27(2a),TU (Bul),81.8985,7.3231,0,#0000ff
27(2a),TU (Bul),82.2714,7.5947,0,#0000ff
27(2a),TU (Bul),82.6398,7.8664,0,#0000ff
27(2a),TU (Bul),83.0038,8.1375,0,#0000ff
27(2a),TU (Bul),83.3634,8.4079,0,#0000ff
27(2a),TU (Bul),83.9972,8.904,0,#0000ff
27(2a),TU (Bul),84.3132,9.1613,0,#0000ff
27(2a),TU (Bul),85.5592,10.2219,0,#0000ff
27(2a),TU (Bul),86.7262,11.3179,0,#0000ff
27(2a),TU (Bul),87.8155,12.4475,0,#0000ff
27(2a),TU (Bul),88.8342,13.607,0,#0000ff
27(2a),TU (Bul),89.7891,14.7933,0,#0000ff
27(2a),TU (Bul),90.6871,16.003,0,#0000ff
27(2a),TU (Bul),91.535,17.2328,0,#0000ff
27(2a),TU (Bul),92.34,18.4792,0,#0000ff
27(2a),TU (Bul),93.1088,19.7391,0,#0000ff
27(2a),TU (Bul),93.8484,21.0091,0,#0000ff
27(2a),TU (Bul),94.5656,22.2859,0,#0000ff
27(2a),TU (Bul),95.2676,23.5662,0,#0000ff
27(2a),TU (Bul),95.961,24.8467,0,#0000ff
27(2a),TU (Bul),96.6528,26.1241,0,#0000ff
27(2a),TU (Bul),97.3499,27.3952,0,#0000ff
27(2a),TU (Bul),98.0591,28.6566,0,#0000ff
27(2a),TU (Bul),98.6915,29.7762,0,#0000ff
27(2a),TU (Bul),99.3109,30.8842,0,#0000ff
27(2a),TU (Bul),99.9423,31.9899,0,#0000ff
27(2a),TU (Bul),99.9441,31.994,0,#0000ff
27(2a),TU (Bul),99.9464,31.9978,0,#0000ff
27(2a),TU (Bul),99.9491,32.0013,0,#0000ff
27(2a),TU (Bul),99.9523,32.0044,0,#0000ff
27(2a),TU (Bul),99.956,32.0073,0,#0000ff
27(2a),TU (Bul),99.96,32.0098,0,#0000ff
27(2a),TU (Bul),99.9643,32.0119,0,#0000ff
27(2a),TU (Bul),99.969,32.0137,0,#0000ff
27(2a),TU (Bul),99.974,32.0151,0,#0000ff
27(2a),TU (Bul),99.9792,32.0161,0,#0000ff
27(2a),TU (Bul),99.9846,32.0166,0,#0000ff
27(2a),TU (Bul),99.9901,32.0167,0,#0000ff
27(2a),TU (Bul),99.9958,32.0163,0,#0000ff
27(2a),TU (Bul),100.0017,32.0155,0,#0000ff
27(2a),TU (Bul),100.0076,32.0142,0,#0000ff
27(2a),TU (Bul),100.0135,32.0123,0,#0000ff
27(2a),TU (Bul),100.0192,32.0111,0,#0000ff
27(2a),TU (Bul),100.0246,32.0095,0,#0000ff
27(2a),TU (Bul),100.0295,32.0075,0,#0000ff
27(2a),TU (Bul),100.0341,32.0052,0,#0000ff
27(2a),TU (Bul),100.0383,32.0027,0,#0000ff
27(2a),TU (Bul),100.042,31.9998,0,#0000ff
27(2a),TU (Bul),100.0452,31.9967,0,#0000ff
27(2a),TU (Bul),100.0481,31.9934,0,#0000ff
27(2a),TU (Bul),100.0504,31.9899,0,#0000ff
27(2a),BACO,-0.0461,0.0425,0,#ff0000
27(2a),BACO,0.4633,-0.0136,0,#ff0000
27(2a),BACO,0.9693,-0.0024,0,#ff0000
27(2a),BACO,2.0144,0.0312,0,#ff0000
27(2a),BACO,4.0384,0.0878,0,#ff0000
27(2a),BACO,6.0621,0.1443,0,#ff0000
27(2a),BACO,8.0851,0.202,0,#ff0000
27(2a),BACO,10.1073,0.2622,0,#ff0000
27(2a),BACO,12.1288,0.326,0,#ff0000
27(2a),BACO,14.1495,0.3947,0,#ff0000
27(2a),BACO,16.1693,0.4695,0,#ff0000
27(2a),BACO,18.1884,0.5517,0,#ff0000
27(2a),BACO,20.2067,0.6424,0,#ff0000
27(2a),BACO,22.2241,0.743,0,#ff0000
27(2a),BACO,24.2406,0.8546,0,#ff0000
27(2a),BACO,26.2563,0.9785,0,#ff0000
27(2a),BACO,28.2712,1.1159,0,#ff0000
27(2a),BACO,30.2852,1.268,0,#ff0000
27(2a),BACO,32.2983,1.436,0,#ff0000
27(2a),BACO,34.3105,1.6213,0,#ff0000
27(2a),BACO,34.6429,1.6493,0,#ff0000
27(2a),BACO,35.2745,1.7108,0,#ff0000
27(2a),BACO,36.5231,1.8323,0,#ff0000
27(2a),BACO,37.7653,1.9594,0,#ff0000
27(2a),BACO,39.0031,2.0921,0,#ff0000
27(2a),BACO,40.2371,2.2301,0,#ff0000
27(2a),BACO,41.4678,2.3732,0,#ff0000
27(2a),BACO,42.6957,2.5211,0,#ff0000
27(2a),BACO,43.9213,2.6736,0,#ff0000
27(2a),BACO,45.1447,2.8305,0,#ff0000
27(2a),BACO,46.3675,2.9914,0,#ff0000
27(2a),BACO,47.5895,3.1563,0,#ff0000
27(2a),BACO,48.8114,3.3248,0,#ff0000
27(2a),BACO,50.0336,3.4967,0,#ff0000
27(2a),BACO,51.2566,3.6718,0,#ff0000
27(2a),BACO,52.481,3.8497,0,#ff0000
27(2a),BACO,53.7073,4.0304,0,#ff0000
27(2a),BACO,54.936,4.2134,0,#ff0000
27(2a),BACO,55.102,4.2429,0,#ff0000
27(2a),BACO,55.2587,4.269,0,#ff0000
27(2a),BACO,55.425,4.2917,0,#ff0000
27(2a),BACO,58.1521,4.7345,0,#ff0000
27(2a),BACO,60.8704,5.191,0,#ff0000
27(2a),BACO,63.5832,5.6606,0,#ff0000
27(2a),BACO,66.2909,6.1425,0,#ff0000
27(2a),BACO,68.9939,6.6356,0,#ff0000
27(2a),BACO,71.6928,7.1389,0,#ff0000
27(2a),BACO,74.388,7.6517,0,#ff0000
27(2a),BACO,77.0799,8.1729,0,#ff0000
27(2a),BACO,79.7686,8.7015,0,#ff0000
27(2a),BACO,82.4554,9.2367,0,#ff0000
27(2a),BACO,85.1403,9.7775,0,#ff0000
27(2a),BACO,87.8237,10.3231,0,#ff0000
27(2a),BACO,90.5062,10.8724,0,#ff0000
27(2a),BACO,93.1881,11.4245,0,#ff0000
27(2a),BACO,95.8699,11.9785,0,#ff0000
27(2a),BACO,98.552,12.5334,0,#ff0000
27(2a),BACO,99.0268,12.6326,0,#ff0000
27(2a),BACO,99.535,12.7703,0,#ff0000
27(2a),BACO,99.541,12.7711,0,#ff0000
27(2a),BACO,99.5472,12.7716,0,#ff0000
27(2a),BACO,99.5534,12.7717,0,#ff0000
27(2a),BACO,99.5596,12.7715,0,#ff0000
27(2a),BACO,99.5658,12.7709,0,#ff0000
27(2a),BACO,99.5718,12.7701,0,#ff0000
27(2a),BACO,99.5778,12.7689,0,#ff0000
27(2a),BACO,99.5834,12.7675,0,#ff0000
27(2a),BACO,99.5889,12.7657,0,#ff0000
27(2a),BACO,99.5939,12.7638,0,#ff0000
27(2a),BACO,99.5986,12.7616,0,#ff0000
27(2a),BACO,99.6028,12.7592,0,#ff0000
27(2a),BACO,99.6066,12.7566,0,#ff0000
27(2a),BACO,99.6097,12.7539,0,#ff0000
27(2a),BACO,99.6122,12.7509,0,#ff0000
27(2a),BACO,99.6141,12.7479,0,#ff0000
27(2a),BACO,99.6153,12.7437,0,#ff0000
27(2a),INFRA,-0.0619,0.0425,0,#339966
27(2a),INFRA,1.7406,-0.0359,0,#339966
27(2a),INFRA,3.5065,-0.0359,0,#339966
27(2a),INFRA,5.2725,-0.0359,0,#339966
27(2a),INFRA,7.0384,-0.0359,0,#339966
27(2a),INFRA,8.8043,-0.0359,0,#339966
27(2a),INFRA,10.5703,-0.0359,0,#339966
27(2a),INFRA,12.3362,-0.0359,0,#339966
27(2a),INFRA,14.1021,-0.0359,0,#339966
27(2a),INFRA,15.868,-0.0359,0,#339966
27(2a),INFRA,17.634,-0.0359,0,#339966
27(2a),INFRA,19.3999,-0.0359,0,#339966
27(2a),INFRA,21.1658,-0.0359,0,#339966
27(2a),INFRA,22.9318,-0.0359,0,#339966
27(2a),INFRA,24.6977,-0.0359,0,#339966
27(2a),INFRA,26.4636,-0.0359,0,#339966
27(2a),INFRA,28.2296,-0.0359,0,#339966
27(2a),INFRA,29.9955,-0.0359,0,#339966
27(2a),INFRA,31.8454,-0.0359,0,#339966
27(2a),INFRA,32.303,-0.0359,0,#339966
27(2a),INFRA,32.7605,-0.0359,0,#339966
27(2a),INFRA,33.218,-0.0359,0,#339966
27(2a),INFRA,33.6756,-0.0359,0,#339966
27(2a),INFRA,34.1331,-0.0359,0,#339966
27(2a),INFRA,34.5907,-0.0359,0,#339966
27(2a),INFRA,35.0482,-0.0359,0,#339966
27(2a),INFRA,35.5057,-0.0359,0,#339966
27(2a),INFRA,35.9633,-0.0359,0,#339966
27(2a),INFRA,36.4208,-0.0359,0,#339966
27(2a),INFRA,36.8784,-0.0359,0,#339966
27(2a),INFRA,37.3359,-0.0359,0,#339966
27(2a),INFRA,37.7935,-0.0359,0,#339966
27(2a),INFRA,38.251,-0.0359,0,#339966
27(2a),INFRA,38.7085,-0.0359,0,#339966
27(2a),INFRA,39.1661,-0.0359,0,#339966
27(2a),INFRA,40.0357,-0.0359,0,#339966
27(2a),INFRA,40.4728,-0.039,0,#339966
27(2a),INFRA,40.9056,-0.0431,0,#339966
27(2a),INFRA,41.3387,-0.0475,0,#339966
27(2a),INFRA,41.7701,-0.0507,0,#339966
27(2a),INFRA,42.2001,-0.0527,0,#339966
27(2a),INFRA,42.6291,-0.0535,0,#339966
27(2a),INFRA,43.0573,-0.0532,0,#339966
27(2a),INFRA,43.4852,-0.0517,0,#339966
27(2a),INFRA,43.913,-0.0491,0,#339966
27(2a),INFRA,44.341,-0.0454,0,#339966
27(2a),INFRA,44.7697,-0.0405,0,#339966
27(2a),INFRA,45.1993,-0.0346,0,#339966
27(2a),INFRA,45.6301,-0.0275,0,#339966
27(2a),INFRA,46.0625,-0.0193,0,#339966
27(2a),INFRA,46.4968,-0.01,0,#339966
27(2a),INFRA,46.9333,0.0004,0,#339966
27(2a),INFRA,47.5502,0.0144,0,#339966
27(2a),INFRA,47.8679,0.0312,0,#339966
27(2a),INFRA,48.0686,0.0386,0,#339966
27(2a),INFRA,48.2725,0.0488,0,#339966
27(2a),INFRA,48.471,0.0622,0,#339966
27(2a),INFRA,48.6679,0.0778,0,#339966
27(2a),INFRA,48.8636,0.0956,0,#339966
27(2a),INFRA,49.0581,0.1156,0,#339966
27(2a),INFRA,49.2516,0.138,0,#339966
27(2a),INFRA,49.446,0.1629,0,#339966
27(2a),INFRA,49.6381,0.1902,0,#339966
27(2a),INFRA,49.8298,0.2198,0,#339966
27(2a),INFRA,50.0211,0.2519,0,#339966
27(2a),INFRA,50.2124,0.2864,0,#339966
27(2a),INFRA,50.4036,0.3235,0,#339966
27(2a),INFRA,50.5952,0.3631,0,#339966
27(2a),INFRA,50.7871,0.4053,0,#339966
27(2a),INFRA,50.9796,0.45,0,#339966
27(2a),INFRA,51.2981,0.5288,0,#339966
27(2a),INFRA,51.5994,0.6055,0,#339966
27(2a),INFRA,51.9065,0.6965,0,#339966
27(2a),INFRA,52.2208,0.7856,0,#339966
27(2a),INFRA,52.5246,0.8817,0,#339966
27(2a),INFRA,52.8374,0.976,0,#339966
27(2a),INFRA,53.1449,1.0817,0,#339966
27(2a),INFRA,53.7576,1.2857,0,#339966
27(2a),INFRA,54.363,1.5017,0,#339966
27(2a),INFRA,54.9569,1.7271,0,#339966
27(2a),INFRA,55.541,1.9605,0,#339966
27(2a),INFRA,56.1167,2.2008,0,#339966
27(2a),INFRA,56.6857,2.4467,0,#339966
27(2a),INFRA,57.2495,2.6971,0,#339966
27(2a),INFRA,57.8097,2.9506,0,#339966
27(2a),INFRA,58.3679,3.206,0,#339966
27(2a),INFRA,58.9255,3.4623,0,#339966
27(2a),INFRA,59.4842,3.7181,0,#339966
27(2a),INFRA,60.0455,3.9723,0,#339966
27(2a),INFRA,60.611,4.2238,0,#339966
27(2a),INFRA,61.1822,4.4712,0,#339966
27(2a),INFRA,61.7607,4.7136,0,#339966
27(2a),INFRA,62.3482,4.9497,0,#339966
27(2a),INFRA,63.4263,5.3689,0,#339966
27(2a),INFRA,64.119,5.6442,0,#339966
27(2a),INFRA,64.8135,5.9139,0,#339966
27(2a),INFRA,65.5098,6.1814,0,#339966
27(2a),INFRA,66.2077,6.4468,0,#339966
27(2a),INFRA,66.9071,6.7102,0,#339966
27(2a),INFRA,67.6081,6.9715,0,#339966
27(2a),INFRA,68.3106,7.2308,0,#339966
27(2a),INFRA,69.0145,7.4882,0,#339966
27(2a),INFRA,69.7198,7.7437,0,#339966
27(2a),INFRA,70.4265,7.9974,0,#339966
27(2a),INFRA,71.1344,8.2493,0,#339966
27(2a),INFRA,71.8436,8.4994,0,#339966
27(2a),INFRA,72.554,8.7478,0,#339966
27(2a),INFRA,73.2655,8.9946,0,#339966
27(2a),INFRA,73.9782,9.2398,0,#339966
27(2a),INFRA,74.6919,9.4834,0,#339966
27(2a),INFRA,75.0265,9.6029,0,#339966
27(2a),INFRA,75.3583,9.7174,0,#339966
27(2a),INFRA,75.67,9.8145,0,#339966
27(2a),INFRA,77.0285,10.2744,0,#339966
27(2a),INFRA,78.3894,10.7249,0,#339966
27(2a),INFRA,79.7533,11.1717,0,#339966
27(2a),INFRA,81.1199,11.6151,0,#339966
27(2a),INFRA,82.4889,12.0552,0,#339966
27(2a),INFRA,83.8602,12.4925,0,#339966
27(2a),INFRA,85.2333,12.9272,0,#339966
27(2a),INFRA,86.6081,13.3595,0,#339966
27(2a),INFRA,87.9843,13.7897,0,#339966
27(2a),INFRA,89.3616,14.2182,0,#339966
27(2a),INFRA,90.7398,14.645,0,#339966
27(2a),INFRA,92.1185,15.0706,0,#339966
27(2a),INFRA,93.4975,15.4952,0,#339966
27(2a),INFRA,94.8766,15.9191,0,#339966
27(2a),INFRA,96.2555,16.3425,0,#339966
27(2a),INFRA,97.6339,16.7657,0,#339966
27(2a),INFRA,98.9146,17.1576,0,#339966
27(2a),INFRA,100.0819,17.5475,0,#339966
27(2a),FRAPCON,0.871,0.0537,0,#00ff00
27(2a),FRAPCON,1.6948,-0.0247,0,#00ff00
27(2a),FRAPCON,3.9346,-0.0017,0,#00ff00
27(2a),FRAPCON,6.1751,0.0164,0,#00ff00
27(2a),FRAPCON,8.4166,0.0306,0,#00ff00
27(2a),FRAPCON,10.6589,0.0422,0,#00ff00
27(2a),FRAPCON,12.9017,0.0519,0,#00ff00
27(2a),FRAPCON,15.145,0.0611,0,#00ff00
27(2a),FRAPCON,17.3884,0.0705,0,#00ff00
27(2a),FRAPCON,19.6319,0.0814,0,#00ff00
27(2a),FRAPCON,21.8752,0.0948,0,#00ff00
27(2a),FRAPCON,24.1181,0.1117,0,#00ff00
27(2a),FRAPCON,26.3605,0.1331,0,#00ff00
27(2a),FRAPCON,28.6022,0.1601,0,#00ff00
27(2a),FRAPCON,30.8429,0.1938,0,#00ff00
27(2a),FRAPCON,33.0825,0.2352,0,#00ff00
27(2a),FRAPCON,35.3208,0.2853,0,#00ff00
27(2a),FRAPCON,37.5576,0.3452,0,#00ff00
27(2a),FRAPCON,38.6962,0.3842,0,#00ff00
27(2a),FRAPCON,39.0598,0.3954,0,#00ff00
27(2a),FRAPCON,39.3102,0.4046,0,#00ff00
27(2a),FRAPCON,39.5614,0.4143,0,#00ff00
27(2a),FRAPCON,39.8113,0.4241,0,#00ff00
27(2a),FRAPCON,40.0612,0.4338,0,#00ff00
27(2a),FRAPCON,40.3112,0.4435,0,#00ff00
27(2a),FRAPCON,40.5611,0.4531,0,#00ff00
27(2a),FRAPCON,40.811,0.4629,0,#00ff00
27(2a),FRAPCON,41.0611,0.4727,0,#00ff00
27(2a),FRAPCON,41.3111,0.4828,0,#00ff00
27(2a),FRAPCON,41.5613,0.4931,0,#00ff00
27(2a),FRAPCON,41.8112,0.5037,0,#00ff00
27(2a),FRAPCON,42.0616,0.5148,0,#00ff00
27(2a),FRAPCON,42.312,0.5263,0,#00ff00
27(2a),FRAPCON,42.5627,0.5383,0,#00ff00
27(2a),FRAPCON,42.8135,0.5509,0,#00ff00
27(2a),FRAPCON,43.0644,0.5642,0,#00ff00
27(2a),FRAPCON,43.3972,0.5862,0,#00ff00
27(2a),FRAPCON,43.6989,0.6082,0,#00ff00
27(2a),FRAPCON,44.3472,0.6752,0,#00ff00
27(2a),FRAPCON,44.9805,0.7559,0,#00ff00
27(2a),FRAPCON,45.6136,0.8341,0,#00ff00
27(2a),FRAPCON,46.2467,0.9102,0,#00ff00
27(2a),FRAPCON,46.8798,0.9843,0,#00ff00
27(2a),FRAPCON,47.5131,1.0567,0,#00ff00
27(2a),FRAPCON,48.1467,1.1277,0,#00ff00
27(2a),FRAPCON,48.7807,1.1974,0,#00ff00
27(2a),FRAPCON,49.4154,1.2662,0,#00ff00
27(2a),FRAPCON,50.0508,1.3343,0,#00ff00
27(2a),FRAPCON,50.6871,1.402,0,#00ff00
27(2a),FRAPCON,51.3246,1.4694,0,#00ff00
27(2a),FRAPCON,51.9634,1.537,0,#00ff00
27(2a),FRAPCON,52.6036,1.6048,0,#00ff00
27(2a),FRAPCON,53.2454,1.6733,0,#00ff00
27(2a),FRAPCON,53.8889,1.7426,0,#00ff00
27(2a),FRAPCON,54.1236,1.767,0,#00ff00
27(2a),FRAPCON,54.5361,1.8111,0,#00ff00
27(2a),FRAPCON,55.1025,1.8717,0,#00ff00
27(2a),FRAPCON,55.6694,1.9319,0,#00ff00
27(2a),FRAPCON,56.2363,1.9923,0,#00ff00
27(2a),FRAPCON,56.8033,2.053,0,#00ff00
27(2a),FRAPCON,57.3704,2.1139,0,#00ff00
27(2a),FRAPCON,57.9376,2.175,0,#00ff00
27(2a),FRAPCON,58.5048,2.2361,0,#00ff00
27(2a),FRAPCON,59.0721,2.2972,0,#00ff00
27(2a),FRAPCON,59.6394,2.3582,0,#00ff00
27(2a),FRAPCON,60.2067,2.4191,0,#00ff00
27(2a),FRAPCON,60.7741,2.4799,0,#00ff00
27(2a),FRAPCON,61.3414,2.5404,0,#00ff00
27(2a),FRAPCON,61.9088,2.6006,0,#00ff00
27(2a),FRAPCON,62.4761,2.6604,0,#00ff00
27(2a),FRAPCON,63.0434,2.7199,0,#00ff00
27(2a),FRAPCON,63.6106,2.7788,0,#00ff00
27(2a),FRAPCON,63.833,2.8077,0,#00ff00
27(2a),FRAPCON,64.0689,2.8308,0,#00ff00
27(2a),FRAPCON,64.2747,2.8524,0,#00ff00
27(2a),FRAPCON,64.497,2.8757,0,#00ff00
27(2a),FRAPCON,64.687,2.8972,0,#00ff00
27(2a),FRAPCON,66.1635,3.0559,0,#00ff00
27(2a),FRAPCON,67.6407,3.214,0,#00ff00
27(2a),FRAPCON,69.1181,3.3723,0,#00ff00
27(2a),FRAPCON,70.5956,3.5309,0,#00ff00
27(2a),FRAPCON,72.0732,3.6897,0,#00ff00
27(2a),FRAPCON,73.5508,3.8485,0,#00ff00
27(2a),FRAPCON,75.0285,4.0074,0,#00ff00
27(2a),FRAPCON,76.5062,4.1663,0,#00ff00
27(2a),FRAPCON,77.9839,4.3252,0,#00ff00
27(2a),FRAPCON,79.4615,4.4839,0,#00ff00
27(2a),FRAPCON,80.939,4.6424,0,#00ff00
27(2a),FRAPCON,82.4163,4.8007,0,#00ff00
27(2a),FRAPCON,83.8936,4.9586,0,#00ff00
27(2a),FRAPCON,85.3706,5.1161,0,#00ff00
27(2a),FRAPCON,86.8474,5.2733,0,#00ff00
27(2a),FRAPCON,88.324,5.4299,0,#00ff00
27(2a),FRAPCON,88.4984,5.4503,0,#00ff00
27(2a),FRAPCON,88.7044,5.4727,0,#00ff00
27(2a),FRAPCON,88.9244,5.5015,0,#00ff00
27(2a),FRAPCON,89.1595,5.5237,0,#00ff00
27(2a),FRAPCON,89.3662,5.5433,0,#00ff00
27(2a),FRAPCON,89.5712,5.5619,0,#00ff00
27(2a),FRAPCON,89.7816,5.5822,0,#00ff00
27(2a),FRAPCON,89.9913,5.6045,0,#00ff00
27(2a),FRAPCON,90.2004,5.6283,0,#00ff00
27(2a),FRAPCON,90.4087,5.653,0,#00ff00
27(2a),FRAPCON,90.6163,5.6781,0,#00ff00
27(2a),FRAPCON,90.8234,5.7032,0,#00ff00
27(2a),FRAPCON,91.0301,5.7277,0,#00ff00
27(2a),FRAPCON,91.2364,5.7514,0,#00ff00
27(2a),FRAPCON,91.4424,5.7737,0,#00ff00
27(2a),FRAPCON,91.6483,5.7942,0,#00ff00
27(2a),FRAPCON,91.854,5.8124,0,#00ff00
27(2a),FRAPCON,92.0595,5.8279,0,#00ff00
27(2a),FRAPCON,92.2647,5.8404,0,#00ff00
27(2a),FRAPCON,92.4694,5.8493,0,#00ff00
27(2a),FRAPCON,92.607,5.8434,0,#00ff00
27(2a),FRAPCON,92.7112,5.843,0,#00ff00
27(2a),FRAPCON,92.8338,5.83,0,#00ff00
27(2a),FRAPCON,92.9478,5.8225,0,#00ff00
27(2a),FRAPCON,93.0598,5.8182,0,#00ff00
27(2a),FRAPCON,93.1676,5.8193,0,#00ff00
27(2a),FRAPCON,93.2696,5.8262,0,#00ff00
27(2a),FRAPCON,93.3664,5.839,0,#00ff00
27(2a),FRAPCON,93.4584,5.8571,0,#00ff00
27(2a),FRAPCON,93.5465,5.8805,0,#00ff00
27(2a),FRAPCON,93.6313,5.9087,0,#00ff00
27(2a),FRAPCON,93.7138,5.9415,0,#00ff00
27(2a),FRAPCON,93.7949,5.9787,0,#00ff00
27(2a),FRAPCON,93.8755,6.0201,0,#00ff00
27(2a),FRAPCON,93.9566,6.0655,0,#00ff00
27(2a),FRAPCON,94.0393,6.1148,0,#00ff00
27(2a),FRAPCON,94.1247,6.1678,0,#00ff00
27(2a),FRAPCON,94.214,6.2245,0,#00ff00
27(2a),FRAPCON,94.3786,6.3414,0,#00ff00
27(2a),FRAPCON,94.5724,6.4834,0,#00ff00
27(2a),FRAPCON,94.9519,6.7742,0,#00ff00
27(2a),FRAPCON,95.0795,6.8806,0,#00ff00
27(2a),FRAPCON,95.217,6.9974,0,#00ff00
27(2a),FRAPCON,95.3603,7.1212,0,#00ff00
27(2a),FRAPCON,95.5123,7.2524,0,#00ff00
27(2a),FRAPCON,95.6704,7.3897,0,#00ff00
27(2a),FRAPCON,95.8321,7.5322,0,#00ff00
27(2a),FRAPCON,95.995,7.6787,0,#00ff00
27(2a),FRAPCON,96.1565,7.8284,0,#00ff00
27(2a),FRAPCON,96.3141,7.98,0,#00ff00
27(2a),FRAPCON,96.4669,8.1345,0,#00ff00
27(2a),FRAPCON,96.6094,8.2874,0,#00ff00
27(2a),FRAPCON,96.7407,8.439,0,#00ff00
27(2a),FRAPCON,96.8589,8.5881,0,#00ff00
27(2a),FRAPCON,96.962,8.7334,0,#00ff00
27(2a),FRAPCON,97.0485,8.8735,0,#00ff00
27(2a),FRAPCON,97.1174,9.0073,0,#00ff00
27(2a),FRAPCON,97.1762,9.1203,0,#00ff00
27(2a),FRAPCON,97.2257,9.2481,0,#00ff00
27(2a),FRAPCON,97.2587,9.3321,0,#00ff00
27(2a),FRAPCON,97.2907,9.4136,0,#00ff00
27(2a),FRAPCON,97.3237,9.4984,0,#00ff00
27(2a),FRAPCON,97.3556,9.5826,0,#00ff00
27(2a),FRAPCON,97.3869,9.6658,0,#00ff00
27(2a),FRAPCON,97.4186,9.7468,0,#00ff00
27(2a),FRAPCON,97.4519,9.8265,0,#00ff00
27(2a),FRAPCON,97.4879,9.9043,0,#00ff00
27(2a),FRAPCON,97.5274,9.98,0,#00ff00
27(2a),FRAPCON,97.5714,10.0536,0,#00ff00
27(2a),FRAPCON,97.6206,10.1249,0,#00ff00
27(2a),FRAPCON,97.6752,10.1933,0,#00ff00
27(2a),FRAPCON,97.7357,10.2591,0,#00ff00
27(2a),FRAPCON,97.8041,10.3239,0,#00ff00
27(2a),FRAPCON,97.8814,10.3878,0,#00ff00
27(2a),FRAPCON,97.9679,10.4504,0,#00ff00
27(2a),FRAPCON,98.0772,10.5102,0,#00ff00
27(2a),FRAPCON,98.1944,10.5684,0,#00ff00
27(2a),FRAPCON,98.3183,10.627,0,#00ff00
27(2a),FRAPCON,98.571,10.7989,0,#00ff00
27(2a),FRAPCON,98.5756,10.8009,0,#00ff00
27(2a),FRAPCON,98.5806,10.8026,0,#00ff00
27(2a),FRAPCON,98.5858,10.804,0,#00ff00
27(2a),FRAPCON,98.5912,10.8051,0,#00ff00
27(2a),FRAPCON,98.5967,10.8059,0,#00ff00
27(2a),FRAPCON,98.6023,10.8065,0,#00ff00
27(2a),FRAPCON,98.6079,10.8067,0,#00ff00
27(2a),FRAPCON,98.6135,10.8066,0,#00ff00
27(2a),FRAPCON,98.619,10.8062,0,#00ff00
27(2a),FRAPCON,98.6244,10.8054,0,#00ff00
27(2a),FRAPCON,98.6295,10.8043,0,#00ff00
27(2a),FRAPCON,98.6344,10.8028,0,#00ff00
27(2a),FRAPCON,98.6389,10.801,0,#00ff00
27(2a),FRAPCON,98.6431,10.7988,0,#00ff00
27(2a),FRAPCON,98.6468,10.7962,0,#00ff00
27(2a),FRAPCON,98.6501,10.7933,0,#00ff00
27(2a),FRAPCON,98.6542,10.791,0,#00ff00
27(2a),FRAPCON,98.6579,10.7884,0,#00ff00
27(2a),FRAPCON,98.6609,10.7854,0,#00ff00
27(2a),FRAPCON,98.6634,10.7823,0,#00ff00
27(2a),FRAPCON,98.6654,10.7789,0,#00ff00
27(2a),FRAPCON,98.6667,10.7754,0,#00ff00
27(2a),FRAPCON,98.6676,10.7718,0,#00ff00
27(2a),FEMAXI Mol,-0.0619,0.0425,0,#cc99ff
27(2a),FEMAXI Mol,1.5984,-0.0303,0,#cc99ff
27(2a),FEMAXI Mol,5.0541,-0.0278,0,#cc99ff
27(2a),FEMAXI Mol,8.5098,-0.0253,0,#cc99ff
27(2a),FEMAXI Mol,11.9656,-0.0229,0,#cc99ff
27(2a),FEMAXI Mol,15.4214,-0.0204,0,#cc99ff
27(2a),FEMAXI Mol,18.8772,-0.0178,0,#cc99ff
27(2a),FEMAXI Mol,22.333,-0.0152,0,#cc99ff
27(2a),FEMAXI Mol,25.7888,-0.0124,0,#cc99ff
27(2a),FEMAXI Mol,29.2446,-0.0094,0,#cc99ff
27(2a),FEMAXI Mol,32.7004,-0.0062,0,#cc99ff
27(2a),FEMAXI Mol,36.1562,-0.0028,0,#cc99ff
27(2a),FEMAXI Mol,39.612,0.001,0,#cc99ff
27(2a),FEMAXI Mol,43.0678,0.005,0,#cc99ff
27(2a),FEMAXI Mol,46.5236,0.0094,0,#cc99ff
27(2a),FEMAXI Mol,49.9794,0.0141,0,#cc99ff
27(2a),FEMAXI Mol,53.4351,0.0193,0,#cc99ff
27(2a),FEMAXI Mol,56.8909,0.0249,0,#cc99ff
27(2a),FEMAXI Mol,58.5034,0.0257,0,#cc99ff
27(2a),FEMAXI Mol,59.4322,0.0224,0,#cc99ff
27(2a),FEMAXI Mol,60.3582,0.0198,0,#cc99ff
27(2a),FEMAXI Mol,61.2804,0.0222,0,#cc99ff
27(2a),FEMAXI Mol,62.1992,0.0292,0,#cc99ff
27(2a),FEMAXI Mol,63.1153,0.0403,0,#cc99ff
27(2a),FEMAXI Mol,64.0292,0.0552,0,#cc99ff
27(2a),FEMAXI Mol,64.9416,0.0735,0,#cc99ff
27(2a),FEMAXI Mol,65.853,0.0948,0,#cc99ff
27(2a),FEMAXI Mol,66.7641,0.1187,0,#cc99ff
27(2a),FEMAXI Mol,67.6754,0.1448,0,#cc99ff
27(2a),FEMAXI Mol,68.5875,0.1728,0,#cc99ff
27(2a),FEMAXI Mol,69.501,0.2024,0,#cc99ff
27(2a),FEMAXI Mol,70.4165,0.233,0,#cc99ff
27(2a),FEMAXI Mol,71.3347,0.2644,0,#cc99ff
27(2a),FEMAXI Mol,72.2561,0.2961,0,#cc99ff
27(2a),FEMAXI Mol,73.1813,0.3279,0,#cc99ff
27(2a),FEMAXI Mol,73.8296,0.3504,0,#cc99ff
27(2a),FEMAXI Mol,74.4935,0.3727,0,#cc99ff
27(2a),FEMAXI Mol,75.1737,0.401,0,#cc99ff
27(2a),FEMAXI Mol,76.504,0.4512,0,#cc99ff
27(2a),FEMAXI Mol,76.8967,0.4689,0,#cc99ff
27(2a),FEMAXI Mol,77.294,0.4866,0,#cc99ff
27(2a),FEMAXI Mol,77.6883,0.5049,0,#cc99ff
27(2a),FEMAXI Mol,78.0828,0.5217,0,#cc99ff
27(2a),FEMAXI Mol,78.4775,0.5377,0,#cc99ff
27(2a),FEMAXI Mol,78.8724,0.5531,0,#cc99ff
27(2a),FEMAXI Mol,79.2674,0.5685,0,#cc99ff
27(2a),FEMAXI Mol,79.6624,0.5844,0,#cc99ff
27(2a),FEMAXI Mol,80.0575,0.6012,0,#cc99ff
27(2a),FEMAXI Mol,80.4531,0.6194,0,#cc99ff
27(2a),FEMAXI Mol,80.8482,0.6394,0,#cc99ff
27(2a),FEMAXI Mol,81.2431,0.6618,0,#cc99ff
27(2a),FEMAXI Mol,81.6378,0.687,0,#cc99ff
27(2a),FEMAXI Mol,82.0323,0.7155,0,#cc99ff
27(2a),FEMAXI Mol,82.4265,0.7477,0,#cc99ff
27(2a),FEMAXI Mol,82.8203,0.7841,0,#cc99ff
27(2a),FEMAXI Mol,83.1718,0.8258,0,#cc99ff
27(2a),FEMAXI Mol,83.5466,0.8667,0,#cc99ff
27(2a),FEMAXI Mol,83.9238,0.9085,0,#cc99ff
27(2a),FEMAXI Mol,84.3015,0.9519,0,#cc99ff
27(2a),FEMAXI Mol,84.6797,0.9967,0,#cc99ff
27(2a),FEMAXI Mol,85.0583,1.0428,0,#cc99ff
27(2a),FEMAXI Mol,85.4371,1.0901,0,#cc99ff
27(2a),FEMAXI Mol,85.816,1.1384,0,#cc99ff
27(2a),FEMAXI Mol,86.195,1.1876,0,#cc99ff
27(2a),FEMAXI Mol,86.5738,1.2374,0,#cc99ff
27(2a),FEMAXI Mol,86.9524,1.2879,0,#cc99ff
27(2a),FEMAXI Mol,87.3307,1.3387,0,#cc99ff
27(2a),FEMAXI Mol,87.7086,1.3899,0,#cc99ff
27(2a),FEMAXI Mol,88.0858,1.4411,0,#cc99ff
27(2a),FEMAXI Mol,88.4625,1.4924,0,#cc99ff
27(2a),FEMAXI Mol,88.8383,1.5434,0,#cc99ff
27(2a),FEMAXI Mol,89.2132,1.5942,0,#cc99ff
27(2a),FEMAXI Mol,89.3558,1.6153,0,#cc99ff
27(2a),FEMAXI Mol,89.4852,1.6369,0,#cc99ff
27(2a),FEMAXI Mol,89.6325,1.6541,0,#cc99ff
27(2a),FEMAXI Mol,89.7755,1.6729,0,#cc99ff
27(2a),FEMAXI Mol,89.9257,1.6962,0,#cc99ff
27(2a),FEMAXI Mol,90.0893,1.7203,0,#cc99ff
27(2a),FEMAXI Mol,90.2489,1.7487,0,#cc99ff
27(2a),FEMAXI Mol,90.4051,1.781,0,#cc99ff
27(2a),FEMAXI Mol,90.5549,1.8156,0,#cc99ff
27(2a),FEMAXI Mol,90.706,1.8539,0,#cc99ff
27(2a),FEMAXI Mol,90.855,1.8943,0,#cc99ff
27(2a),FEMAXI Mol,91.0024,1.9363,0,#cc99ff
27(2a),FEMAXI Mol,91.1487,1.9795,0,#cc99ff
27(2a),FEMAXI Mol,91.2943,2.0234,0,#cc99ff
27(2a),FEMAXI Mol,91.4399,2.0677,0,#cc99ff
27(2a),FEMAXI Mol,91.5859,2.1119,0,#cc99ff
27(2a),FEMAXI Mol,91.7328,2.1556,0,#cc99ff
27(2a),FEMAXI Mol,91.881,2.1984,0,#cc99ff
27(2a),FEMAXI Mol,92.0333,2.2405,0,#cc99ff
27(2a),FEMAXI Mol,92.1866,2.2802,0,#cc99ff
27(2a),FEMAXI Mol,92.5149,2.3629,0,#cc99ff
27(2a),FEMAXI Mol,92.8726,2.4655,0,#cc99ff
27(2a),FEMAXI Mol,93.5721,2.6647,0,#cc99ff
27(2a),FEMAXI Mol,94.2203,2.8676,0,#cc99ff
27(2a),FEMAXI Mol,94.8234,3.0746,0,#cc99ff
27(2a),FEMAXI Mol,95.3868,3.2883,0,#cc99ff
27(2a),FEMAXI Mol,95.914,3.51,0,#cc99ff
27(2a),FEMAXI Mol,96.413,3.7427,0,#cc99ff
27(2a),FEMAXI Mol,96.886,3.9899,0,#cc99ff
27(2a),FEMAXI Mol,97.3362,4.2463,0,#cc99ff
27(2a),FEMAXI Mol,97.7755,4.5169,0,#cc99ff
27(2a),FEMAXI Mol,98.2063,4.7984,0,#cc99ff
27(2a),FEMAXI Mol,98.6364,5.0936,0,#cc99ff
27(2a),FEMAXI Mol,99.0712,5.4045,0,#cc99ff
27(2a),FEMAXI Mol,99.5145,5.7317,0,#cc99ff
27(2a),FEMAXI Mol,99.9721,6.0776,0,#cc99ff
27(2a),FEMAXI Mol,100.0819,6.1607,0,#cc99ff
27(2a),FEMAXI Mol (2),-0.0619,0.0425,0,#78943b
27(2a),FEMAXI Mol (2),1.5986,-0.0359,0,#78943b
27(2a),FEMAXI Mol (2),5.1551,-0.0312,0,#78943b
27(2a),FEMAXI Mol (2),8.7116,-0.0272,0,#78943b
27(2a),FEMAXI Mol (2),12.2682,-0.0238,0,#78943b
27(2a),FEMAXI Mol (2),15.8247,-0.0208,0,#78943b
27(2a),FEMAXI Mol (2),19.3813,-0.0182,0,#78943b
27(2a),FEMAXI Mol (2),22.9379,-0.0157,0,#78943b
27(2a),FEMAXI Mol (2),26.4944,-0.0134,0,#78943b
27(2a),FEMAXI Mol (2),30.051,-0.011,0,#78943b
27(2a),FEMAXI Mol (2),33.6076,-0.0084,0,#78943b
27(2a),FEMAXI Mol (2),37.1642,-0.0055,0,#78943b
27(2a),FEMAXI Mol (2),40.7208,-0.0022,0,#78943b
27(2a),FEMAXI Mol (2),44.2774,0.0016,0,#78943b
27(2a),FEMAXI Mol (2),47.834,0.0061,0,#78943b
27(2a),FEMAXI Mol (2),51.3906,0.0114,0,#78943b
27(2a),FEMAXI Mol (2),54.9471,0.0176,0,#78943b
27(2a),FEMAXI Mol (2),58.5037,0.0248,0,#78943b
27(2a),FEMAXI Mol (2),59.2465,0.0257,0,#78943b
27(2a),FEMAXI Mol (2),59.958,0.0313,0,#78943b
27(2a),FEMAXI Mol (2),60.8411,0.0327,0,#78943b
27(2a),FEMAXI Mol (2),61.7381,0.0363,0,#78943b
27(2a),FEMAXI Mol (2),62.6472,0.0423,0,#78943b
27(2a),FEMAXI Mol (2),63.5661,0.0522,0,#78943b
27(2a),FEMAXI Mol (2),64.4924,0.0678,0,#78943b
27(2a),FEMAXI Mol (2),65.4238,0.0908,0,#78943b
27(2a),FEMAXI Mol (2),66.3577,0.1226,0,#78943b
27(2a),FEMAXI Mol (2),67.2919,0.1651,0,#78943b
27(2a),FEMAXI Mol (2),68.224,0.2198,0,#78943b
27(2a),FEMAXI Mol (2),69.1516,0.2882,0,#78943b
27(2a),FEMAXI Mol (2),70.0724,0.372,0,#78943b
27(2a),FEMAXI Mol (2),70.984,0.4727,0,#78943b
27(2a),FEMAXI Mol (2),71.8841,0.5918,0,#78943b
27(2a),FEMAXI Mol (2),72.7704,0.7306,0,#78943b
27(2a),FEMAXI Mol (2),73.6409,0.8905,0,#78943b
27(2a),FEMAXI Mol (2),74.4935,1.0728,0,#78943b
27(2a),FEMAXI Mol (2),75.1723,1.2248,0,#78943b
27(2a),FEMAXI Mol (2),75.8372,1.391,0,#78943b
27(2a),FEMAXI Mol (2),76.1696,1.475,0,#78943b
27(2a),FEMAXI Mol (2),76.5084,1.5722,0,#78943b
27(2a),FEMAXI Mol (2),76.823,1.6645,0,#78943b
27(2a),FEMAXI Mol (2),77.1941,1.7804,0,#78943b
27(2a),FEMAXI Mol (2),77.5567,1.905,0,#78943b
27(2a),FEMAXI Mol (2),77.9144,2.0363,0,#78943b
27(2a),FEMAXI Mol (2),78.2668,2.1745,0,#78943b
27(2a),FEMAXI Mol (2),78.6136,2.3194,0,#78943b
27(2a),FEMAXI Mol (2),78.9546,2.471,0,#78943b
27(2a),FEMAXI Mol (2),79.2896,2.6293,0,#78943b
27(2a),FEMAXI Mol (2),79.6182,2.7941,0,#78943b
27(2a),FEMAXI Mol (2),79.9403,2.9652,0,#78943b
27(2a),FEMAXI Mol (2),80.2558,3.1424,0,#78943b
27(2a),FEMAXI Mol (2),80.5646,3.3255,0,#78943b
27(2a),FEMAXI Mol (2),80.8664,3.5142,0,#78943b
27(2a),FEMAXI Mol (2),81.1615,3.7083,0,#78943b
27(2a),FEMAXI Mol (2),81.4496,3.9075,0,#78943b
27(2a),FEMAXI Mol (2),81.731,4.1115,0,#78943b
27(2a),FEMAXI Mol (2),82.0056,4.32,0,#78943b
27(2a),FEMAXI Mol (2),82.1605,4.4342,0,#78943b
27(2a),FEMAXI Mol (2),82.3077,4.555,0,#78943b
27(2a),FEMAXI Mol (2),82.6643,4.8412,0,#78943b
27(2a),FEMAXI Mol (2),83.0215,5.1307,0,#78943b
27(2a),FEMAXI Mol (2),83.3744,5.4253,0,#78943b
27(2a),FEMAXI Mol (2),83.7234,5.7245,0,#78943b
27(2a),FEMAXI Mol (2),84.0688,6.0276,0,#78943b
27(2a),FEMAXI Mol (2),84.4107,6.3339,0,#78943b
27(2a),FEMAXI Mol (2),84.7495,6.6429,0,#78943b
27(2a),FEMAXI Mol (2),85.0855,6.9537,0,#78943b
27(2a),FEMAXI Mol (2),85.4188,7.2659,0,#78943b
27(2a),FEMAXI Mol (2),85.7499,7.5788,0,#78943b
27(2a),FEMAXI Mol (2),86.0788,7.8917,0,#78943b
27(2a),FEMAXI Mol (2),86.4059,8.204,0,#78943b
27(2a),FEMAXI Mol (2),86.7314,8.5151,0,#78943b
27(2a),FEMAXI Mol (2),87.0557,8.8243,0,#78943b
27(2a),FEMAXI Mol (2),87.3788,9.1311,0,#78943b
27(2a),FEMAXI Mol (2),87.7011,9.4347,0,#78943b
27(2a),FEMAXI Mol (2),87.9135,9.6438,0,#78943b
27(2a),FEMAXI Mol (2),88.1207,9.8467,0,#78943b
27(2a),FEMAXI Mol (2),88.3218,10.0404,0,#78943b
27(2a),FEMAXI Mol (2),88.9341,10.6068,0,#78943b
27(2a),FEMAXI Mol (2),89.5464,11.1775,0,#78943b
27(2a),FEMAXI Mol (2),90.1555,11.7498,0,#78943b
27(2a),FEMAXI Mol (2),90.7621,12.3235,0,#78943b
27(2a),FEMAXI Mol (2),91.3667,12.898,0,#78943b
27(2a),FEMAXI Mol (2),91.97,13.4731,0,#78943b
27(2a),FEMAXI Mol (2),92.5728,14.0484,0,#78943b
27(2a),FEMAXI Mol (2),93.1755,14.6236,0,#78943b
27(2a),FEMAXI Mol (2),93.7788,15.1982,0,#78943b
27(2a),FEMAXI Mol (2),94.3834,15.7718,0,#78943b
27(2a),FEMAXI Mol (2),94.9899,16.3442,0,#78943b
27(2a),FEMAXI Mol (2),95.599,16.915,0,#78943b
27(2a),FEMAXI Mol (2),96.2113,17.4838,0,#78943b
27(2a),FEMAXI Mol (2),96.8273,18.0502,0,#78943b
27(2a),FEMAXI Mol (2),97.4478,18.6139,0,#78943b
27(2a),FEMAXI Mol (2),98.0734,19.1745,0,#78943b
27(2a),FEMAXI Mol (2),99.5119,20.4508,0,#78943b
27(2a),FEMAXI Mol (2),100.0819,20.951,0,#78943b
27(2a),TRANSURANUS,-0.0619,0.0425,0,#993366
27(2a),TRANSURANUS,4.9833,-0.0023,0,#993366
27(2a),TRANSURANUS,7.4969,0.0145,0,#993366
27(2a),TRANSURANUS,11.2824,0.0386,0,#993366
27(2a),TRANSURANUS,15.0677,0.0625,0,#993366
27(2a),TRANSURANUS,18.8529,0.0863,0,#993366
27(2a),TRANSURANUS,22.638,0.11,0,#993366
27(2a),TRANSURANUS,26.4229,0.1336,0,#993366
27(2a),TRANSURANUS,30.2078,0.1571,0,#993366
27(2a),TRANSURANUS,33.9926,0.1806,0,#993366
27(2a),TRANSURANUS,37.7774,0.2042,0,#993366
27(2a),TRANSURANUS,41.5621,0.2277,0,#993366
27(2a),TRANSURANUS,45.3467,0.2513,0,#993366
27(2a),TRANSURANUS,49.1313,0.2749,0,#993366
27(2a),TRANSURANUS,52.9159,0.2987,0,#993366
27(2a),TRANSURANUS,56.7005,0.3226,0,#993366
27(2a),TRANSURANUS,60.4851,0.3466,0,#993366
27(2a),TRANSURANUS,64.2698,0.3708,0,#993366
27(2a),TRANSURANUS,68.0534,0.3952,0,#993366
27(2a),TRANSURANUS,68.5436,0.4008,0,#993366
27(2a),TRANSURANUS,68.803,0.4064,0,#993366
27(2a),TRANSURANUS,69.3403,0.4235,0,#993366
27(2a),TRANSURANUS,69.8022,0.4389,0,#993366
27(2a),TRANSURANUS,70.265,0.4548,0,#993366
27(2a),TRANSURANUS,70.7276,0.472,0,#993366
27(2a),TRANSURANUS,71.1901,0.4903,0,#993366
27(2a),TRANSURANUS,71.6524,0.5099,0,#993366
27(2a),TRANSURANUS,72.1146,0.5309,0,#993366
27(2a),TRANSURANUS,72.5765,0.5532,0,#993366
27(2a),TRANSURANUS,73.0409,0.5783,0,#993366
27(2a),TRANSURANUS,73.5018,0.6078,0,#993366
27(2a),TRANSURANUS,73.9623,0.6386,0,#993366
27(2a),TRANSURANUS,74.4271,0.6752,0,#993366
27(2a),TRANSURANUS,74.8891,0.7189,0,#993366
27(2a),TRANSURANUS,75.3478,0.7677,0,#993366
27(2a),TRANSURANUS,75.8048,0.8192,0,#993366
27(2a),TRANSURANUS,76.2602,0.871,0,#993366
27(2a),TRANSURANUS,76.7156,0.9213,0,#993366
27(2a),TRANSURANUS,76.9531,0.9437,0,#993366
27(2a),TRANSURANUS,77.2143,0.9728,0,#993366
27(2a),TRANSURANUS,77.5846,1.0206,0,#993366
27(2a),TRANSURANUS,77.9547,1.0892,0,#993366
27(2a),TRANSURANUS,78.3182,1.1807,0,#993366
27(2a),TRANSURANUS,78.675,1.2933,0,#993366
27(2a),TRANSURANUS,79.0247,1.4251,0,#993366
27(2a),TRANSURANUS,79.3669,1.5737,0,#993366
27(2a),TRANSURANUS,79.7011,1.7367,0,#993366
27(2a),TRANSURANUS,80.0272,1.9114,0,#993366
27(2a),TRANSURANUS,80.345,2.0951,0,#993366
27(2a),TRANSURANUS,80.6545,2.285,0,#993366
27(2a),TRANSURANUS,80.9556,2.4786,0,#993366
27(2a),TRANSURANUS,81.2472,2.6723,0,#993366
27(2a),TRANSURANUS,81.5321,2.8653,0,#993366
27(2a),TRANSURANUS,81.8087,3.0539,0,#993366
27(2a),TRANSURANUS,82.0767,3.2356,0,#993366
27(2a),TRANSURANUS,82.336,3.4079,0,#993366
27(2a),TRANSURANUS,82.7393,3.6915,0,#993366
27(2a),TRANSURANUS,83.1291,3.9946,0,#993366
27(2a),TRANSURANUS,83.526,4.3091,0,#993366
27(2a),TRANSURANUS,83.9202,4.6382,0,#993366
27(2a),TRANSURANUS,84.4382,5.0996,0,#993366
27(2a),TRANSURANUS,84.9338,5.5775,0,#993366
27(2a),TRANSURANUS,85.4046,6.0723,0,#993366
27(2a),TRANSURANUS,85.8524,6.582,0,#993366
27(2a),TRANSURANUS,86.279,7.1047,0,#993366
27(2a),TRANSURANUS,86.6859,7.6383,0,#993366
27(2a),TRANSURANUS,87.075,8.1809,0,#993366
27(2a),TRANSURANUS,87.4477,8.7308,0,#993366
27(2a),TRANSURANUS,87.8056,9.2858,0,#993366
27(2a),TRANSURANUS,88.1504,9.8442,0,#993366
27(2a),TRANSURANUS,88.4836,10.4041,0,#993366
27(2a),TRANSURANUS,88.8067,10.9635,0,#993366
27(2a),TRANSURANUS,89.1211,11.5205,0,#993366
27(2a),TRANSURANUS,89.4285,12.0734,0,#993366
27(2a),TRANSURANUS,89.7303,12.6201,0,#993366
27(2a),TRANSURANUS,90.028,13.1591,0,#993366
27(2a),TRANSURANUS,90.3302,13.707,0,#993366
27(2a),TRANSURANUS,90.6158,14.2575,0,#993366
27(2a),TRANSURANUS,90.8979,14.7956,0,#993366
27(2a),TRANSURANUS,91.0858,15.1651,0,#993366
27(2a),TRANSURANUS,91.2689,15.5365,0,#993366
27(2a),TRANSURANUS,91.4456,15.9089,0,#993366
27(2a),TRANSURANUS,91.6169,16.2824,0,#993366
27(2a),TRANSURANUS,91.7833,16.6568,0,#993366
27(2a),TRANSURANUS,91.9456,17.032,0,#993366
27(2a),TRANSURANUS,92.1041,17.4079,0,#993366
27(2a),TRANSURANUS,92.2596,17.7844,0,#993366
27(2a),TRANSURANUS,92.4127,18.1613,0,#993366
27(2a),TRANSURANUS,92.5639,18.5385,0,#993366
27(2a),TRANSURANUS,92.7138,18.916,0,#993366
27(2a),TRANSURANUS,92.863,19.2935,0,#993366
27(2a),TRANSURANUS,93.0121,19.6711,0,#993366
27(2a),TRANSURANUS,93.1616,20.0485,0,#993366
27(2a),TRANSURANUS,93.3123,20.4257,0,#993366
27(2a),TRANSURANUS,93.4646,20.8025,0,#993366
27(2a),TRANSURANUS,93.697,21.3517,0,#993366
27(2a),TRANSURANUS,93.934,21.9113,0,#993366
27(2a),TRANSURANUS,94.0727,22.2356,0,#993366
27(2a),TRANSURANUS,94.214,22.5572,0,#993366
27(2a),TRANSURANUS,94.3632,22.879,0,#993366
27(2a),TRANSURANUS,94.5156,23.2001,0,#993366
27(2a),TRANSURANUS,94.671,23.5206,0,#993366
27(2a),TRANSURANUS,94.8293,23.8406,0,#993366
27(2a),TRANSURANUS,94.9902,24.16,0,#993366
27(2a),TRANSURANUS,95.1536,24.4788,0,#993366
27(2a),TRANSURANUS,95.3192,24.7968,0,#993366
27(2a),TRANSURANUS,95.487,25.1145,0,#993366
27(2a),TRANSURANUS,95.6567,25.4317,0,#993366
27(2a),TRANSURANUS,95.828,25.7485,0,#993366
27(2a),TRANSURANUS,96.0008,26.0647,0,#993366
27(2a),TRANSURANUS,96.1748,26.3805,0,#993366
27(2a),TRANSURANUS,96.3498,26.6959,0,#993366
27(2a),TRANSURANUS,96.5256,27.0108,0,#993366
27(2a),TRANSURANUS,97.1764,28.1743,0,#993366
27(2a),TRANSURANUS,97.84,29.327,0,#993366
27(2a),TRANSURANUS,98.5169,30.4809,0,#993366
27(2a),TRANSURANUS,99.1686,31.6456,0,#993366
27(2a),TRANSURANUS,99.8317,32.82,0,#993366
27(2a),TRANSURANUS,99.8334,32.8241,0,#993366
27(2a),TRANSURANUS,99.8357,32.8279,0,#993366
27(2a),TRANSURANUS,99.8384,32.8314,0,#993366
27(2a),TRANSURANUS,99.8417,32.8346,0,#993366
27(2a),TRANSURANUS,99.8453,32.8376,0,#993366
27(2a),TRANSURANUS,99.8493,32.8402,0,#993366
27(2a),TRANSURANUS,99.8537,32.8425,0,#993366
27(2a),TRANSURANUS,99.8583,32.8445,0,#993366
27(2a),TRANSURANUS,99.8633,32.8462,0,#993366
27(2a),TRANSURANUS,99.8685,32.8475,0,#993366
27(2a),TRANSURANUS,99.8739,32.8485,0,#993366
27(2a),TRANSURANUS,99.8795,32.8492,0,#993366
27(2a),TRANSURANUS,99.8852,32.8494,0,#993366
27(2a),TRANSURANUS,99.891,32.8493,0,#993366
27(2a),TRANSURANUS,99.8969,32.8489,0,#993366
27(2a),TRANSURANUS,99.9028,32.848,0,#993366
27(2a),TRANSURANUS,99.9085,32.8458,0,#993366
27(2a),TRANSURANUS,99.9139,32.8433,0,#993366
27(2a),TRANSURANUS,99.9189,32.8407,0,#993366
27(2a),TRANSURANUS,99.9234,32.8378,0,#993366
27(2a),TRANSURANUS,99.9276,32.8348,0,#993366
27(2a),TRANSURANUS,99.9313,32.8316,0,#993366
27(2a),TRANSURANUS,99.9346,32.8283,0,#993366
27(2a),TRANSURANUS,99.9374,32.8249,0,#993366
27(2a),TRANSURANUS,99.9397,32.8215,0,#993366
27(2a),TU (PSI),-0.0619,0.0425,0,#ff6600
27(2a),TU (PSI),2.1043,-0.0359,0,#ff6600
27(2a),TU (PSI),5.0906,-0.0357,0,#ff6600
27(2a),TU (PSI),8.077,-0.0356,0,#ff6600
27(2a),TU (PSI),11.0634,-0.0353,0,#ff6600
27(2a),TU (PSI),14.0498,-0.035,0,#ff6600
27(2a),TU (PSI),17.0362,-0.0345,0,#ff6600
27(2a),TU (PSI),20.0226,-0.0339,0,#ff6600
27(2a),TU (PSI),23.009,-0.0331,0,#ff6600
27(2a),TU (PSI),25.9954,-0.0322,0,#ff6600
27(2a),TU (PSI),28.9818,-0.0309,0,#ff6600
27(2a),TU (PSI),31.9682,-0.0295,0,#ff6600
27(2a),TU (PSI),34.9545,-0.0277,0,#ff6600
27(2a),TU (PSI),37.9409,-0.0256,0,#ff6600
27(2a),TU (PSI),40.9273,-0.0232,0,#ff6600
27(2a),TU (PSI),43.9136,-0.0204,0,#ff6600
27(2a),TU (PSI),46.8999,-0.0172,0,#ff6600
27(2a),TU (PSI),49.8863,-0.0136,0,#ff6600
27(2a),TU (PSI),50.8665,-0.0079,0,#ff6600
27(2a),TU (PSI),52.3322,-0.0073,0,#ff6600
27(2a),TU (PSI),53.7983,0.0077,0,#ff6600
27(2a),TU (PSI),55.263,0.0398,0,#ff6600
27(2a),TU (PSI),56.7259,0.089,0,#ff6600
27(2a),TU (PSI),58.187,0.1553,0,#ff6600
27(2a),TU (PSI),59.6458,0.2387,0,#ff6600
27(2a),TU (PSI),61.1021,0.3392,0,#ff6600
27(2a),TU (PSI),62.5557,0.4571,0,#ff6600
27(2a),TU (PSI),64.0063,0.5922,0,#ff6600
27(2a),TU (PSI),65.4537,0.7446,0,#ff6600
27(2a),TU (PSI),66.8977,0.9145,0,#ff6600
27(2a),TU (PSI),68.3379,1.1018,0,#ff6600
27(2a),TU (PSI),69.7743,1.3067,0,#ff6600
27(2a),TU (PSI),71.2065,1.5292,0,#ff6600
27(2a),TU (PSI),72.6344,1.7694,0,#ff6600
27(2a),TU (PSI),74.0576,2.0274,0,#ff6600
27(2a),TU (PSI),74.2625,2.0628,0,#ff6600
27(2a),TU (PSI),74.4379,2.0967,0,#ff6600
27(2a),TU (PSI),74.6254,2.1299,0,#ff6600
27(2a),TU (PSI),74.7799,2.1576,0,#ff6600
27(2a),TU (PSI),74.9464,2.1867,0,#ff6600
27(2a),TU (PSI),75.232,2.2337,0,#ff6600
27(2a),TU (PSI),75.5177,2.2863,0,#ff6600
27(2a),TU (PSI),75.7992,2.3411,0,#ff6600
27(2a),TU (PSI),76.0769,2.3982,0,#ff6600
27(2a),TU (PSI),76.3514,2.4573,0,#ff6600
27(2a),TU (PSI),76.6233,2.5183,0,#ff6600
27(2a),TU (PSI),76.893,2.5812,0,#ff6600
27(2a),TU (PSI),77.1612,2.6458,0,#ff6600
27(2a),TU (PSI),77.4284,2.712,0,#ff6600
27(2a),TU (PSI),77.6952,2.7796,0,#ff6600
27(2a),TU (PSI),77.9621,2.8485,0,#ff6600
27(2a),TU (PSI),78.2297,2.9187,0,#ff6600
27(2a),TU (PSI),78.4984,2.9899,0,#ff6600
27(2a),TU (PSI),78.7689,3.0621,0,#ff6600
27(2a),TU (PSI),79.0417,3.1351,0,#ff6600
27(2a),TU (PSI),79.3174,3.2089,0,#ff6600
27(2a),TU (PSI),79.5256,3.2712,0,#ff6600
27(2a),TU (PSI),79.9691,3.3946,0,#ff6600
27(2a),TU (PSI),80.4995,3.5462,0,#ff6600
27(2a),TU (PSI),81.0328,3.6961,0,#ff6600
27(2a),TU (PSI),81.5675,3.8469,0,#ff6600
27(2a),TU (PSI),82.1031,3.9989,0,#ff6600
27(2a),TU (PSI),82.6392,4.1523,0,#ff6600
27(2a),TU (PSI),83.1753,4.3075,0,#ff6600
27(2a),TU (PSI),83.7108,4.4648,0,#ff6600
27(2a),TU (PSI),84.2453,4.6244,0,#ff6600
27(2a),TU (PSI),84.7782,4.7866,0,#ff6600
27(2a),TU (PSI),85.309,4.9518,0,#ff6600
27(2a),TU (PSI),85.8373,5.1201,0,#ff6600
27(2a),TU (PSI),86.3625,5.2919,0,#ff6600
27(2a),TU (PSI),86.8843,5.4674,0,#ff6600
27(2a),TU (PSI),87.402,5.6469,0,#ff6600
27(2a),TU (PSI),87.9152,5.8307,0,#ff6600
27(2a),TU (PSI),88.4235,6.0189,0,#ff6600
27(2a),TU (PSI),88.6295,6.0967,0,#ff6600
27(2a),TU (PSI),88.8216,6.1789,0,#ff6600
27(2a),TU (PSI),88.9876,6.2349,0,#ff6600
27(2a),TU (PSI),89.7205,6.5079,0,#ff6600
27(2a),TU (PSI),90.4471,6.7876,0,#ff6600
27(2a),TU (PSI),91.1694,7.073,0,#ff6600
27(2a),TU (PSI),91.8878,7.3635,0,#ff6600
27(2a),TU (PSI),92.6026,7.6586,0,#ff6600
27(2a),TU (PSI),93.3142,7.9577,0,#ff6600
27(2a),TU (PSI),94.023,8.2603,0,#ff6600
27(2a),TU (PSI),94.7294,8.5659,0,#ff6600
27(2a),TU (PSI),95.4336,8.8739,0,#ff6600
27(2a),TU (PSI),96.1361,9.1838,0,#ff6600
27(2a),TU (PSI),96.8372,9.495,0,#ff6600
27(2a),TU (PSI),97.5372,9.807,0,#ff6600
27(2a),TU (PSI),98.2366,10.1194,0,#ff6600
27(2a),TU (PSI),98.9356,10.4315,0,#ff6600
27(2a),TU (PSI),99.6346,10.7428,0,#ff6600
27(2a),TU (PSI),100.0819,10.9411,0,#ff6600
27(2a),COPERNIC,-0.0619,0.0425,0,#000080
27(2a),COPERNIC,4.4615,-0.0023,0,#000080
27(2a),COPERNIC,7.1586,0.0198,0,#000080
27(2a),COPERNIC,9.8564,0.0394,0,#000080
27(2a),COPERNIC,12.5549,0.0569,0,#000080
27(2a),COPERNIC,15.2538,0.0729,0,#000080
27(2a),COPERNIC,17.9532,0.0881,0,#000080
27(2a),COPERNIC,20.6528,0.1028,0,#000080
27(2a),COPERNIC,23.3527,0.1177,0,#000080
27(2a),COPERNIC,26.0526,0.1334,0,#000080
27(2a),COPERNIC,28.7526,0.1503,0,#000080
27(2a),COPERNIC,31.4524,0.1691,0,#000080
27(2a),COPERNIC,34.1521,0.1902,0,#000080
27(2a),COPERNIC,36.8514,0.2142,0,#000080
27(2a),COPERNIC,39.5503,0.2417,0,#000080
27(2a),COPERNIC,42.2486,0.2732,0,#000080
27(2a),COPERNIC,44.9463,0.3092,0,#000080
27(2a),COPERNIC,47.6433,0.3504,0,#000080
27(2a),COPERNIC,48.1187,0.3615,0,#000080
27(2a),COPERNIC,48.5776,0.3783,0,#000080
27(2a),COPERNIC,49.1258,0.3938,0,#000080
27(2a),COPERNIC,49.6694,0.4155,0,#000080
27(2a),COPERNIC,50.2118,0.4393,0,#000080
27(2a),COPERNIC,50.7533,0.4653,0,#000080
27(2a),COPERNIC,51.2939,0.4935,0,#000080
27(2a),COPERNIC,51.8334,0.524,0,#000080
27(2a),COPERNIC,52.3728,0.5569,0,#000080
27(2a),COPERNIC,52.9117,0.5921,0,#000080
27(2a),COPERNIC,53.4497,0.6296,0,#000080
27(2a),COPERNIC,53.9881,0.6697,0,#000080
27(2a),COPERNIC,54.5248,0.7094,0,#000080
27(2a),COPERNIC,55.0634,0.7509,0,#000080
27(2a),COPERNIC,55.6013,0.7938,0,#000080
27(2a),COPERNIC,56.1391,0.8366,0,#000080
27(2a),COPERNIC,56.6776,0.878,0,#000080
27(2a),COPERNIC,57.2226,0.9215,0,#000080
27(2a),COPERNIC,57.2543,0.9271,0,#000080
27(2a),COPERNIC,57.357,0.9327,0,#000080
27(2a),COPERNIC,57.3649,0.9383,0,#000080
27(2a),COPERNIC,57.4642,0.9387,0,#000080
27(2a),COPERNIC,57.5623,0.9396,0,#000080
27(2a),COPERNIC,57.6604,0.9408,0,#000080
27(2a),COPERNIC,57.7604,0.9425,0,#000080
27(2a),COPERNIC,57.8586,0.9448,0,#000080
27(2a),COPERNIC,57.9568,0.9472,0,#000080
27(2a),COPERNIC,58.057,0.9502,0,#000080
27(2a),COPERNIC,58.1552,0.9536,0,#000080
27(2a),COPERNIC,58.2532,0.957,0,#000080
27(2a),COPERNIC,58.3535,0.961,0,#000080
27(2a),COPERNIC,58.4513,0.9652,0,#000080
27(2a),COPERNIC,58.5489,0.9694,0,#000080
27(2a),COPERNIC,58.6487,0.9742,0,#000080
27(2a),COPERNIC,58.7459,0.9789,0,#000080
27(2a),COPERNIC,58.8452,0.9837,0,#000080
27(2a),COPERNIC,58.9417,0.9888,0,#000080
27(2a),COPERNIC,59.1657,1.0096,0,#000080
27(2a),COPERNIC,59.289,1.0199,0,#000080
27(2a),COPERNIC,59.4151,1.0324,0,#000080
27(2a),COPERNIC,59.5396,1.0462,0,#000080
27(2a),COPERNIC,59.6666,1.062,0,#000080
27(2a),COPERNIC,59.7919,1.0787,0,#000080
27(2a),COPERNIC,59.9193,1.0971,0,#000080
27(2a),COPERNIC,60.0466,1.1162,0,#000080
27(2a),COPERNIC,60.1723,1.1362,0,#000080
27(2a),COPERNIC,60.2993,1.1567,0,#000080
27(2a),COPERNIC,60.4248,1.1776,0,#000080
27(2a),COPERNIC,60.551,1.1987,0,#000080
27(2a),COPERNIC,60.6758,1.2198,0,#000080
27(2a),COPERNIC,60.8001,1.2405,0,#000080
27(2a),COPERNIC,60.9245,1.261,0,#000080
27(2a),COPERNIC,61.0474,1.2807,0,#000080
27(2a),COPERNIC,61.1697,1.2997,0,#000080
27(2a),COPERNIC,61.7069,1.3908,0,#000080
27(2a),COPERNIC,62.2241,1.4643,0,#000080
27(2a),COPERNIC,63.1365,1.5821,0,#000080
27(2a),COPERNIC,64.0469,1.7083,0,#000080
27(2a),COPERNIC,64.9536,1.8442,0,#000080
27(2a),COPERNIC,65.8564,1.9898,0,#000080
27(2a),COPERNIC,66.7552,2.145,0,#000080
27(2a),COPERNIC,67.65,2.3099,0,#000080
27(2a),COPERNIC,68.5407,2.4845,0,#000080
27(2a),COPERNIC,69.4271,2.669,0,#000080
27(2a),COPERNIC,70.3092,2.8633,0,#000080
27(2a),COPERNIC,71.1868,3.0675,0,#000080
27(2a),COPERNIC,72.0598,3.2818,0,#000080
27(2a),COPERNIC,72.9281,3.5061,0,#000080
27(2a),COPERNIC,73.7916,3.7407,0,#000080
27(2a),COPERNIC,74.65,3.9856,0,#000080
27(2a),COPERNIC,75.5034,4.241,0,#000080
27(2a),COPERNIC,76.3513,4.507,0,#000080
27(2a),COPERNIC,76.4018,4.5328,0,#000080
27(2a),COPERNIC,76.4208,4.5396,0,#000080
27(2a),COPERNIC,76.4967,4.5664,0,#000080
27(2a),COPERNIC,76.4968,4.5664,0,#000080
27(2a),COPERNIC,76.497,4.5664,0,#000080
27(2a),COPERNIC,76.4974,4.5665,0,#000080
27(2a),COPERNIC,76.4979,4.5665,0,#000080
27(2a),COPERNIC,76.4985,4.5666,0,#000080
27(2a),COPERNIC,76.4992,4.5667,0,#000080
27(2a),COPERNIC,76.4999,4.5669,0,#000080
27(2a),COPERNIC,76.5006,4.5671,0,#000080
27(2a),COPERNIC,76.5014,4.5674,0,#000080
27(2a),COPERNIC,76.5021,4.5678,0,#000080
27(2a),COPERNIC,76.5027,4.5683,0,#000080
27(2a),COPERNIC,76.5033,4.5688,0,#000080
27(2a),COPERNIC,76.5039,4.5694,0,#000080
27(2a),COPERNIC,76.5042,4.5702,0,#000080
27(2a),COPERNIC,76.5045,4.571,0,#000080
27(2a),COPERNIC,76.5046,4.572,0,#000080
27(2a),COPERNIC,76.5995,4.5888,0,#000080
27(2a),COPERNIC,76.6785,4.5944,0,#000080
27(2a),COPERNIC,76.7758,4.6033,0,#000080
27(2a),COPERNIC,76.8905,4.6124,0,#000080
27(2a),COPERNIC,77.0137,4.6211,0,#000080
27(2a),COPERNIC,77.1436,4.6298,0,#000080
27(2a),COPERNIC,77.2787,4.6389,0,#000080
27(2a),COPERNIC,77.4175,4.6486,0,#000080
27(2a),COPERNIC,77.5587,4.6592,0,#000080
27(2a),COPERNIC,77.7008,4.6711,0,#000080
27(2a),COPERNIC,77.8426,4.6845,0,#000080
27(2a),COPERNIC,77.9828,4.6999,0,#000080
27(2a),COPERNIC,78.1166,4.717,0,#000080
27(2a),COPERNIC,78.2489,4.7372,0,#000080
27(2a),COPERNIC,78.3759,4.7604,0,#000080
27(2a),COPERNIC,78.4964,4.7872,0,#000080
27(2a),COPERNIC,78.6096,4.8184,0,#000080
27(2a),COPERNIC,78.7142,4.8553,0,#000080
27(2a),COPERNIC,78.804,4.8962,0,#000080
27(2a),COPERNIC,78.9019,4.9497,0,#000080
27(2a),COPERNIC,79.0126,5.0057,0,#000080
27(2a),COPERNIC,79.0845,5.0465,0,#000080
27(2a),COPERNIC,79.148,5.0836,0,#000080
27(2a),COPERNIC,79.2117,5.1216,0,#000080
27(2a),COPERNIC,79.2756,5.1603,0,#000080
27(2a),COPERNIC,79.3394,5.1992,0,#000080
27(2a),COPERNIC,79.4036,5.2388,0,#000080
27(2a),COPERNIC,79.4679,5.2788,0,#000080
27(2a),COPERNIC,79.5321,5.3188,0,#000080
27(2a),COPERNIC,79.5962,5.3586,0,#000080
27(2a),COPERNIC,79.6606,5.3985,0,#000080
27(2a),COPERNIC,79.7249,5.4383,0,#000080
27(2a),COPERNIC,79.7885,5.4772,0,#000080
27(2a),COPERNIC,79.8528,5.516,0,#000080
27(2a),COPERNIC,79.9169,5.5541,0,#000080
27(2a),COPERNIC,79.9808,5.5915,0,#000080
27(2a),COPERNIC,80.0437,5.6275,0,#000080
27(2a),COPERNIC,80.3156,5.7913,0,#000080
27(2a),COPERNIC,80.6017,5.9562,0,#000080
27(2a),COPERNIC,80.7133,6.0186,0,#000080
27(2a),COPERNIC,80.8252,6.0794,0,#000080
27(2a),COPERNIC,80.9346,6.1371,0,#000080
27(2a),COPERNIC,81.0449,6.1936,0,#000080
27(2a),COPERNIC,81.1532,6.2477,0,#000080
27(2a),COPERNIC,81.263,6.3011,0,#000080
27(2a),COPERNIC,81.3713,6.3526,0,#000080
27(2a),COPERNIC,81.4816,6.4039,0,#000080
27(2a),COPERNIC,81.5907,6.454,0,#000080
27(2a),COPERNIC,81.7025,6.5043,0,#000080
27(2a),COPERNIC,81.8151,6.5547,0,#000080
27(2a),COPERNIC,81.9278,6.6042,0,#000080
27(2a),COPERNIC,82.0433,6.6551,0,#000080
27(2a),COPERNIC,82.1595,6.7058,0,#000080
27(2a),COPERNIC,82.2789,6.758,0,#000080
27(2a),COPERNIC,82.3993,6.8108,0,#000080
27(2a),COPERNIC,82.6667,6.9227,0,#000080
27(2a),COPERNIC,82.9222,7.0316,0,#000080
27(2a),COPERNIC,83.9563,7.5008,0,#000080
27(2a),COPERNIC,84.4771,7.739,0,#000080
27(2a),COPERNIC,84.9876,7.9783,0,#000080
27(2a),COPERNIC,86.0156,8.4764,0,#000080
27(2a),COPERNIC,86.1767,8.5543,0,#000080
27(2a),COPERNIC,86.3381,8.6326,0,#000080
27(2a),COPERNIC,86.5,8.7114,0,#000080
27(2a),COPERNIC,86.663,8.792,0,#000080
27(2a),COPERNIC,86.8243,8.8721,0,#000080
27(2a),COPERNIC,86.9863,8.9522,0,#000080
27(2a),COPERNIC,87.1487,9.0325,0,#000080
27(2a),COPERNIC,87.3113,9.113,0,#000080
27(2a),COPERNIC,87.4739,9.1937,0,#000080
27(2a),COPERNIC,87.6363,9.2746,0,#000080
27(2a),COPERNIC,87.7983,9.3557,0,#000080
27(2a),COPERNIC,87.9597,9.4372,0,#000080
27(2a),COPERNIC,88.1204,9.519,0,#000080
27(2a),COPERNIC,88.2802,9.6011,0,#000080
27(2a),COPERNIC,88.4387,9.6836,0,#000080
27(2a),COPERNIC,88.596,9.7665,0,#000080
27(2a),COPERNIC,88.8667,9.9136,0,#000080
27(2a),COPERNIC,89.1214,10.0596,0,#000080
27(2a),COPERNIC,89.2562,10.1424,0,#000080
27(2a),COPERNIC,89.3877,10.2243,0,#000080
27(2a),COPERNIC,89.5189,10.307,0,#000080
27(2a),COPERNIC,89.6495,10.39,0,#000080
27(2a),COPERNIC,89.7807,10.4764,0,#000080
27(2a),COPERNIC,89.909,10.5618,0,#000080
27(2a),COPERNIC,90.0369,10.6476,0,#000080
27(2a),COPERNIC,90.1645,10.7335,0,#000080
27(2a),COPERNIC,90.2919,10.8195,0,#000080
27(2a),COPERNIC,90.419,10.9055,0,#000080
27(2a),COPERNIC,90.5461,10.9913,0,#000080
27(2a),COPERNIC,90.6732,11.077,0,#000080
27(2a),COPERNIC,90.8004,11.1624,0,#000080
27(2a),COPERNIC,90.9278,11.2473,0,#000080
27(2a),COPERNIC,91.0554,11.3318,0,#000080
27(2a),COPERNIC,91.1834,11.4156,0,#000080
27(2a),COPERNIC,91.7015,11.7407,0,#000080
27(2a),COPERNIC,92.222,12.0536,0,#000080
27(2a),COPERNIC,92.7313,12.3644,0,#000080
27(2a),COPERNIC,93.2511,12.6814,0,#000080
27(2a),COPERNIC,93.3386,12.7328,0,#000080
27(2a),COPERNIC,93.4371,12.7919,0,#000080
27(2a),COPERNIC,93.5264,12.8487,0,#000080
27(2a),COPERNIC,93.6154,12.9055,0,#000080
27(2a),COPERNIC,93.7041,12.9625,0,#000080
27(2a),COPERNIC,93.7926,13.0194,0,#000080
27(2a),COPERNIC,93.8809,13.0764,0,#000080
27(2a),COPERNIC,93.9691,13.1334,0,#000080
27(2a),COPERNIC,94.0572,13.1903,0,#000080
27(2a),COPERNIC,94.1453,13.2471,0,#000080
27(2a),COPERNIC,94.2334,13.3039,0,#000080
27(2a),COPERNIC,94.3217,13.3606,0,#000080
27(2a),COPERNIC,94.4101,13.4172,0,#000080
27(2a),COPERNIC,94.4987,13.4736,0,#000080
27(2a),COPERNIC,94.5876,13.5298,0,#000080
27(2a),COPERNIC,94.6769,13.5858,0,#000080
27(2a),COPERNIC,94.9327,13.7543,0,#000080
27(2a),COPERNIC,94.9519,13.7674,0,#000080
27(2a),COPERNIC,94.9872,13.7888,0,#000080
27(2a),COPERNIC,95.0224,13.8097,0,#000080
27(2a),COPERNIC,95.0739,13.842,0,#000080
27(2a),COPERNIC,95.1033,13.8623,0,#000080
27(2a),COPERNIC,95.1337,13.8825,0,#000080
27(2a),COPERNIC,95.1647,13.9027,0,#000080
27(2a),COPERNIC,95.1966,13.923,0,#000080
27(2a),COPERNIC,95.2291,13.9435,0,#000080
27(2a),COPERNIC,95.2623,13.9644,0,#000080
27(2a),COPERNIC,95.2965,13.9862,0,#000080
27(2a),COPERNIC,95.3313,14.0087,0,#000080
27(2a),COPERNIC,95.3665,14.0322,0,#000080
27(2a),COPERNIC,95.4041,14.0588,0,#000080
27(2a),COPERNIC,95.4427,14.0883,0,#000080
27(2a),COPERNIC,95.4778,14.1178,0,#000080
27(2a),COPERNIC,95.494,14.135,0,#000080
27(2a),COPERNIC,95.581,14.2022,0,#000080
27(2a),COPERNIC,95.6047,14.2134,0,#000080
27(2a),COPERNIC,95.6126,14.219,0,#000080
27(2a),COPERNIC,95.6125,14.2189,0,#000080
27(2a),COPERNIC,95.6123,14.2187,0,#000080
27(2a),COPERNIC,95.6119,14.2185,0,#000080
27(2a),COPERNIC,95.6115,14.2182,0,#000080
27(2a),COPERNIC,95.611,14.2178,0,#000080
27(2a),COPERNIC,95.6105,14.2175,0,#000080
27(2a),COPERNIC,95.61,14.2172,0,#000080
27(2a),COPERNIC,95.6096,14.2169,0,#000080
27(2a),COPERNIC,95.6093,14.2166,0,#000080
27(2a),COPERNIC,95.6091,14.2165,0,#000080
27(2a),COPERNIC,95.6091,14.2165,0,#000080
27(2a),COPERNIC,95.6093,14.2166,0,#000080
27(2a),COPERNIC,95.6097,14.2169,0,#000080
27(2a),COPERNIC,95.6103,14.2174,0,#000080
27(2a),COPERNIC,95.6113,14.218,0,#000080
27(2a),COPERNIC,95.6126,14.219,0,#000080
27(2a),COPERNIC,95.6308,14.2251,0,#000080
27(2a),COPERNIC,95.6871,14.2365,0,#000080
27(2a),COPERNIC,95.7618,14.2483,0,#000080
27(2a),COPERNIC,95.83,14.26,0,#000080
27(2a),COPERNIC,95.8949,14.2707,0,#000080
27(2a),COPERNIC,95.9621,14.2811,0,#000080
27(2a),COPERNIC,96.0291,14.2912,0,#000080
27(2a),COPERNIC,96.092,14.2996,0,#000080
27(2a),COPERNIC,96.1588,14.3082,0,#000080
27(2a),COPERNIC,96.218,14.3157,0,#000080
27(2a),COPERNIC,96.2846,14.3221,0,#000080
27(2a),COPERNIC,96.3522,14.3284,0,#000080
27(2a),COPERNIC,96.4288,14.337,0,#000080
27(2a),COPERNIC,96.4971,14.3451,0,#000080
27(2a),COPERNIC,96.5679,14.3536,0,#000080
27(2a),COPERNIC,96.6375,14.3622,0,#000080
27(2a),COPERNIC,96.7081,14.3708,0,#000080
27(2a),COPERNIC,96.9012,14.4373,0,#000080
27(2a),COPERNIC,96.9071,14.4381,0,#000080
27(2a),COPERNIC,96.913,14.4384,0,#000080
27(2a),COPERNIC,96.9189,14.4383,0,#000080
27(2a),COPERNIC,96.9246,14.4377,0,#000080
27(2a),COPERNIC,96.9301,14.4367,0,#000080
27(2a),COPERNIC,96.9356,14.4354,0,#000080
27(2a),COPERNIC,96.9407,14.4337,0,#000080
27(2a),COPERNIC,96.9457,14.4317,0,#000080
27(2a),COPERNIC,96.9504,14.4295,0,#000080
27(2a),COPERNIC,96.9547,14.427,0,#000080
27(2a),COPERNIC,96.9587,14.4244,0,#000080
27(2a),COPERNIC,96.9624,14.4216,0,#000080
27(2a),COPERNIC,96.9656,14.4186,0,#000080
27(2a),COPERNIC,96.9683,14.4156,0,#000080
27(2a),COPERNIC,96.9706,14.4125,0,#000080
27(2a),COPERNIC,96.9724,14.4093,0,#000080
27(2a),ENIGMA-B,-0.0619,0.0425,0,#808080
27(2a),ENIGMA-B,1.4255,-0.0079,0,#808080
27(2a),ENIGMA-B,4.5142,0.0179,0,#808080
27(2a),ENIGMA-B,7.6034,0.04,0,#808080
27(2a),ENIGMA-B,10.693,0.0589,0,#808080
27(2a),ENIGMA-B,13.7832,0.0751,0,#808080
27(2a),ENIGMA-B,16.8735,0.0894,0,#808080
27(2a),ENIGMA-B,19.9641,0.1021,0,#808080
27(2a),ENIGMA-B,23.0549,0.1138,0,#808080
27(2a),ENIGMA-B,26.1458,0.1252,0,#808080
27(2a),ENIGMA-B,29.2368,0.1366,0,#808080
27(2a),ENIGMA-B,32.3276,0.1488,0,#808080
27(2a),ENIGMA-B,35.4184,0.1621,0,#808080
27(2a),ENIGMA-B,38.509,0.1773,0,#808080
27(2a),ENIGMA-B,41.5993,0.1947,0,#808080
27(2a),ENIGMA-B,44.6893,0.215,0,#808080
27(2a),ENIGMA-B,47.7789,0.2388,0,#808080
27(2a),ENIGMA-B,50.8665,0.2665,0,#808080
27(2a),ENIGMA-B,51.2803,0.2665,0,#808080
27(2a),ENIGMA-B,52.8957,0.293,0,#808080
27(2a),ENIGMA-B,54.5194,0.3169,0,#808080
27(2a),ENIGMA-B,56.15,0.3395,0,#808080
27(2a),ENIGMA-B,57.7861,0.3626,0,#808080
27(2a),ENIGMA-B,59.4266,0.3876,0,#808080
27(2a),ENIGMA-B,61.0703,0.416,0,#808080
27(2a),ENIGMA-B,62.7157,0.4493,0,#808080
27(2a),ENIGMA-B,64.3617,0.4891,0,#808080
27(2a),ENIGMA-B,66.007,0.5369,0,#808080
27(2a),ENIGMA-B,67.6503,0.5942,0,#808080
27(2a),ENIGMA-B,69.2903,0.6625,0,#808080
27(2a),ENIGMA-B,70.9257,0.7433,0,#808080
27(2a),ENIGMA-B,72.5552,0.8383,0,#808080
27(2a),ENIGMA-B,74.1776,0.9488,0,#808080
27(2a),ENIGMA-B,75.7915,1.0765,0,#808080
27(2a),ENIGMA-B,77.3957,1.2229,0,#808080
27(2a),ENIGMA-B,77.6048,1.2512,0,#808080
27(2a),ENIGMA-B,77.825,1.2735,0,#808080
27(2a),ENIGMA-B,79.2468,1.4364,0,#808080
27(2a),ENIGMA-B,80.661,1.6284,0,#808080
27(2a),ENIGMA-B,82.066,1.8483,0,#808080
27(2a),ENIGMA-B,83.4616,2.0954,0,#808080
27(2a),ENIGMA-B,84.8473,2.3684,0,#808080
27(2a),ENIGMA-B,86.2227,2.6666,0,#808080
27(2a),ENIGMA-B,87.5876,2.989,0,#808080
27(2a),ENIGMA-B,88.9416,3.3344,0,#808080
27(2a),ENIGMA-B,90.2842,3.702,0,#808080
27(2a),ENIGMA-B,91.6152,4.0909,0,#808080
27(2a),ENIGMA-B,92.9341,4.4999,0,#808080
27(2a),ENIGMA-B,94.2407,4.9282,0,#808080
27(2a),ENIGMA-B,95.5346,5.3747,0,#808080
27(2a),ENIGMA-B,96.8153,5.8385,0,#808080
27(2a),ENIGMA-B,98.0827,6.3186,0,#808080
27(2a),ENIGMA-B,99.3362,6.8141,0,#808080
27(2a),ENIGMA-B,99.5279,6.8931,0,#808080
27(2a),ENIGMA-B,99.7323,6.9765,0,#808080
27(2a),ENIGMA-B,99.9688,7.0971,0,#808080
27(2a),ENIGMA-B,99.9735,7.099,0,#808080
27(2a),ENIGMA-B,99.9784,7.1005,0,#808080
27(2a),ENIGMA-B,99.9836,7.1016,0,#808080
27(2a),ENIGMA-B,99.989,7.1023,0,#808080
27(2a),ENIGMA-B,99.9945,7.1026,0,#808080
27(2a),ENIGMA-B,100.0001,7.1026,0,#808080
27(2a),ENIGMA-B,100.0057,7.1021,0,#808080
27(2a),ENIGMA-B,100.0113,7.1013,0,#808080
27(2a),ENIGMA-B,100.0168,7.1,0,#808080
27(2a),ENIGMA-B,100.0222,7.0984,0,#808080
27(2a),ENIGMA-B,100.0273,7.0963,0,#808080
27(2a),ENIGMA-B,100.0322,7.0939,0,#808080
27(2a),ENIGMA-B,100.0368,7.0911,0,#808080
27(2a),ENIGMA-B,100.0409,7.0879,0,#808080
27(2a),ENIGMA-B,100.0447,7.0843,0,#808080
27(2a),ENIGMA-B,100.0479,7.0803,0,#808080
27(2a),ENIGMA-B,100.0506,7.0771,0,#808080
27(2a),ENIGMA-B,100.0527,7.0737,0,#808080
27(2a),ENIGMA-B,100.0543,7.0703,0,#808080
27(2a),ENIGMA-B,100.0554,7.0669,0,#808080
27(2a),ENIGMA-B,100.056,7.0634,0,#808080
27(2a),PROFESS,35.6876,0.0089,0,#3366ff
27(2a),PROFESS,35.7113,0.0257,0,#3366ff
27(2a),PROFESS,35.7192,0.0369,0,#3366ff
27(2a),PROFESS,35.735,0.0481,0,#3366ff
27(2a),PROFESS,35.7351,0.0482,0,#3366ff
27(2a),PROFESS,35.7354,0.0484,0,#3366ff
27(2a),PROFESS,35.7358,0.0486,0,#3366ff
27(2a),PROFESS,35.7364,0.049,0,#3366ff
27(2a),PROFESS,35.7371,0.0494,0,#3366ff
27(2a),PROFESS,35.7379,0.0499,0,#3366ff
27(2a),PROFESS,35.7389,0.0504,0,#3366ff
27(2a),PROFESS,35.74,0.0509,0,#3366ff
27(2a),PROFESS,35.7411,0.0514,0,#3366ff
27(2a),PROFESS,35.7423,0.0519,0,#3366ff
27(2a),PROFESS,35.7437,0.0524,0,#3366ff
27(2a),PROFESS,35.745,0.0528,0,#3366ff
27(2a),PROFESS,35.7464,0.0532,0,#3366ff
27(2a),PROFESS,35.7479,0.0535,0,#3366ff
27(2a),PROFESS,35.7493,0.0536,0,#3366ff
27(2a),PROFESS,35.7508,0.0537,0,#3366ff
27(2a),PROFESS,35.7587,0.0593,0,#3366ff
27(2a),PROFESS,35.7602,0.0593,0,#3366ff
27(2a),PROFESS,35.7617,0.0593,0,#3366ff
27(2a),PROFESS,35.7632,0.0593,0,#3366ff
27(2a),PROFESS,35.8595,0.0369,0,#3366ff
27(2a),PROFESS,35.861,0.0369,0,#3366ff
27(2a),PROFESS,35.8625,0.0369,0,#3366ff
27(2a),PROFESS,35.864,0.0369,0,#3366ff
27(2a),PROFESS,35.8655,0.0369,0,#3366ff
27(2a),PROFESS,35.8669,0.0369,0,#3366ff
27(2a),PROFESS,35.8684,0.0369,0,#3366ff
27(2a),PROFESS,35.9015,0.0425,0,#3366ff
27(2a),PROFESS,35.903,0.0425,0,#3366ff
27(2a),PROFESS,35.9045,0.0425,0,#3366ff
27(2a),PROFESS,35.906,0.0425,0,#3366ff
27(2a),PROFESS,35.9075,0.0425,0,#3366ff
27(2a),PROFESS,35.9089,0.0425,0,#3366ff
27(2a),PROFESS,35.9168,0.0425,0,#3366ff
27(2a),PROFESS,35.9247,0.0425,0,#3366ff
27(2a),PROFESS,35.9247,0.0425,0,#3366ff
27(2a),PROFESS,35.9247,0.0425,0,#3366ff
27(2a),PROFESS,35.9247,0.0425,0,#3366ff
27(2a),PROFESS,35.9247,0.0425,0,#3366ff
27(2a),PROFESS,35.9247,0.0425,0,#3366ff
27(2a),PROFESS,35.9247,0.0425,0,#3366ff
27(2a),PROFESS,35.9247,0.0425,0,#3366ff
27(2a),PROFESS,35.9247,0.0425,0,#3366ff
27(2a),PROFESS,35.9247,0.0425,0,#3366ff
27(2a),PROFESS,35.9247,0.0425,0,#3366ff
27(2a),PROFESS,35.9247,0.0425,0,#3366ff
27(2a),PROFESS,35.9247,0.0425,0,#3366ff
27(2a),PROFESS,35.9247,0.0425,0,#3366ff
27(2a),PROFESS,35.9247,0.0425,0,#3366ff
27(2a),PROFESS,35.9247,0.0425,0,#3366ff
27(2a),PROFESS,35.9247,0.0425,0,#3366ff
27(2a),PROFESS,35.9564,0.0425,0,#3366ff
27(2a),PROFESS,35.9327,0.0425,0,#3366ff
27(2a),PROFESS,36.0117,0.0425,0,#3366ff
27(2a),PROFESS,36.2949,0.0341,0,#3366ff
27(2a),PROFESS,36.521,0.0364,0,#3366ff
27(2a),PROFESS,36.7473,0.0385,0,#3366ff
27(2a),PROFESS,36.9736,0.0406,0,#3366ff
27(2a),PROFESS,37.2001,0.0426,0,#3366ff
27(2a),PROFESS,37.4265,0.0445,0,#3366ff
27(2a),PROFESS,37.653,0.0464,0,#3366ff
27(2a),PROFESS,37.8796,0.0483,0,#3366ff
27(2a),PROFESS,38.106,0.0501,0,#3366ff
27(2a),PROFESS,38.3325,0.0521,0,#3366ff
27(2a),PROFESS,38.5588,0.054,0,#3366ff
27(2a),PROFESS,38.7852,0.0561,0,#3366ff
27(2a),PROFESS,39.0113,0.0583,0,#3366ff
27(2a),PROFESS,39.2374,0.0605,0,#3366ff
27(2a),PROFESS,39.4633,0.063,0,#3366ff
27(2a),PROFESS,39.6891,0.0656,0,#3366ff
27(2a),PROFESS,39.8314,0.0661,0,#3366ff
27(2a),PROFESS,40.0576,0.0673,0,#3366ff
27(2a),PROFESS,40.2839,0.0688,0,#3366ff
27(2a),PROFESS,40.5101,0.0704,0,#3366ff
27(2a),PROFESS,40.7363,0.0722,0,#3366ff
27(2a),PROFESS,40.9626,0.0741,0,#3366ff
27(2a),PROFESS,41.1889,0.0761,0,#3366ff
27(2a),PROFESS,41.4151,0.0782,0,#3366ff
27(2a),PROFESS,41.6414,0.0803,0,#3366ff
27(2a),PROFESS,41.8677,0.0823,0,#3366ff
27(2a),PROFESS,42.094,0.0843,0,#3366ff
27(2a),PROFESS,42.3204,0.0861,0,#3366ff
27(2a),PROFESS,42.5467,0.0879,0,#3366ff
27(2a),PROFESS,42.7731,0.0894,0,#3366ff
27(2a),PROFESS,42.9995,0.0908,0,#3366ff
27(2a),PROFESS,43.2259,0.0918,0,#3366ff
27(2a),PROFESS,43.4523,0.0926,0,#3366ff
27(2a),PROFESS,43.617,0.1713,0,#3366ff
27(2a),PROFESS,43.6565,0.1713,0,#3366ff
27(2a),PROFESS,43.6566,0.1713,0,#3366ff
27(2a),PROFESS,43.6568,0.1713,0,#3366ff
27(2a),PROFESS,43.6572,0.1713,0,#3366ff
27(2a),PROFESS,43.6577,0.1712,0,#3366ff
27(2a),PROFESS,43.6583,0.1711,0,#3366ff
27(2a),PROFESS,43.659,0.171,0,#3366ff
27(2a),PROFESS,43.6597,0.1708,0,#3366ff
27(2a),PROFESS,43.6605,0.1706,0,#3366ff
27(2a),PROFESS,43.6612,0.1703,0,#3366ff
27(2a),PROFESS,43.6619,0.1699,0,#3366ff
27(2a),PROFESS,43.6626,0.1695,0,#3366ff
27(2a),PROFESS,43.6632,0.1689,0,#3366ff
27(2a),PROFESS,43.6637,0.1683,0,#3366ff
27(2a),PROFESS,43.6641,0.1675,0,#3366ff
27(2a),PROFESS,43.6643,0.1667,0,#3366ff
27(2a),PROFESS,43.6644,0.1657,0,#3366ff
27(2a),PROFESS,43.6881,0.1657,0,#3366ff
27(2a),PROFESS,43.6723,0.1657,0,#3366ff
27(2a),PROFESS,43.6802,0.1657,0,#3366ff
27(2a),PROFESS,43.6407,0.1601,0,#3366ff
27(2a),PROFESS,43.6565,0.1601,0,#3366ff
27(2a),PROFESS,43.5458,0.0761,0,#3366ff
27(2a),PROFESS,43.6407,0.1545,0,#3366ff
27(2a),PROFESS,43.6407,0.1601,0,#3366ff
27(2a),PROFESS,43.6565,0.1937,0,#3366ff
27(2a),PROFESS,43.6644,0.2049,0,#3366ff
27(2a),PROFESS,43.6723,0.2105,0,#3366ff
27(2a),PROFESS,43.6724,0.2115,0,#3366ff
27(2a),PROFESS,43.6727,0.2126,0,#3366ff
27(2a),PROFESS,43.6731,0.2136,0,#3366ff
27(2a),PROFESS,43.6737,0.2147,0,#3366ff
27(2a),PROFESS,43.6744,0.2157,0,#3366ff
27(2a),PROFESS,43.6752,0.2168,0,#3366ff
27(2a),PROFESS,43.6762,0.2178,0,#3366ff
27(2a),PROFESS,43.6773,0.2189,0,#3366ff
27(2a),PROFESS,43.6784,0.2199,0,#3366ff
27(2a),PROFESS,43.6796,0.221,0,#3366ff
27(2a),PROFESS,43.681,0.222,0,#3366ff
27(2a),PROFESS,43.6823,0.2231,0,#3366ff
27(2a),PROFESS,43.6837,0.2241,0,#3366ff
27(2a),PROFESS,43.6852,0.2252,0,#3366ff
27(2a),PROFESS,43.6866,0.2262,0,#3366ff
27(2a),PROFESS,43.6881,0.2273,0,#3366ff
27(2a),PROFESS,43.696,0.2329,0,#3366ff
27(2a),PROFESS,43.6976,0.2329,0,#3366ff
27(2a),PROFESS,43.6993,0.2331,0,#3366ff
27(2a),PROFESS,43.7013,0.2334,0,#3366ff
27(2a),PROFESS,43.7033,0.2338,0,#3366ff
27(2a),PROFESS,43.7055,0.2342,0,#3366ff
27(2a),PROFESS,43.7078,0.2346,0,#3366ff
27(2a),PROFESS,43.7103,0.2352,0,#3366ff
27(2a),PROFESS,43.7128,0.2357,0,#3366ff
27(2a),PROFESS,43.7155,0.2362,0,#3366ff
27(2a),PROFESS,43.7182,0.2367,0,#3366ff
27(2a),PROFESS,43.7763,0.2484,0,#3366ff
27(2a),PROFESS,43.7792,0.2488,0,#3366ff
27(2a),PROFESS,43.7821,0.2492,0,#3366ff
27(2a),PROFESS,43.785,0.2494,0,#3366ff
27(2a),PROFESS,43.7879,0.2496,0,#3366ff
27(2a),PROFESS,43.7909,0.2497,0,#3366ff
27(2a),PROFESS,43.7988,0.2497,0,#3366ff
27(2a),PROFESS,43.8002,0.2497,0,#3366ff
27(2a),PROFESS,43.8014,0.2497,0,#3366ff
27(2a),PROFESS,43.8025,0.2497,0,#3366ff
27(2a),PROFESS,43.8035,0.2497,0,#3366ff
27(2a),PROFESS,43.8044,0.2497,0,#3366ff
27(2a),PROFESS,43.8052,0.2497,0,#3366ff
27(2a),PROFESS,43.806,0.2497,0,#3366ff
27(2a),PROFESS,43.8067,0.2497,0,#3366ff
27(2a),PROFESS,43.8075,0.2497,0,#3366ff
27(2a),PROFESS,43.8082,0.2497,0,#3366ff
27(2a),PROFESS,43.809,0.2497,0,#3366ff
27(2a),PROFESS,43.8099,0.2497,0,#3366ff
27(2a),PROFESS,43.8109,0.2497,0,#3366ff
27(2a),PROFESS,43.812,0.2497,0,#3366ff
27(2a),PROFESS,43.8132,0.2497,0,#3366ff
27(2a),PROFESS,43.8146,0.2497,0,#3366ff
27(2a),PROFESS,43.8225,0.2441,0,#3366ff
27(2a),PROFESS,43.8146,0.2441,0,#3366ff
27(2a),PROFESS,43.8462,0.2441,0,#3366ff
27(2a),PROFESS,43.8858,0.2497,0,#3366ff
27(2a),PROFESS,44.1684,0.2367,0,#3366ff
27(2a),PROFESS,44.3937,0.2395,0,#3366ff
27(2a),PROFESS,44.619,0.2425,0,#3366ff
27(2a),PROFESS,44.8444,0.2456,0,#3366ff
27(2a),PROFESS,45.0698,0.2489,0,#3366ff
27(2a),PROFESS,45.2953,0.2523,0,#3366ff
27(2a),PROFESS,45.5207,0.2558,0,#3366ff
27(2a),PROFESS,45.7462,0.2594,0,#3366ff
27(2a),PROFESS,45.9716,0.2631,0,#3366ff
27(2a),PROFESS,46.1971,0.2669,0,#3366ff
27(2a),PROFESS,46.4224,0.2707,0,#3366ff
27(2a),PROFESS,46.6478,0.2746,0,#3366ff
27(2a),PROFESS,46.8731,0.2785,0,#3366ff
27(2a),PROFESS,47.0984,0.2823,0,#3366ff
27(2a),PROFESS,47.3236,0.2862,0,#3366ff
27(2a),PROFESS,47.5487,0.29,0,#3366ff
27(2a),PROFESS,47.691,0.2912,0,#3366ff
27(2a),PROFESS,47.9169,0.2949,0,#3366ff
27(2a),PROFESS,48.143,0.2987,0,#3366ff
27(2a),PROFESS,48.3692,0.3026,0,#3366ff
27(2a),PROFESS,48.5954,0.3065,0,#3366ff
27(2a),PROFESS,48.8218,0.3105,0,#3366ff
27(2a),PROFESS,49.0482,0.3145,0,#3366ff
27(2a),PROFESS,49.2747,0.3185,0,#3366ff
27(2a),PROFESS,49.5012,0.3225,0,#3366ff
27(2a),PROFESS,49.7277,0.3264,0,#3366ff
27(2a),PROFESS,49.9542,0.3302,0,#3366ff
27(2a),PROFESS,50.1806,0.3339,0,#3366ff
27(2a),PROFESS,50.407,0.3375,0,#3366ff
27(2a),PROFESS,50.6333,0.3409,0,#3366ff
27(2a),PROFESS,50.8595,0.3441,0,#3366ff
27(2a),PROFESS,51.0856,0.3471,0,#3366ff
27(2a),PROFESS,51.3116,0.3498,0,#3366ff
27(2a),PROFESS,51.375,0.356,0,#3366ff
27(2a),PROFESS,51.5226,0.4568,0,#3366ff
27(2a),PROFESS,51.5227,0.4568,0,#3366ff
27(2a),PROFESS,51.523,0.4568,0,#3366ff
27(2a),PROFESS,51.5234,0.4568,0,#3366ff
27(2a),PROFESS,51.524,0.4567,0,#3366ff
27(2a),PROFESS,51.5247,0.4567,0,#3366ff
27(2a),PROFESS,51.5256,0.4565,0,#3366ff
27(2a),PROFESS,51.5265,0.4564,0,#3366ff
27(2a),PROFESS,51.5276,0.4561,0,#3366ff
27(2a),PROFESS,51.5287,0.4558,0,#3366ff
27(2a),PROFESS,51.53,0.4555,0,#3366ff
27(2a),PROFESS,51.5313,0.455,0,#3366ff
27(2a),PROFESS,51.5327,0.4545,0,#3366ff
27(2a),PROFESS,51.5341,0.4538,0,#3366ff
27(2a),PROFESS,51.5355,0.4531,0,#3366ff
27(2a),PROFESS,51.537,0.4522,0,#3366ff
27(2a),PROFESS,51.5385,0.4512,0,#3366ff
27(2a),PROFESS,51.5622,0.4512,0,#3366ff
27(2a),PROFESS,51.5464,0.4512,0,#3366ff
27(2a),PROFESS,51.5543,0.4512,0,#3366ff
27(2a),PROFESS,51.4199,0.3393,0,#3366ff
27(2a),PROFESS,51.5147,0.4456,0,#3366ff
27(2a),PROFESS,51.4041,0.3281,0,#3366ff
27(2a),PROFESS,51.4199,0.3393,0,#3366ff
27(2a),PROFESS,51.4217,0.3438,0,#3366ff
27(2a),PROFESS,51.5089,0.4492,0,#3366ff
27(2a),PROFESS,51.5103,0.4537,0,#3366ff
27(2a),PROFESS,51.5118,0.4582,0,#3366ff
27(2a),PROFESS,51.5135,0.4627,0,#3366ff
27(2a),PROFESS,51.5153,0.4672,0,#3366ff
27(2a),PROFESS,51.5172,0.4717,0,#3366ff
27(2a),PROFESS,51.5191,0.4762,0,#3366ff
27(2a),PROFESS,51.521,0.4807,0,#3366ff
27(2a),PROFESS,51.5229,0.4852,0,#3366ff
27(2a),PROFESS,51.5246,0.4898,0,#3366ff
27(2a),PROFESS,51.5262,0.4943,0,#3366ff
27(2a),PROFESS,51.5277,0.4989,0,#3366ff
27(2a),PROFESS,51.5289,0.5035,0,#3366ff
27(2a),PROFESS,51.5299,0.5081,0,#3366ff
27(2a),PROFESS,51.5306,0.5128,0,#3366ff
27(2a),PROFESS,51.5385,0.524,0,#3366ff
27(2a),PROFESS,51.5385,0.5251,0,#3366ff
27(2a),PROFESS,51.5388,0.5261,0,#3366ff
27(2a),PROFESS,51.5392,0.5272,0,#3366ff
27(2a),PROFESS,51.5398,0.5282,0,#3366ff
27(2a),PROFESS,51.5405,0.5293,0,#3366ff
27(2a),PROFESS,51.5414,0.5303,0,#3366ff
27(2a),PROFESS,51.5423,0.5314,0,#3366ff
27(2a),PROFESS,51.5434,0.5324,0,#3366ff
27(2a),PROFESS,51.5446,0.5335,0,#3366ff
27(2a),PROFESS,51.5458,0.5345,0,#3366ff
27(2a),PROFESS,51.5471,0.5356,0,#3366ff
27(2a),PROFESS,51.5485,0.5366,0,#3366ff
27(2a),PROFESS,51.5499,0.5377,0,#3366ff
27(2a),PROFESS,51.5513,0.5387,0,#3366ff
27(2a),PROFESS,51.5528,0.5398,0,#3366ff
27(2a),PROFESS,51.5543,0.5408,0,#3366ff
27(2a),PROFESS,51.5622,0.5464,0,#3366ff
27(2a),PROFESS,51.565,0.5475,0,#3366ff
27(2a),PROFESS,51.5678,0.5485,0,#3366ff
27(2a),PROFESS,51.5703,0.5495,0,#3366ff
27(2a),PROFESS,51.5728,0.5505,0,#3366ff
27(2a),PROFESS,51.6305,0.5739,0,#3366ff
27(2a),PROFESS,51.6328,0.5748,0,#3366ff
27(2a),PROFESS,51.6351,0.5757,0,#3366ff
27(2a),PROFESS,51.6373,0.5765,0,#3366ff
27(2a),PROFESS,51.6395,0.5773,0,#3366ff
27(2a),PROFESS,51.6418,0.5779,0,#3366ff
27(2a),PROFESS,51.6441,0.5785,0,#3366ff
27(2a),PROFESS,51.6464,0.579,0,#3366ff
27(2a),PROFESS,51.6489,0.5795,0,#3366ff
27(2a),PROFESS,51.6515,0.5798,0,#3366ff
27(2a),PROFESS,51.6542,0.5799,0,#3366ff
27(2a),PROFESS,51.657,0.58,0,#3366ff
27(2a),PROFESS,51.6729,0.58,0,#3366ff
27(2a),PROFESS,51.6729,0.5799,0,#3366ff
27(2a),PROFESS,51.6732,0.5798,0,#3366ff
27(2a),PROFESS,51.6736,0.5795,0,#3366ff
27(2a),PROFESS,51.6742,0.5791,0,#3366ff
27(2a),PROFESS,51.6749,0.5787,0,#3366ff
27(2a),PROFESS,51.6758,0.5782,0,#3366ff
27(2a),PROFESS,51.6767,0.5777,0,#3366ff
27(2a),PROFESS,51.6778,0.5772,0,#3366ff
27(2a),PROFESS,51.679,0.5767,0,#3366ff
27(2a),PROFESS,51.6802,0.5762,0,#3366ff
27(2a),PROFESS,51.6815,0.5757,0,#3366ff
27(2a),PROFESS,51.6829,0.5753,0,#3366ff
27(2a),PROFESS,51.6843,0.5749,0,#3366ff
27(2a),PROFESS,51.6857,0.5746,0,#3366ff
27(2a),PROFESS,51.6872,0.5745,0,#3366ff
27(2a),PROFESS,51.6887,0.5744,0,#3366ff
27(2a),PROFESS,51.6966,0.5744,0,#3366ff
27(2a),PROFESS,51.6808,0.5744,0,#3366ff
27(2a),PROFESS,51.7203,0.5744,0,#3366ff
27(2a),PROFESS,52.2095,0.5596,0,#3366ff
27(2a),PROFESS,52.6785,0.5722,0,#3366ff
27(2a),PROFESS,53.1476,0.5844,0,#3366ff
27(2a),PROFESS,53.6169,0.5964,0,#3366ff
27(2a),PROFESS,54.0863,0.6081,0,#3366ff
27(2a),PROFESS,54.5558,0.6197,0,#3366ff
27(2a),PROFESS,55.0253,0.6311,0,#3366ff
27(2a),PROFESS,55.4949,0.6424,0,#3366ff
27(2a),PROFESS,55.9645,0.6537,0,#3366ff
27(2a),PROFESS,56.4341,0.6651,0,#3366ff
27(2a),PROFESS,56.9037,0.6765,0,#3366ff
27(2a),PROFESS,57.3733,0.6881,0,#3366ff
27(2a),PROFESS,57.8428,0.6999,0,#3366ff
27(2a),PROFESS,58.3122,0.7119,0,#3366ff
27(2a),PROFESS,58.7815,0.7242,0,#3366ff
27(2a),PROFESS,59.2465,0.7368,0,#3366ff
27(2a),PROFESS,59.3888,0.8656,0,#3366ff
27(2a),PROFESS,59.3903,0.8656,0,#3366ff
27(2a),PROFESS,59.3918,0.8656,0,#3366ff
27(2a),PROFESS,59.3932,0.8656,0,#3366ff
27(2a),PROFESS,59.3947,0.8656,0,#3366ff
27(2a),PROFESS,59.3962,0.8656,0,#3366ff
27(2a),PROFESS,59.4257,0.8027,0,#3366ff
27(2a),PROFESS,59.4271,0.8027,0,#3366ff
27(2a),PROFESS,59.4286,0.8028,0,#3366ff
27(2a),PROFESS,59.4302,0.803,0,#3366ff
27(2a),PROFESS,59.4317,0.8032,0,#3366ff
27(2a),PROFESS,59.4332,0.8034,0,#3366ff
27(2a),PROFESS,59.4348,0.8035,0,#3366ff
27(2a),PROFESS,59.4363,0.8037,0,#3366ff
27(2a),PROFESS,59.4378,0.8039,0,#3366ff
27(2a),PROFESS,59.4394,0.8041,0,#3366ff
27(2a),PROFESS,59.4409,0.8043,0,#3366ff
27(2a),PROFESS,59.448,0.7954,0,#3366ff
27(2a),PROFESS,59.4561,0.7963,0,#3366ff
27(2a),PROFESS,59.4399,0.7946,0,#3366ff
27(2a),PROFESS,59.448,0.7954,0,#3366ff
27(2a),PROFESS,59.2939,0.72,0,#3366ff
27(2a),PROFESS,59.3097,0.7256,0,#3366ff
27(2a),PROFESS,59.2781,0.7088,0,#3366ff
27(2a),PROFESS,59.2781,0.72,0,#3366ff
27(2a),PROFESS,59.2841,0.7248,0,#3366ff
27(2a),PROFESS,59.2891,0.73,0,#3366ff
27(2a),PROFESS,59.2932,0.7357,0,#3366ff
27(2a),PROFESS,59.3822,0.8704,0,#3366ff
27(2a),PROFESS,59.3836,0.8768,0,#3366ff
27(2a),PROFESS,59.3848,0.8833,0,#3366ff
27(2a),PROFESS,59.3859,0.8901,0,#3366ff
27(2a),PROFESS,59.387,0.8969,0,#3366ff
27(2a),PROFESS,59.3882,0.9039,0,#3366ff
27(2a),PROFESS,59.3894,0.9108,0,#3366ff
27(2a),PROFESS,59.3909,0.9177,0,#3366ff
27(2a),PROFESS,59.3927,0.9301,0,#3366ff
27(2a),PROFESS,59.3949,0.9368,0,#3366ff
27(2a),PROFESS,59.3976,0.9432,0,#3366ff
27(2a),PROFESS,59.4008,0.9493,0,#3366ff
27(2a),PROFESS,59.4046,0.9551,0,#3366ff
27(2a),PROFESS,59.4046,0.9663,0,#3366ff
27(2a),PROFESS,59.406,0.9674,0,#3366ff
27(2a),PROFESS,59.4072,0.9684,0,#3366ff
27(2a),PROFESS,59.4083,0.9695,0,#3366ff
27(2a),PROFESS,59.4093,0.9705,0,#3366ff
27(2a),PROFESS,59.4102,0.9716,0,#3366ff
27(2a),PROFESS,59.411,0.9726,0,#3366ff
27(2a),PROFESS,59.4118,0.9737,0,#3366ff
27(2a),PROFESS,59.4125,0.9747,0,#3366ff
27(2a),PROFESS,59.4133,0.9758,0,#3366ff
27(2a),PROFESS,59.414,0.9768,0,#3366ff
27(2a),PROFESS,59.4148,0.9779,0,#3366ff
27(2a),PROFESS,59.4157,0.9789,0,#3366ff
27(2a),PROFESS,59.4167,0.98,0,#3366ff
27(2a),PROFESS,59.4178,0.981,0,#3366ff
27(2a),PROFESS,59.419,0.9821,0,#3366ff
27(2a),PROFESS,59.4204,0.9831,0,#3366ff
27(2a),PROFESS,59.4283,0.9887,0,#3366ff
27(2a),PROFESS,59.4313,0.9898,0,#3366ff
27(2a),PROFESS,59.4343,0.9908,0,#3366ff
27(2a),PROFESS,59.4372,0.9918,0,#3366ff
27(2a),PROFESS,59.4402,0.9928,0,#3366ff
27(2a),PROFESS,59.4431,0.9938,0,#3366ff
27(2a),PROFESS,59.4461,0.9947,0,#3366ff
27(2a),PROFESS,59.4491,0.9956,0,#3366ff
27(2a),PROFESS,59.5074,1.0188,0,#3366ff
27(2a),PROFESS,59.5103,1.0196,0,#3366ff
27(2a),PROFESS,59.5133,1.0203,0,#3366ff
27(2a),PROFESS,59.5163,1.0209,0,#3366ff
27(2a),PROFESS,59.5192,1.0214,0,#3366ff
27(2a),PROFESS,59.5222,1.0218,0,#3366ff
27(2a),PROFESS,59.5252,1.0221,0,#3366ff
27(2a),PROFESS,59.5281,1.0223,0,#3366ff
27(2a),PROFESS,59.5311,1.0223,0,#3366ff
27(2a),PROFESS,59.539,1.0223,0,#3366ff
27(2a),PROFESS,59.5404,1.0223,0,#3366ff
27(2a),PROFESS,59.5416,1.0223,0,#3366ff
27(2a),PROFESS,59.5427,1.0223,0,#3366ff
27(2a),PROFESS,59.5437,1.0223,0,#3366ff
27(2a),PROFESS,59.5446,1.0223,0,#3366ff
27(2a),PROFESS,59.5454,1.0223,0,#3366ff
27(2a),PROFESS,59.5462,1.0223,0,#3366ff
27(2a),PROFESS,59.5469,1.0223,0,#3366ff
27(2a),PROFESS,59.5477,1.0223,0,#3366ff
27(2a),PROFESS,59.5484,1.0223,0,#3366ff
27(2a),PROFESS,59.5492,1.0223,0,#3366ff
27(2a),PROFESS,59.5501,1.0223,0,#3366ff
27(2a),PROFESS,59.5511,1.0223,0,#3366ff
27(2a),PROFESS,59.5522,1.0223,0,#3366ff
27(2a),PROFESS,59.5534,1.0223,0,#3366ff
27(2a),PROFESS,59.5548,1.0223,0,#3366ff
27(2a),PROFESS,59.5627,1.0167,0,#3366ff
27(2a),PROFESS,59.5706,1.0167,0,#3366ff
27(2a),PROFESS,59.5548,1.0167,0,#3366ff
27(2a),PROFESS,59.5864,1.0223,0,#3366ff
27(2a),PROFESS,60.0759,1.0072,0,#3366ff
27(2a),PROFESS,60.5521,1.0214,0,#3366ff
27(2a),PROFESS,61.0276,1.0368,0,#3366ff
27(2a),PROFESS,61.5024,1.0535,0,#3366ff
27(2a),PROFESS,61.9766,1.0717,0,#3366ff
27(2a),PROFESS,62.4503,1.0913,0,#3366ff
27(2a),PROFESS,62.9236,1.1124,0,#3366ff
27(2a),PROFESS,63.3966,1.135,0,#3366ff
27(2a),PROFESS,63.8693,1.1593,0,#3366ff
27(2a),PROFESS,64.342,1.1853,0,#3366ff
27(2a),PROFESS,64.8146,1.2131,0,#3366ff
27(2a),PROFESS,65.2872,1.2426,0,#3366ff
27(2a),PROFESS,65.76,1.2741,0,#3366ff
27(2a),PROFESS,66.233,1.3075,0,#3366ff
27(2a),PROFESS,66.7063,1.3429,0,#3366ff
27(2a),PROFESS,67.18,1.3803,0,#3366ff
27(2a),PROFESS,67.3529,1.456,0,#3366ff
27(2a),PROFESS,67.353,1.456,0,#3366ff
27(2a),PROFESS,67.3532,1.456,0,#3366ff
27(2a),PROFESS,67.3537,1.456,0,#3366ff
27(2a),PROFESS,67.3543,1.4561,0,#3366ff
27(2a),PROFESS,67.355,1.4562,0,#3366ff
27(2a),PROFESS,67.3558,1.4562,0,#3366ff
27(2a),PROFESS,67.3568,1.4563,0,#3366ff
27(2a),PROFESS,67.3579,1.4563,0,#3366ff
27(2a),PROFESS,67.359,1.4563,0,#3366ff
27(2a),PROFESS,67.3603,1.4563,0,#3366ff
27(2a),PROFESS,67.3616,1.4563,0,#3366ff
27(2a),PROFESS,67.3629,1.4563,0,#3366ff
27(2a),PROFESS,67.3644,1.4563,0,#3366ff
27(2a),PROFESS,67.3658,1.4563,0,#3366ff
27(2a),PROFESS,67.3673,1.4563,0,#3366ff
27(2a),PROFESS,67.3687,1.4563,0,#3366ff
27(2a),PROFESS,67.376,1.4468,0,#3366ff
27(2a),PROFESS,67.392,1.448,0,#3366ff
27(2a),PROFESS,67.368,1.4461,0,#3366ff
27(2a),PROFESS,67.384,1.4474,0,#3366ff
27(2a),PROFESS,67.2312,1.3695,0,#3366ff
27(2a),PROFESS,67.2312,1.3751,0,#3366ff
27(2a),PROFESS,67.2154,1.3583,0,#3366ff
27(2a),PROFESS,67.2154,1.3695,0,#3366ff
27(2a),PROFESS,67.2193,1.3751,0,#3366ff
27(2a),PROFESS,67.2232,1.3817,0,#3366ff
27(2a),PROFESS,67.2271,1.389,0,#3366ff
27(2a),PROFESS,67.3464,1.4749,0,#3366ff
27(2a),PROFESS,67.3498,1.4906,0,#3366ff
27(2a),PROFESS,67.3535,1.5074,0,#3366ff
27(2a),PROFESS,67.3235,1.5916,0,#3366ff
27(2a),PROFESS,67.3252,1.6009,0,#3366ff
27(2a),PROFESS,67.3267,1.6103,0,#3366ff
27(2a),PROFESS,67.3282,1.6195,0,#3366ff
27(2a),PROFESS,67.3295,1.6286,0,#3366ff
27(2a),PROFESS,67.3308,1.6373,0,#3366ff
27(2a),PROFESS,67.3318,1.6456,0,#3366ff
27(2a),PROFESS,67.3327,1.6532,0,#3366ff
27(2a),PROFESS,67.3335,1.6601,0,#3366ff
27(2a),PROFESS,67.334,1.6662,0,#3366ff
27(2a),PROFESS,67.3419,1.683,0,#3366ff
27(2a),PROFESS,67.342,1.684,0,#3366ff
27(2a),PROFESS,67.3423,1.6851,0,#3366ff
27(2a),PROFESS,67.3427,1.6861,0,#3366ff
27(2a),PROFESS,67.3433,1.6872,0,#3366ff
27(2a),PROFESS,67.344,1.6882,0,#3366ff
27(2a),PROFESS,67.3448,1.6893,0,#3366ff
27(2a),PROFESS,67.3458,1.6903,0,#3366ff
27(2a),PROFESS,67.3468,1.6914,0,#3366ff
27(2a),PROFESS,67.348,1.6924,0,#3366ff
27(2a),PROFESS,67.3492,1.6935,0,#3366ff
27(2a),PROFESS,67.3505,1.6945,0,#3366ff
27(2a),PROFESS,67.3519,1.6956,0,#3366ff
27(2a),PROFESS,67.3533,1.6966,0,#3366ff
27(2a),PROFESS,67.3548,1.6977,0,#3366ff
27(2a),PROFESS,67.3562,1.6987,0,#3366ff
27(2a),PROFESS,67.3577,1.6998,0,#3366ff
27(2a),PROFESS,67.3656,1.7054,0,#3366ff
27(2a),PROFESS,67.3672,1.7064,0,#3366ff
27(2a),PROFESS,67.3689,1.7075,0,#3366ff
27(2a),PROFESS,67.3708,1.7085,0,#3366ff
27(2a),PROFESS,67.3729,1.7095,0,#3366ff
27(2a),PROFESS,67.3751,1.7105,0,#3366ff
27(2a),PROFESS,67.3774,1.7114,0,#3366ff
27(2a),PROFESS,67.3799,1.7123,0,#3366ff
27(2a),PROFESS,67.3824,1.7131,0,#3366ff
27(2a),PROFESS,67.3851,1.7138,0,#3366ff
27(2a),PROFESS,67.4431,1.7369,0,#3366ff
27(2a),PROFESS,67.4459,1.7375,0,#3366ff
27(2a),PROFESS,67.4488,1.738,0,#3366ff
27(2a),PROFESS,67.4516,1.7384,0,#3366ff
27(2a),PROFESS,67.4546,1.7387,0,#3366ff
27(2a),PROFESS,67.4575,1.7389,0,#3366ff
27(2a),PROFESS,67.4605,1.739,0,#3366ff
27(2a),PROFESS,67.4684,1.739,0,#3366ff
27(2a),PROFESS,67.4699,1.739,0,#3366ff
27(2a),PROFESS,67.4713,1.739,0,#3366ff
27(2a),PROFESS,67.4728,1.739,0,#3366ff
27(2a),PROFESS,67.4742,1.739,0,#3366ff
27(2a),PROFESS,67.4756,1.739,0,#3366ff
27(2a),PROFESS,67.4769,1.739,0,#3366ff
27(2a),PROFESS,67.4781,1.739,0,#3366ff
27(2a),PROFESS,67.4793,1.739,0,#3366ff
27(2a),PROFESS,67.4803,1.739,0,#3366ff
27(2a),PROFESS,67.4813,1.739,0,#3366ff
27(2a),PROFESS,67.4821,1.739,0,#3366ff
27(2a),PROFESS,67.4828,1.739,0,#3366ff
27(2a),PROFESS,67.4834,1.739,0,#3366ff
27(2a),PROFESS,67.4839,1.739,0,#3366ff
27(2a),PROFESS,67.4841,1.739,0,#3366ff
27(2a),PROFESS,67.4842,1.739,0,#3366ff
27(2a),PROFESS,67.5,1.739,0,#3366ff
27(2a),PROFESS,67.5079,1.7334,0,#3366ff
27(2a),PROFESS,67.4842,1.739,0,#3366ff
27(2a),PROFESS,67.5158,1.739,0,#3366ff
27(2a),PROFESS,67.7966,1.7378,0,#3366ff
27(2a),PROFESS,68.063,1.7631,0,#3366ff
27(2a),PROFESS,68.3294,1.7885,0,#3366ff
27(2a),PROFESS,68.5956,1.8142,0,#3366ff
27(2a),PROFESS,68.8617,1.8401,0,#3366ff
27(2a),PROFESS,69.1277,1.8663,0,#3366ff
27(2a),PROFESS,69.3937,1.8927,0,#3366ff
27(2a),PROFESS,69.6596,1.9195,0,#3366ff
27(2a),PROFESS,69.9255,1.9466,0,#3366ff
27(2a),PROFESS,70.1913,1.9741,0,#3366ff
27(2a),PROFESS,70.4573,2.002,0,#3366ff
27(2a),PROFESS,70.7231,2.0303,0,#3366ff
27(2a),PROFESS,70.9889,2.059,0,#3366ff
27(2a),PROFESS,71.2547,2.0882,0,#3366ff
27(2a),PROFESS,71.5036,2.1154,0,#3366ff
27(2a),PROFESS,71.7873,2.1501,0,#3366ff
27(2a),PROFESS,71.8652,2.1547,0,#3366ff
27(2a),PROFESS,71.8496,2.1538,0,#3366ff
27(2a),PROFESS,71.8821,2.1614,0,#3366ff
27(2a),PROFESS,71.9127,2.1631,0,#3366ff
27(2a),PROFESS,72.006,2.1745,0,#3366ff
27(2a),PROFESS,72.0995,2.1856,0,#3366ff
27(2a),PROFESS,72.1933,2.1966,0,#3366ff
27(2a),PROFESS,72.287,2.2073,0,#3366ff
27(2a),PROFESS,72.3809,2.218,0,#3366ff
27(2a),PROFESS,72.4749,2.2286,0,#3366ff
27(2a),PROFESS,72.5692,2.2393,0,#3366ff
27(2a),PROFESS,72.6636,2.2502,0,#3366ff
27(2a),PROFESS,72.7581,2.2612,0,#3366ff
27(2a),PROFESS,72.8529,2.2725,0,#3366ff
27(2a),PROFESS,72.9478,2.2842,0,#3366ff
27(2a),PROFESS,73.0428,2.2963,0,#3366ff
27(2a),PROFESS,73.1379,2.3089,0,#3366ff
27(2a),PROFESS,73.2245,2.3208,0,#3366ff
27(2a),PROFESS,73.3294,2.3312,0,#3366ff
27(2a),PROFESS,73.4183,2.3432,0,#3366ff
27(2a),PROFESS,73.478,2.3522,0,#3366ff
27(2a),PROFESS,73.5571,2.3622,0,#3366ff
27(2a),PROFESS,73.6206,2.3714,0,#3366ff
27(2a),PROFESS,73.6536,2.3738,0,#3366ff
27(2a),PROFESS,73.6895,2.3769,0,#3366ff
27(2a),PROFESS,73.7282,2.3808,0,#3366ff
27(2a),PROFESS,73.7692,2.3854,0,#3366ff
27(2a),PROFESS,73.8121,2.3904,0,#3366ff
27(2a),PROFESS,73.8564,2.3959,0,#3366ff
27(2a),PROFESS,73.9017,2.4017,0,#3366ff
27(2a),PROFESS,73.9475,2.4078,0,#3366ff
27(2a),PROFESS,73.9934,2.4141,0,#3366ff
27(2a),PROFESS,74.0389,2.4204,0,#3366ff
27(2a),PROFESS,74.0836,2.4267,0,#3366ff
27(2a),PROFESS,74.127,2.4328,0,#3366ff
27(2a),PROFESS,74.1501,2.4354,0,#3366ff
27(2a),PROFESS,74.1823,2.4371,0,#3366ff
27(2a),PROFESS,74.2395,2.4412,0,#3366ff
27(2a),PROFESS,74.2721,2.444,0,#3366ff
27(2a),PROFESS,74.3384,2.4556,0,#3366ff
27(2a),PROFESS,74.4145,2.4664,0,#3366ff
27(2a),PROFESS,74.457,2.4724,0,#3366ff
27(2a),PROFESS,74.5756,2.4836,0,#3366ff
27(2a),PROFESS,74.5859,2.4898,0,#3366ff
27(2a),PROFESS,74.6183,2.4993,0,#3366ff
27(2a),PROFESS,74.6784,2.506,0,#3366ff
27(2a),PROFESS,74.7623,2.5112,0,#3366ff
27(2a),PROFESS,74.841,2.5235,0,#3366ff
27(2a),PROFESS,74.9046,2.5336,0,#3366ff
27(2a),PROFESS,74.963,2.5396,0,#3366ff
27(2a),PROFESS,75.0537,2.5515,0,#3366ff
27(2a),PROFESS,75.1369,2.562,0,#3366ff
27(2a),PROFESS,75.1685,2.5676,0,#3366ff
27(2a),PROFESS,75.1715,2.5676,0,#3366ff
27(2a),PROFESS,75.1745,2.5676,0,#3366ff
27(2a),PROFESS,75.1774,2.5676,0,#3366ff
27(2a),PROFESS,75.1804,2.5676,0,#3366ff
27(2a),PROFESS,75.1833,2.5676,0,#3366ff
27(2a),PROFESS,75.2881,2.6404,0,#3366ff
27(2a),PROFESS,75.2896,2.6404,0,#3366ff
27(2a),PROFESS,75.2911,2.6404,0,#3366ff
27(2a),PROFESS,75.2925,2.6404,0,#3366ff
27(2a),PROFESS,75.294,2.6404,0,#3366ff
27(2a),PROFESS,75.2955,2.6404,0,#3366ff
27(2a),PROFESS,75.297,2.6404,0,#3366ff
27(2a),PROFESS,75.2985,2.6404,0,#3366ff
27(2a),PROFESS,75.3,2.6404,0,#3366ff
27(2a),PROFESS,75.3014,2.6404,0,#3366ff
27(2a),PROFESS,75.3029,2.6404,0,#3366ff
27(2a),PROFESS,75.3187,2.6404,0,#3366ff
27(2a),PROFESS,75.3029,2.6404,0,#3366ff
27(2a),PROFESS,75.3108,2.6404,0,#3366ff
27(2a),PROFESS,75.1606,2.5564,0,#3366ff
27(2a),PROFESS,75.1685,2.562,0,#3366ff
27(2a),PROFESS,75.1606,2.5452,0,#3366ff
27(2a),PROFESS,75.1606,2.5564,0,#3366ff
27(2a),PROFESS,75.2792,2.6516,0,#3366ff
27(2a),PROFESS,75.2856,2.7022,0,#3366ff
27(2a),PROFESS,75.2713,2.8308,0,#3366ff
27(2a),PROFESS,75.2713,2.8588,0,#3366ff
27(2a),PROFESS,75.2792,2.8868,0,#3366ff
27(2a),PROFESS,75.2792,2.9092,0,#3366ff
27(2a),PROFESS,75.2871,2.9204,0,#3366ff
27(2a),PROFESS,75.2871,2.926,0,#3366ff
27(2a),PROFESS,75.2872,2.927,0,#3366ff
27(2a),PROFESS,75.2875,2.9281,0,#3366ff
27(2a),PROFESS,75.2879,2.9291,0,#3366ff
27(2a),PROFESS,75.2885,2.9302,0,#3366ff
27(2a),PROFESS,75.2892,2.9312,0,#3366ff
27(2a),PROFESS,75.29,2.9323,0,#3366ff
27(2a),PROFESS,75.291,2.9333,0,#3366ff
27(2a),PROFESS,75.292,2.9344,0,#3366ff
27(2a),PROFESS,75.2932,2.9354,0,#3366ff
27(2a),PROFESS,75.2944,2.9365,0,#3366ff
27(2a),PROFESS,75.2957,2.9375,0,#3366ff
27(2a),PROFESS,75.2971,2.9386,0,#3366ff
27(2a),PROFESS,75.2985,2.9396,0,#3366ff
27(2a),PROFESS,75.3,2.9407,0,#3366ff
27(2a),PROFESS,75.3014,2.9417,0,#3366ff
27(2a),PROFESS,75.3029,2.9428,0,#3366ff
27(2a),PROFESS,75.3029,2.9483,0,#3366ff
27(2a),PROFESS,75.3062,2.9496,0,#3366ff
27(2a),PROFESS,75.3116,2.9518,0,#3366ff
27(2a),PROFESS,75.3167,2.9539,0,#3366ff
27(2a),PROFESS,75.3216,2.956,0,#3366ff
27(2a),PROFESS,75.3264,2.9581,0,#3366ff
27(2a),PROFESS,75.331,2.9601,0,#3366ff
27(2a),PROFESS,75.3356,2.9621,0,#3366ff
27(2a),PROFESS,75.3701,2.9847,0,#3366ff
27(2a),PROFESS,75.3723,2.9858,0,#3366ff
27(2a),PROFESS,75.3746,2.9868,0,#3366ff
27(2a),PROFESS,75.3769,2.9879,0,#3366ff
27(2a),PROFESS,75.3793,2.9889,0,#3366ff
27(2a),PROFESS,75.3817,2.99,0,#3366ff
27(2a),PROFESS,75.3843,2.991,0,#3366ff
27(2a),PROFESS,75.387,2.9921,0,#3366ff
27(2a),PROFESS,75.3899,2.9931,0,#3366ff
27(2a),PROFESS,75.4057,2.9931,0,#3366ff
27(2a),PROFESS,75.4058,2.9931,0,#3366ff
27(2a),PROFESS,75.406,2.9931,0,#3366ff
27(2a),PROFESS,75.4065,2.9931,0,#3366ff
27(2a),PROFESS,75.407,2.9931,0,#3366ff
27(2a),PROFESS,75.4078,2.9931,0,#3366ff
27(2a),PROFESS,75.4086,2.9931,0,#3366ff
27(2a),PROFESS,75.4096,2.9931,0,#3366ff
27(2a),PROFESS,75.4106,2.9931,0,#3366ff
27(2a),PROFESS,75.4118,2.9931,0,#3366ff
27(2a),PROFESS,75.413,2.9931,0,#3366ff
27(2a),PROFESS,75.4143,2.9931,0,#3366ff
27(2a),PROFESS,75.4157,2.9931,0,#3366ff
27(2a),PROFESS,75.4171,2.9931,0,#3366ff
27(2a),PROFESS,75.4186,2.9931,0,#3366ff
27(2a),PROFESS,75.42,2.9931,0,#3366ff
27(2a),PROFESS,75.4215,2.9931,0,#3366ff
27(2a),PROFESS,75.4294,2.9931,0,#3366ff
27(2a),PROFESS,75.4136,2.9875,0,#3366ff
27(2a),PROFESS,75.4531,2.9931,0,#3366ff
27(2a),PROFESS,75.4848,2.9987,0,#3366ff
27(2a),PROFESS,75.7589,3.0128,0,#3366ff
27(2a),PROFESS,75.9803,3.0451,0,#3366ff
27(2a),PROFESS,76.2016,3.0774,0,#3366ff
27(2a),PROFESS,76.4231,3.1099,0,#3366ff
27(2a),PROFESS,76.6446,3.1425,0,#3366ff
27(2a),PROFESS,76.8662,3.1753,0,#3366ff
27(2a),PROFESS,77.0877,3.2082,0,#3366ff
27(2a),PROFESS,77.3093,3.2412,0,#3366ff
27(2a),PROFESS,77.5309,3.2745,0,#3366ff
27(2a),PROFESS,77.7524,3.3081,0,#3366ff
27(2a),PROFESS,77.974,3.3418,0,#3366ff
27(2a),PROFESS,78.1956,3.3759,0,#3366ff
27(2a),PROFESS,78.4172,3.4103,0,#3366ff
27(2a),PROFESS,78.6387,3.445,0,#3366ff
27(2a),PROFESS,78.8602,3.48,0,#3366ff
27(2a),PROFESS,79.0818,3.5154,0,#3366ff
27(2a),PROFESS,79.1607,3.5271,0,#3366ff
27(2a),PROFESS,79.2225,3.5318,0,#3366ff
27(2a),PROFESS,79.3014,3.5435,0,#3366ff
27(2a),PROFESS,79.3427,3.5586,0,#3366ff
27(2a),PROFESS,79.3603,3.5623,0,#3366ff
27(2a),PROFESS,79.3875,3.567,0,#3366ff
27(2a),PROFESS,79.4251,3.5731,0,#3366ff
27(2a),PROFESS,79.4649,3.5795,0,#3366ff
27(2a),PROFESS,79.504,3.5856,0,#3366ff
27(2a),PROFESS,79.5436,3.5918,0,#3366ff
27(2a),PROFESS,79.5835,3.5979,0,#3366ff
27(2a),PROFESS,79.6237,3.604,0,#3366ff
27(2a),PROFESS,79.6644,3.6102,0,#3366ff
27(2a),PROFESS,79.7045,3.6162,0,#3366ff
27(2a),PROFESS,79.7444,3.6223,0,#3366ff
27(2a),PROFESS,79.7839,3.6283,0,#3366ff
27(2a),PROFESS,79.8228,3.6343,0,#3366ff
27(2a),PROFESS,79.8611,3.6403,0,#3366ff
27(2a),PROFESS,79.8989,3.6463,0,#3366ff
27(2a),PROFESS,79.9353,3.6523,0,#3366ff
27(2a),PROFESS,79.9987,3.6629,0,#3366ff
27(2a),PROFESS,80.0776,3.6747,0,#3366ff
27(2a),PROFESS,80.1223,3.6819,0,#3366ff
27(2a),PROFESS,80.1667,3.689,0,#3366ff
27(2a),PROFESS,80.2111,3.6961,0,#3366ff
27(2a),PROFESS,80.2555,3.7032,0,#3366ff
27(2a),PROFESS,80.3003,3.7104,0,#3366ff
27(2a),PROFESS,80.3447,3.7175,0,#3366ff
27(2a),PROFESS,80.3892,3.7246,0,#3366ff
27(2a),PROFESS,80.4336,3.7318,0,#3366ff
27(2a),PROFESS,80.4781,3.7389,0,#3366ff
27(2a),PROFESS,80.5228,3.746,0,#3366ff
27(2a),PROFESS,80.5673,3.7531,0,#3366ff
27(2a),PROFESS,80.6118,3.7602,0,#3366ff
27(2a),PROFESS,80.6562,3.7673,0,#3366ff
27(2a),PROFESS,80.7006,3.7744,0,#3366ff
27(2a),PROFESS,80.7453,3.7815,0,#3366ff
27(2a),PROFESS,80.7897,3.7886,0,#3366ff
27(2a),PROFESS,80.853,3.7994,0,#3366ff
27(2a),PROFESS,80.9318,3.8116,0,#3366ff
27(2a),PROFESS,80.9953,3.8225,0,#3366ff
27(2a),PROFESS,81.1014,3.8408,0,#3366ff
27(2a),PROFESS,81.2077,3.8592,0,#3366ff
27(2a),PROFESS,81.3139,3.8777,0,#3366ff
27(2a),PROFESS,81.4204,3.8962,0,#3366ff
27(2a),PROFESS,81.5269,3.9148,0,#3366ff
27(2a),PROFESS,81.6335,3.9333,0,#3366ff
27(2a),PROFESS,81.7402,3.9518,0,#3366ff
27(2a),PROFESS,81.847,3.9702,0,#3366ff
27(2a),PROFESS,81.9539,3.9885,0,#3366ff
27(2a),PROFESS,82.0608,4.0068,0,#3366ff
27(2a),PROFESS,82.1678,4.0248,0,#3366ff
27(2a),PROFESS,82.2748,4.0428,0,#3366ff
27(2a),PROFESS,82.3819,4.0605,0,#3366ff
27(2a),PROFESS,82.489,4.078,0,#3366ff
27(2a),PROFESS,82.5963,4.0953,0,#3366ff
27(2a),PROFESS,82.7034,4.1123,0,#3366ff
27(2a),PROFESS,82.7668,4.1232,0,#3366ff
27(2a),PROFESS,82.8449,4.1353,0,#3366ff
27(2a),PROFESS,82.9575,4.1848,0,#3366ff
27(2a),PROFESS,82.9634,4.1856,0,#3366ff
27(2a),PROFESS,82.9693,4.1861,0,#3366ff
27(2a),PROFESS,82.9751,4.1862,0,#3366ff
27(2a),PROFESS,82.9808,4.1859,0,#3366ff
27(2a),PROFESS,82.9864,4.1853,0,#3366ff
27(2a),PROFESS,82.9918,4.1843,0,#3366ff
27(2a),PROFESS,82.997,4.183,0,#3366ff
27(2a),PROFESS,83.002,4.1813,0,#3366ff
27(2a),PROFESS,83.0066,4.1793,0,#3366ff
27(2a),PROFESS,83.011,4.177,0,#3366ff
27(2a),PROFESS,83.015,4.1743,0,#3366ff
27(2a),PROFESS,83.0186,4.1714,0,#3366ff
27(2a),PROFESS,83.0218,4.1682,0,#3366ff
27(2a),PROFESS,83.0246,4.1647,0,#3366ff
27(2a),PROFESS,83.0269,4.1609,0,#3366ff
27(2a),PROFESS,83.0286,4.1568,0,#3366ff
27(2a),PROFESS,83.0298,4.1536,0,#3366ff
27(2a),PROFESS,83.0305,4.1503,0,#3366ff
27(2a),PROFESS,82.8212,4.2081,1,#3366ff
27(2a),PROFESS,82.8528,4.2137,1,#3366ff
27(2a),PROFESS,82.8636,4.2144,1,#3366ff
27(2a),PROFESS,82.8744,4.2155,1,#3366ff
27(2a),PROFESS,82.8851,4.2172,1,#3366ff
27(2a),PROFESS,82.8958,4.2192,1,#3366ff
27(2a),PROFESS,82.9063,4.2215,1,#3366ff
27(2a),PROFESS,82.9168,4.224,1,#3366ff
27(2a),PROFESS,83.0543,4.1696,1,#3366ff
27(2a),PROFESS,83.08,4.1748,1,#3366ff
27(2a),PROFESS,83.1002,4.1792,1,#3366ff
27(2a),PROFESS,83.1201,4.1834,1,#3366ff
27(2a),PROFESS,83.1343,4.1865,1,#3366ff
27(2a),PROFESS,83.1532,4.1898,1,#3366ff
27(2a),PROFESS,83.1828,4.1954,1,#3366ff
27(2a),PROFESS,83.1917,4.1965,1,#3366ff
27(2a),PROFESS,83.2901,4.2678,1,#3366ff
27(2a),PROFESS,83.2985,4.2682,1,#3366ff
27(2a),PROFESS,83.3145,4.2693,1,#3366ff
27(2a),PROFESS,83.2985,4.2682,1,#3366ff
27(2a),PROFESS,83.3065,4.2688,1,#3366ff
27(2a),PROFESS,83.1849,4.1801,1,#3366ff
27(2a),PROFESS,83.1928,4.1857,1,#3366ff
27(2a),PROFESS,83.1849,4.1745,1,#3366ff
27(2a),PROFESS,83.1849,4.1801,1,#3366ff
27(2a),PROFESS,83.1928,4.1913,1,#3366ff
27(2a),PROFESS,83.2849,4.3001,1,#3366ff
27(2a),PROFESS,83.2981,4.3668,1,#3366ff
27(2a),PROFESS,83.3036,4.4333,1,#3366ff
27(2a),PROFESS,83.2876,4.5496,1,#3366ff
27(2a),PROFESS,83.2876,4.5776,1,#3366ff
27(2a),PROFESS,83.2956,4.6056,1,#3366ff
27(2a),PROFESS,83.2956,4.6224,1,#3366ff
27(2a),PROFESS,83.2969,4.6235,1,#3366ff
27(2a),PROFESS,83.2982,4.6245,1,#3366ff
27(2a),PROFESS,83.2993,4.6256,1,#3366ff
27(2a),PROFESS,83.3002,4.6266,1,#3366ff
27(2a),PROFESS,83.3011,4.6277,1,#3366ff
27(2a),PROFESS,83.3019,4.6287,1,#3366ff
27(2a),PROFESS,83.3027,4.6298,1,#3366ff
27(2a),PROFESS,83.3035,4.6308,1,#3366ff
27(2a),PROFESS,83.3042,4.6319,1,#3366ff
27(2a),PROFESS,83.305,4.6329,1,#3366ff
27(2a),PROFESS,83.3058,4.634,1,#3366ff
27(2a),PROFESS,83.3067,4.635,1,#3366ff
27(2a),PROFESS,83.3076,4.6361,1,#3366ff
27(2a),PROFESS,83.3087,4.6371,1,#3366ff
27(2a),PROFESS,83.31,4.6382,1,#3366ff
27(2a),PROFESS,83.3114,4.6392,1,#3366ff
27(2a),PROFESS,83.3193,4.6448,1,#3366ff
27(2a),PROFESS,83.3208,4.6469,1,#3366ff
27(2a),PROFESS,83.3223,4.6488,1,#3366ff
27(2a),PROFESS,83.3238,4.6505,1,#3366ff
27(2a),PROFESS,83.3253,4.6522,1,#3366ff
27(2a),PROFESS,83.3269,4.6537,1,#3366ff
27(2a),PROFESS,83.3286,4.6551,1,#3366ff
27(2a),PROFESS,83.3303,4.6563,1,#3366ff
27(2a),PROFESS,83.3716,4.6798,1,#3366ff
27(2a),PROFESS,83.3735,4.6808,1,#3366ff
27(2a),PROFESS,83.3756,4.6817,1,#3366ff
27(2a),PROFESS,83.3777,4.6824,1,#3366ff
27(2a),PROFESS,83.3799,4.683,1,#3366ff
27(2a),PROFESS,83.3823,4.6834,1,#3366ff
27(2a),PROFESS,83.3848,4.6838,1,#3366ff
27(2a),PROFESS,83.3875,4.684,1,#3366ff
27(2a),PROFESS,83.3904,4.684,1,#3366ff
27(2a),PROFESS,83.3983,4.684,1,#3366ff
27(2a),PROFESS,83.3998,4.685,1,#3366ff
27(2a),PROFESS,83.4013,4.6859,1,#3366ff
27(2a),PROFESS,83.4027,4.6866,1,#3366ff
27(2a),PROFESS,83.4041,4.6873,1,#3366ff
27(2a),PROFESS,83.4055,4.6878,1,#3366ff
27(2a),PROFESS,83.4068,4.6882,1,#3366ff
27(2a),PROFESS,83.408,4.6886,1,#3366ff
27(2a),PROFESS,83.4092,4.6889,1,#3366ff
27(2a),PROFESS,83.4103,4.6891,1,#3366ff
27(2a),PROFESS,83.4112,4.6893,1,#3366ff
27(2a),PROFESS,83.4121,4.6894,1,#3366ff
27(2a),PROFESS,83.4128,4.6895,1,#3366ff
27(2a),PROFESS,83.4134,4.6896,1,#3366ff
27(2a),PROFESS,83.4138,4.6896,1,#3366ff
27(2a),PROFESS,83.414,4.6896,1,#3366ff
27(2a),PROFESS,83.4141,4.6896,1,#3366ff
27(2a),PROFESS,83.43,4.6896,1,#3366ff
27(2a),PROFESS,83.4141,4.684,1,#3366ff
27(2a),PROFESS,83.4537,4.6952,1,#3366ff
27(2a),PROFESS,83.4853,4.7008,1,#3366ff
27(2a),PROFESS,83.5951,4.6985,1,#3366ff
27(2a),PROFESS,83.6395,4.7063,1,#3366ff
27(2a),PROFESS,83.6841,4.7144,1,#3366ff
27(2a),PROFESS,83.7271,4.7224,1,#3366ff
27(2a),PROFESS,83.7704,4.7305,1,#3366ff
27(2a),PROFESS,83.8133,4.7388,1,#3366ff
27(2a),PROFESS,83.8554,4.7469,1,#3366ff
27(2a),PROFESS,83.898,4.7552,1,#3366ff
27(2a),PROFESS,83.9408,4.7635,1,#3366ff
27(2a),PROFESS,83.9832,4.7716,1,#3366ff
27(2a),PROFESS,84.0266,4.7797,1,#3366ff
27(2a),PROFESS,84.0702,4.7877,1,#3366ff
27(2a),PROFESS,84.1149,4.7957,1,#3366ff
27(2a),PROFESS,84.1604,4.8035,1,#3366ff
27(2a),PROFESS,84.2068,4.8112,1,#3366ff
27(2a),PROFESS,84.2546,4.8188,1,#3366ff
27(2a),PROFESS,84.3196,4.836,1,#3366ff
27(2a),PROFESS,84.3981,4.8486,1,#3366ff
27(2a),PROFESS,84.4451,4.856,1,#3366ff
27(2a),PROFESS,84.4908,4.8636,1,#3366ff
27(2a),PROFESS,84.5357,4.8714,1,#3366ff
27(2a),PROFESS,84.5795,4.8793,1,#3366ff
27(2a),PROFESS,84.6227,4.8873,1,#3366ff
27(2a),PROFESS,84.6657,4.8955,1,#3366ff
27(2a),PROFESS,84.7082,4.9037,1,#3366ff
27(2a),PROFESS,84.751,4.912,1,#3366ff
27(2a),PROFESS,84.7934,4.9203,1,#3366ff
27(2a),PROFESS,84.8361,4.9285,1,#3366ff
27(2a),PROFESS,84.8799,4.9369,1,#3366ff
27(2a),PROFESS,84.9238,4.9451,1,#3366ff
27(2a),PROFESS,84.9684,4.9532,1,#3366ff
27(2a),PROFESS,85.0149,4.9614,1,#3366ff
27(2a),PROFESS,85.0618,4.9693,1,#3366ff
27(2a),PROFESS,85.1109,4.9772,1,#3366ff
27(2a),PROFESS,85.176,4.9952,1,#3366ff
27(2a),PROFESS,85.255,5.0091,1,#3366ff
27(2a),PROFESS,85.2377,5.0015,1,#3366ff
27(2a),PROFESS,85.3194,5.0255,1,#3366ff
27(2a),PROFESS,85.3195,5.0256,1,#3366ff
27(2a),PROFESS,85.3197,5.0256,1,#3366ff
27(2a),PROFESS,85.3201,5.0256,1,#3366ff
27(2a),PROFESS,85.3206,5.0256,1,#3366ff
27(2a),PROFESS,85.3212,5.0257,1,#3366ff
27(2a),PROFESS,85.3219,5.0258,1,#3366ff
27(2a),PROFESS,85.3226,5.026,1,#3366ff
27(2a),PROFESS,85.3234,5.0262,1,#3366ff
27(2a),PROFESS,85.3241,5.0265,1,#3366ff
27(2a),PROFESS,85.3248,5.0269,1,#3366ff
27(2a),PROFESS,85.3255,5.0274,1,#3366ff
27(2a),PROFESS,85.3261,5.0279,1,#3366ff
27(2a),PROFESS,85.3266,5.0286,1,#3366ff
27(2a),PROFESS,85.327,5.0293,1,#3366ff
27(2a),PROFESS,85.3272,5.0302,1,#3366ff
27(2a),PROFESS,85.3273,5.0311,1,#3366ff
27(2a),PROFESS,85.3985,5.0423,1,#3366ff
27(2a),PROFESS,85.5214,5.0646,1,#3366ff
27(2a),PROFESS,85.6507,5.0886,1,#3366ff
27(2a),PROFESS,85.7799,5.113,1,#3366ff
27(2a),PROFESS,85.9089,5.1377,1,#3366ff
27(2a),PROFESS,86.0379,5.1627,1,#3366ff
27(2a),PROFESS,86.1667,5.188,1,#3366ff
27(2a),PROFESS,86.2954,5.2133,1,#3366ff
27(2a),PROFESS,86.4239,5.2387,1,#3366ff
27(2a),PROFESS,86.5524,5.264,1,#3366ff
27(2a),PROFESS,86.6807,5.2892,1,#3366ff
27(2a),PROFESS,86.8089,5.3142,1,#3366ff
27(2a),PROFESS,86.9371,5.3389,1,#3366ff
27(2a),PROFESS,87.0651,5.3632,1,#3366ff
27(2a),PROFESS,87.193,5.3871,1,#3366ff
27(2a),PROFESS,87.3209,5.4105,1,#3366ff
27(2a),PROFESS,87.4486,5.4333,1,#3366ff
27(2a),PROFESS,87.5251,5.4567,1,#3366ff
27(2a),PROFESS,87.5172,5.4511,1,#3366ff
27(2a),PROFESS,87.5354,5.4572,1,#3366ff
27(2a),PROFESS,87.6818,5.4905,1,#3366ff
27(2a),PROFESS,87.8364,5.5218,1,#3366ff
27(2a),PROFESS,87.9911,5.5533,1,#3366ff
27(2a),PROFESS,88.1456,5.5848,1,#3366ff
27(2a),PROFESS,88.3,5.6162,1,#3366ff
27(2a),PROFESS,88.4544,5.6476,1,#3366ff
27(2a),PROFESS,88.6087,5.6787,1,#3366ff
27(2a),PROFESS,88.763,5.7096,1,#3366ff
27(2a),PROFESS,88.9298,5.7456,1,#3366ff
27(2a),PROFESS,89.0734,5.7721,1,#3366ff
27(2a),PROFESS,89.2306,5.8056,1,#3366ff
27(2a),PROFESS,89.3806,5.8371,1,#3366ff
27(2a),PROFESS,89.5323,5.8651,1,#3366ff
27(2a),PROFESS,89.6784,5.8967,1,#3366ff
27(2a),PROFESS,89.8477,5.9287,1,#3366ff
27(2a),PROFESS,89.9957,5.9597,1,#3366ff
27(2a),PROFESS,90.0786,5.9774,1,#3366ff
27(2a),PROFESS,90.0707,5.9774,1,#3366ff
27(2a),PROFESS,90.1103,5.9886,1,#3366ff
27(2a),PROFESS,90.1572,6.0017,1,#3366ff
27(2a),PROFESS,90.2204,6.0148,1,#3366ff
27(2a),PROFESS,90.2801,6.0275,1,#3366ff
27(2a),PROFESS,90.3464,6.0413,1,#3366ff
27(2a),PROFESS,90.4126,6.0552,1,#3366ff
27(2a),PROFESS,90.4791,6.0691,1,#3366ff
27(2a),PROFESS,90.5458,6.083,1,#3366ff
27(2a),PROFESS,90.6126,6.097,1,#3366ff
27(2a),PROFESS,90.6794,6.111,1,#3366ff
27(2a),PROFESS,90.7462,6.1249,1,#3366ff
27(2a),PROFESS,90.8126,6.1388,1,#3366ff
27(2a),PROFESS,90.8786,6.1526,1,#3366ff
27(2a),PROFESS,90.9442,6.1663,1,#3366ff
27(2a),PROFESS,91.0092,6.1799,1,#3366ff
27(2a),PROFESS,91.0735,6.1934,1,#3366ff
27(2a),PROFESS,91.1538,6.2125,1,#3366ff
27(2a),PROFESS,91.2044,6.2282,1,#3366ff
27(2a),PROFESS,91.2072,6.2285,1,#3366ff
27(2a),PROFESS,91.21,6.2288,1,#3366ff
27(2a),PROFESS,91.2128,6.2291,1,#3366ff
27(2a),PROFESS,91.2151,6.2293,1,#3366ff
27(2a),PROFESS,91.2165,6.2293,1,#3366ff
27(2a),PROFESS,91.218,6.2293,1,#3366ff
27(2a),PROFESS,91.2195,6.2293,1,#3366ff
27(2a),PROFESS,91.221,6.2293,1,#3366ff
27(2a),PROFESS,91.2936,6.2741,1,#3366ff
27(2a),PROFESS,91.2951,6.2741,1,#3366ff
27(2a),PROFESS,91.3045,6.3021,1,#3366ff
27(2a),PROFESS,91.306,6.3021,1,#3366ff
27(2a),PROFESS,91.3075,6.3021,1,#3366ff
27(2a),PROFESS,91.3089,6.3021,1,#3366ff
27(2a),PROFESS,91.3104,6.3021,1,#3366ff
27(2a),PROFESS,91.3119,6.3021,1,#3366ff
27(2a),PROFESS,91.3277,6.3021,1,#3366ff
27(2a),PROFESS,91.304,6.2685,1,#3366ff
27(2a),PROFESS,91.3198,6.3021,1,#3366ff
27(2a),PROFESS,91.1973,6.2097,1,#3366ff
27(2a),PROFESS,91.2147,6.2176,1,#3366ff
27(2a),PROFESS,91.1775,6.1957,1,#3366ff
27(2a),PROFESS,91.1973,6.2097,1,#3366ff
27(2a),PROFESS,91.2882,6.3413,1,#3366ff
27(2a),PROFESS,91.3021,6.4003,1,#3366ff
27(2a),PROFESS,91.3119,6.4869,1,#3366ff
27(2a),PROFESS,91.3179,6.5459,1,#3366ff
27(2a),PROFESS,91.304,6.6436,1,#3366ff
27(2a),PROFESS,91.304,6.6828,1,#3366ff
27(2a),PROFESS,91.3119,6.694,1,#3366ff
27(2a),PROFESS,91.3119,6.7052,1,#3366ff
27(2a),PROFESS,91.3119,6.7063,1,#3366ff
27(2a),PROFESS,91.3119,6.7073,1,#3366ff
27(2a),PROFESS,91.312,6.7083,1,#3366ff
27(2a),PROFESS,91.312,6.7093,1,#3366ff
27(2a),PROFESS,91.3122,6.7103,1,#3366ff
27(2a),PROFESS,91.3123,6.7112,1,#3366ff
27(2a),PROFESS,91.3126,6.7121,1,#3366ff
27(2a),PROFESS,91.3129,6.7129,1,#3366ff
27(2a),PROFESS,91.3133,6.7137,1,#3366ff
27(2a),PROFESS,91.3138,6.7144,1,#3366ff
27(2a),PROFESS,91.3145,6.715,1,#3366ff
27(2a),PROFESS,91.3152,6.7155,1,#3366ff
27(2a),PROFESS,91.3162,6.7159,1,#3366ff
27(2a),PROFESS,91.3172,6.7162,1,#3366ff
27(2a),PROFESS,91.3184,6.7164,1,#3366ff
27(2a),PROFESS,91.3198,6.7164,1,#3366ff
27(2a),PROFESS,91.3277,6.7276,1,#3366ff
27(2a),PROFESS,91.3292,6.7287,1,#3366ff
27(2a),PROFESS,91.3307,6.7297,1,#3366ff
27(2a),PROFESS,91.3322,6.7308,1,#3366ff
27(2a),PROFESS,91.3338,6.7318,1,#3366ff
27(2a),PROFESS,91.3354,6.7329,1,#3366ff
27(2a),PROFESS,91.337,6.7339,1,#3366ff
27(2a),PROFESS,91.3388,6.735,1,#3366ff
27(2a),PROFESS,91.3406,6.736,1,#3366ff
27(2a),PROFESS,91.3425,6.7371,1,#3366ff
27(2a),PROFESS,91.3445,6.7381,1,#3366ff
27(2a),PROFESS,91.3466,6.7392,1,#3366ff
27(2a),PROFESS,91.3884,6.7626,1,#3366ff
27(2a),PROFESS,91.3908,6.7637,1,#3366ff
27(2a),PROFESS,91.3933,6.7647,1,#3366ff
27(2a),PROFESS,91.396,6.7658,1,#3366ff
27(2a),PROFESS,91.3989,6.7668,1,#3366ff
27(2a),PROFESS,91.4068,6.7668,1,#3366ff
27(2a),PROFESS,91.4083,6.7668,1,#3366ff
27(2a),PROFESS,91.4097,6.7668,1,#3366ff
27(2a),PROFESS,91.4112,6.7668,1,#3366ff
27(2a),PROFESS,91.4126,6.7668,1,#3366ff
27(2a),PROFESS,91.4139,6.7668,1,#3366ff
27(2a),PROFESS,91.4153,6.7668,1,#3366ff
27(2a),PROFESS,91.4165,6.7668,1,#3366ff
27(2a),PROFESS,91.4176,6.7668,1,#3366ff
27(2a),PROFESS,91.4187,6.7668,1,#3366ff
27(2a),PROFESS,91.4197,6.7668,1,#3366ff
27(2a),PROFESS,91.4205,6.7668,1,#3366ff
27(2a),PROFESS,91.4212,6.7668,1,#3366ff
27(2a),PROFESS,91.4218,6.7668,1,#3366ff
27(2a),PROFESS,91.4222,6.7668,1,#3366ff
27(2a),PROFESS,91.4225,6.7668,1,#3366ff
27(2a),PROFESS,91.4226,6.7668,1,#3366ff
27(2a),PROFESS,91.4384,6.7668,1,#3366ff
27(2a),PROFESS,91.4226,6.7668,1,#3366ff
27(2a),PROFESS,91.4621,6.7724,1,#3366ff
27(2a),PROFESS,91.9683,6.8648,1,#3366ff
27(2a),PROFESS,92.4499,6.9734,1,#3366ff
27(2a),PROFESS,92.929,7.0861,1,#3366ff
27(2a),PROFESS,93.3956,7.192,1,#3366ff
27(2a),PROFESS,93.8859,7.3081,1,#3366ff
27(2a),PROFESS,94.3637,7.4189,1,#3366ff
27(2a),PROFESS,94.8438,7.5319,1,#3366ff
27(2a),PROFESS,95.3234,7.644,1,#3366ff
27(2a),PROFESS,95.7984,7.7605,1,#3366ff
27(2a),PROFESS,96.2744,7.8761,1,#3366ff
27(2a),PROFESS,96.7513,7.9911,1,#3366ff
27(2a),PROFESS,97.2288,8.1061,1,#3366ff
27(2a),PROFESS,97.7068,8.2213,1,#3366ff
27(2a),PROFESS,98.1853,8.3373,1,#3366ff
27(2a),PROFESS,98.6639,8.4545,1,#3366ff
27(2a),PROFESS,99.1282,8.5671,1,#3366ff
27(2a),PROFESS,99.2097,8.5865,1,#3366ff
27(2a),PROFESS,99.2112,8.5874,1,#3366ff
27(2a),PROFESS,99.2126,8.5883,1,#3366ff
27(2a),PROFESS,99.2141,8.5891,1,#3366ff
27(2a),PROFESS,99.2156,8.5897,1,#3366ff
27(2a),PROFESS,99.2171,8.5902,1,#3366ff
27(2a),PROFESS,99.2186,8.5907,1,#3366ff
27(2a),PROFESS,99.2201,8.5911,1,#3366ff
27(2a),PROFESS,99.2215,8.5914,1,#3366ff
27(2a),PROFESS,99.223,8.5916,1,#3366ff
27(2a),PROFESS,99.3036,8.6534,1,#3366ff
27(2a),PROFESS,99.305,8.6535,1,#3366ff
27(2a),PROFESS,99.3065,8.6536,1,#3366ff
27(2a),PROFESS,99.308,8.6536,1,#3366ff
27(2a),PROFESS,99.3095,8.6536,1,#3366ff
27(2a),PROFESS,99.311,8.6536,1,#3366ff
27(2a),PROFESS,99.3125,8.6536,1,#3366ff
27(2a),PROFESS,99.3283,8.6536,1,#3366ff
27(2a),PROFESS,99.3125,8.6536,1,#3366ff
27(2a),PROFESS,99.3204,8.6536,1,#3366ff
27(2a),PROFESS,99.2097,8.5753,1,#3366ff
27(2a),PROFESS,99.2176,8.5809,1,#3366ff
27(2a),PROFESS,99.2065,8.5685,1,#3366ff
27(2a),PROFESS,99.2097,8.5921,1,#3366ff
27(2a),PROFESS,99.2966,8.6648,1,#3366ff
27(2a),PROFESS,99.3045,8.7208,1,#3366ff
27(2a),PROFESS,99.3125,8.7936,1,#3366ff
27(2a),PROFESS,99.3191,8.8657,1,#3366ff
27(2a),PROFESS,99.3283,8.9504,1,#3366ff
27(2a),PROFESS,99.3125,9.0736,1,#3366ff
27(2a),PROFESS,99.3204,9.0904,1,#3366ff
27(2a),PROFESS,99.3204,9.1128,1,#3366ff
27(2a),PROFESS,99.3204,9.1138,1,#3366ff
27(2a),PROFESS,99.3207,9.1149,1,#3366ff
27(2a),PROFESS,99.3211,9.1159,1,#3366ff
27(2a),PROFESS,99.3216,9.117,1,#3366ff
27(2a),PROFESS,99.3222,9.118,1,#3366ff
27(2a),PROFESS,99.3229,9.1191,1,#3366ff
27(2a),PROFESS,99.3236,9.1201,1,#3366ff
27(2a),PROFESS,99.3243,9.1212,1,#3366ff
27(2a),PROFESS,99.325,9.1222,1,#3366ff
27(2a),PROFESS,99.3258,9.1233,1,#3366ff
27(2a),PROFESS,99.3264,9.1243,1,#3366ff
27(2a),PROFESS,99.327,9.1254,1,#3366ff
27(2a),PROFESS,99.3275,9.1264,1,#3366ff
27(2a),PROFESS,99.3279,9.1275,1,#3366ff
27(2a),PROFESS,99.3282,9.1285,1,#3366ff
27(2a),PROFESS,99.3283,9.1296,1,#3366ff
27(2a),PROFESS,99.3401,9.138,1,#3366ff
27(2a),PROFESS,99.3439,9.1416,1,#3366ff
27(2a),PROFESS,99.3474,9.1447,1,#3366ff
27(2a),PROFESS,99.3493,9.1465,1,#3366ff
27(2a),PROFESS,99.375,9.1705,1,#3366ff
27(2a),PROFESS,99.377,9.172,1,#3366ff
27(2a),PROFESS,99.3792,9.1734,1,#3366ff
27(2a),PROFESS,99.3814,9.1746,1,#3366ff
27(2a),PROFESS,99.3836,9.1757,1,#3366ff
27(2a),PROFESS,99.3858,9.1767,1,#3366ff
27(2a),PROFESS,99.388,9.1776,1,#3366ff
27(2a),PROFESS,99.3902,9.1783,1,#3366ff
27(2a),PROFESS,99.3923,9.1789,1,#3366ff
27(2a),PROFESS,99.3942,9.1794,1,#3366ff
27(2a),PROFESS,99.3961,9.1797,1,#3366ff
27(2a),PROFESS,99.3978,9.1799,1,#3366ff
27(2a),PROFESS,99.3994,9.1799,1,#3366ff
27(2a),PROFESS,99.4152,9.1855,1,#3366ff
27(2a),PROFESS,99.4468,9.1855,1,#3366ff
27(2a),PROFESS,99.4152,9.1799,1,#3366ff
27(2a),PROFESS,99.431,9.1855,1,#3366ff
27(2a),PROFESS,99.4548,9.1967,1,#3366ff
27(2a),PROFESS,99.6179,9.2233,1,#3366ff
27(2a),PROFESS,99.7545,9.2611,1,#3366ff
27(2a),PROFESS,99.8916,9.2984,1,#3366ff
27(2a),PROFESS,100.029,9.3355,1,#3366ff
27(2a),PROFESS,100.0819,9.3496,1,#3366ff
27(2a),FEMAXI-JNES,-0.0619,0.1433,0,#333399
27(2a),FEMAXI-JNES,3.8279,0.0649,0,#333399
27(2a),FEMAXI-JNES,6.2194,0.0679,0,#333399
27(2a),FEMAXI-JNES,8.6108,0.0692,0,#333399
27(2a),FEMAXI-JNES,11.0022,0.0693,0,#333399
27(2a),FEMAXI-JNES,13.3937,0.0684,0,#333399
27(2a),FEMAXI-JNES,15.7852,0.0668,0,#333399
27(2a),FEMAXI-JNES,18.1767,0.0647,0,#333399
27(2a),FEMAXI-JNES,20.5682,0.0624,0,#333399
27(2a),FEMAXI-JNES,22.9597,0.0603,0,#333399
27(2a),FEMAXI-JNES,25.3512,0.0585,0,#333399
27(2a),FEMAXI-JNES,27.7428,0.0574,0,#333399
27(2a),FEMAXI-JNES,30.1343,0.0573,0,#333399
27(2a),FEMAXI-JNES,32.5258,0.0584,0,#333399
27(2a),FEMAXI-JNES,34.9174,0.0611,0,#333399
27(2a),FEMAXI-JNES,37.3089,0.0655,0,#333399
27(2a),FEMAXI-JNES,39.7003,0.072,0,#333399
27(2a),FEMAXI-JNES,42.0918,0.0809,0,#333399
27(2a),FEMAXI-JNES,42.4706,0.0873,0,#333399
27(2a),FEMAXI-JNES,42.8396,0.0875,0,#333399
27(2a),FEMAXI-JNES,43.868,0.1056,0,#333399
27(2a),FEMAXI-JNES,44.8867,0.1313,0,#333399
27(2a),FEMAXI-JNES,45.8926,0.1693,0,#333399
27(2a),FEMAXI-JNES,46.8876,0.2193,0,#333399
27(2a),FEMAXI-JNES,47.8737,0.2807,0,#333399
27(2a),FEMAXI-JNES,48.8526,0.3533,0,#333399
27(2a),FEMAXI-JNES,49.8265,0.4365,0,#333399
27(2a),FEMAXI-JNES,50.7972,0.5301,0,#333399
27(2a),FEMAXI-JNES,51.7668,0.6336,0,#333399
27(2a),FEMAXI-JNES,52.7371,0.7468,0,#333399
27(2a),FEMAXI-JNES,53.7101,0.8691,0,#333399
27(2a),FEMAXI-JNES,54.6867,1.0001,0,#333399
27(2a),FEMAXI-JNES,55.6711,1.14,0,#333399
27(2a),FEMAXI-JNES,56.6642,1.2879,0,#333399
27(2a),FEMAXI-JNES,57.6679,1.4436,0,#333399
27(2a),FEMAXI-JNES,58.6842,1.6066,0,#333399
27(2a),FEMAXI-JNES,59.935,1.8162,0,#333399
27(2a),FEMAXI-JNES,60.5531,1.9228,0,#333399
27(2a),FEMAXI-JNES,61.1876,2.0351,0,#333399
27(2a),FEMAXI-JNES,63.3094,2.4387,0,#333399
27(2a),FEMAXI-JNES,65.4285,2.8452,0,#333399
27(2a),FEMAXI-JNES,67.5478,3.2528,0,#333399
27(2a),FEMAXI-JNES,69.6669,3.6623,0,#333399
27(2a),FEMAXI-JNES,71.7854,4.0744,0,#333399
27(2a),FEMAXI-JNES,73.9029,4.4898,0,#333399
27(2a),FEMAXI-JNES,76.019,4.909,0,#333399
27(2a),FEMAXI-JNES,78.1334,5.3329,0,#333399
27(2a),FEMAXI-JNES,80.2455,5.7621,0,#333399
27(2a),FEMAXI-JNES,82.355,6.1972,0,#333399
27(2a),FEMAXI-JNES,84.4616,6.639,0,#333399
27(2a),FEMAXI-JNES,86.5648,7.0882,0,#333399
27(2a),FEMAXI-JNES,88.6641,7.5453,0,#333399
27(2a),FEMAXI-JNES,90.7593,8.0111,0,#333399
27(2a),FEMAXI-JNES,92.8499,8.4863,0,#333399
27(2a),FEMAXI-JNES,94.9354,8.9716,0,#333399
27(2a),FEMAXI-JNES,99.9784,10.198,0,#333399
27(2a),FEMAXI-JNES,99.9843,10.1989,0,#333399
27(2a),FEMAXI-JNES,99.9902,10.1993,0,#333399
27(2a),FEMAXI-JNES,99.9961,10.1994,0,#333399
27(2a),FEMAXI-JNES,100.0019,10.1992,0,#333399
27(2a),FEMAXI-JNES,100.0076,10.1985,0,#333399
27(2a),FEMAXI-JNES,100.0131,10.1975,0,#333399
27(2a),FEMAXI-JNES,100.0186,10.1962,0,#333399
27(2a),FEMAXI-JNES,100.0239,10.1945,0,#333399
27(2a),FEMAXI-JNES,100.029,10.1925,0,#333399
27(2a),FEMAXI-JNES,100.0338,10.1902,0,#333399
27(2a),FEMAXI-JNES,100.0385,10.1876,0,#333399
27(2a),FEMAXI-JNES,100.0429,10.1846,0,#333399
27(2a),FEMAXI-JNES,100.047,10.1814,0,#333399
27(2a),FEMAXI-JNES,100.0508,10.1779,0,#333399
27(2a),FEMAXI-JNES,100.0543,10.1741,0,#333399
27(2a),FEMAXI-JNES,100.0575,10.17,0,#333399
27(2a),FEMAXI-JNES,100.0587,10.1668,0,#333399
27(2a),FEMAXI-JNES,100.0593,10.1635,0,#333399
27(2a),MACROS,50.9139,0.0537,0,#ff99cc
27(2a),MACROS,51.399,0.0086,0,#ff99cc
27(2a),MACROS,51.9046,0.0427,0,#ff99cc
27(2a),MACROS,52.3948,0.0757,0,#ff99cc
27(2a),MACROS,53.1759,0.1265,0,#ff99cc
27(2a),MACROS,53.9606,0.1764,0,#ff99cc
27(2a),MACROS,54.7487,0.2264,0,#ff99cc
27(2a),MACROS,55.5395,0.2771,0,#ff99cc
27(2a),MACROS,56.3323,0.3296,0,#ff99cc
27(2a),MACROS,57.1263,0.3846,0,#ff99cc
27(2a),MACROS,57.9209,0.4429,0,#ff99cc
27(2a),MACROS,58.7154,0.5054,0,#ff99cc
27(2a),MACROS,59.5089,0.5729,0,#ff99cc
27(2a),MACROS,60.3009,0.6463,0,#ff99cc
27(2a),MACROS,61.0905,0.7265,0,#ff99cc
27(2a),MACROS,61.8772,0.8141,0,#ff99cc
27(2a),MACROS,62.66,0.9101,0,#ff99cc
27(2a),MACROS,63.4384,1.0152,0,#ff99cc
27(2a),MACROS,64.2116,1.1304,0,#ff99cc
27(2a),MACROS,64.9788,1.2563,0,#ff99cc
27(2a),MACROS,65.1566,1.2904,0,#ff99cc
27(2a),MACROS,65.3369,1.3176,0,#ff99cc
27(2a),MACROS,65.55,1.3531,0,#ff99cc
27(2a),MACROS,65.8804,1.4078,0,#ff99cc
27(2a),MACROS,66.2105,1.4614,0,#ff99cc
27(2a),MACROS,66.5409,1.5141,0,#ff99cc
27(2a),MACROS,66.8716,1.5662,0,#ff99cc
27(2a),MACROS,67.2026,1.6178,0,#ff99cc
27(2a),MACROS,67.5338,1.6691,0,#ff99cc
27(2a),MACROS,67.8652,1.7201,0,#ff99cc
27(2a),MACROS,68.1966,1.7712,0,#ff99cc
27(2a),MACROS,68.5281,1.8224,0,#ff99cc
27(2a),MACROS,68.8597,1.8739,0,#ff99cc
27(2a),MACROS,69.1911,1.9258,0,#ff99cc
27(2a),MACROS,69.5225,1.9784,0,#ff99cc
27(2a),MACROS,69.8538,2.0318,0,#ff99cc
27(2a),MACROS,70.1848,2.0861,0,#ff99cc
27(2a),MACROS,70.5157,2.1416,0,#ff99cc
27(2a),MACROS,70.8462,2.1983,0,#ff99cc
27(2a),MACROS,71.147,2.2531,0,#ff99cc
27(2a),MACROS,71.777,2.3661,0,#ff99cc
27(2a),MACROS,72.2867,2.4457,0,#ff99cc
27(2a),MACROS,72.7705,2.5201,0,#ff99cc
27(2a),MACROS,73.235,2.5947,0,#ff99cc
27(2a),MACROS,73.6799,2.6713,0,#ff99cc
27(2a),MACROS,74.1083,2.7513,0,#ff99cc
27(2a),MACROS,74.5258,2.8363,0,#ff99cc
27(2a),MACROS,74.9305,2.9267,0,#ff99cc
27(2a),MACROS,75.328,3.024,0,#ff99cc
27(2a),MACROS,75.7213,3.1295,0,#ff99cc
27(2a),MACROS,76.1135,3.2447,0,#ff99cc
27(2a),MACROS,76.5077,3.3709,0,#ff99cc
27(2a),MACROS,76.9069,3.5097,0,#ff99cc
27(2a),MACROS,77.3141,3.6624,0,#ff99cc
27(2a),MACROS,77.7322,3.8307,0,#ff99cc
27(2a),MACROS,78.1642,4.0161,0,#ff99cc
27(2a),MACROS,78.6129,4.2201,0,#ff99cc
27(2a),MACROS,78.9035,4.3555,0,#ff99cc
27(2a),MACROS,79.1675,4.4833,0,#ff99cc
27(2a),MACROS,79.439,4.6248,0,#ff99cc
27(2a),MACROS,79.7246,4.7708,0,#ff99cc
27(2a),MACROS,79.996,4.9176,0,#ff99cc
27(2a),MACROS,80.4309,5.1632,0,#ff99cc
27(2a),MACROS,80.8583,5.4204,0,#ff99cc
27(2a),MACROS,81.2735,5.6845,0,#ff99cc
27(2a),MACROS,81.6803,5.9558,0,#ff99cc
27(2a),MACROS,82.08,6.2333,0,#ff99cc
27(2a),MACROS,82.4738,6.5157,0,#ff99cc
27(2a),MACROS,82.863,6.802,0,#ff99cc
27(2a),MACROS,83.2489,7.091,0,#ff99cc
27(2a),MACROS,83.6325,7.3816,0,#ff99cc
27(2a),MACROS,84.0153,7.6728,0,#ff99cc
27(2a),MACROS,84.3985,7.9636,0,#ff99cc
27(2a),MACROS,84.7832,8.2526,0,#ff99cc
27(2a),MACROS,85.1706,8.5387,0,#ff99cc
27(2a),MACROS,85.5618,8.8209,0,#ff99cc
27(2a),MACROS,85.9582,9.0981,0,#ff99cc
27(2a),MACROS,86.3608,9.3691,0,#ff99cc
27(2a),MACROS,86.8063,9.6791,0,#ff99cc
27(2a),MACROS,87.067,9.8576,0,#ff99cc
27(2a),MACROS,87.3265,10.0327,0,#ff99cc
27(2a),MACROS,87.5875,10.2062,0,#ff99cc
27(2a),MACROS,87.8498,10.3784,0,#ff99cc
27(2a),MACROS,88.1134,10.5494,0,#ff99cc
27(2a),MACROS,88.3781,10.7193,0,#ff99cc
27(2a),MACROS,88.6438,10.8885,0,#ff99cc
27(2a),MACROS,88.9102,11.0569,0,#ff99cc
27(2a),MACROS,89.1774,11.2249,0,#ff99cc
27(2a),MACROS,89.445,11.3926,0,#ff99cc
27(2a),MACROS,89.7131,11.5602,0,#ff99cc
27(2a),MACROS,89.9813,11.7278,0,#ff99cc
27(2a),MACROS,90.2497,11.8956,0,#ff99cc
27(2a),MACROS,90.518,12.0639,0,#ff99cc
27(2a),MACROS,90.7862,12.2327,0,#ff99cc
27(2a),MACROS,91.054,12.4023,0,#ff99cc
27(2a),MACROS,91.1103,12.4469,0,#ff99cc
27(2a),MACROS,91.225,12.5169,0,#ff99cc
27(2a),MACROS,91.2329,12.5169,0,#ff99cc
27(2a),MACROS,91.2329,12.5169,0,#ff99cc
27(2a),MACROS,91.2329,12.5169,0,#ff99cc
27(2a),MACROS,91.2329,12.5169,0,#ff99cc
27(2a),MACROS,91.2329,12.5169,0,#ff99cc
27(2a),MACROS,91.2329,12.5169,0,#ff99cc
27(2a),MACROS,91.2329,12.5169,0,#ff99cc
27(2a),MACROS,91.2329,12.5169,0,#ff99cc
27(2a),MACROS,91.2329,12.5169,0,#ff99cc
27(2a),MACROS,91.2329,12.5169,0,#ff99cc
27(2a),MACROS,91.2329,12.5169,0,#ff99cc
27(2a),MACROS,91.2329,12.5169,0,#ff99cc
27(2a),MACROS,91.2329,12.5169,0,#ff99cc
27(2a),MACROS,91.2329,12.5169,0,#ff99cc
27(2a),MACROS,91.2329,12.5169,0,#ff99cc
27(2a),MACROS,91.2329,12.5169,0,#ff99cc
27(2a),MACROS,91.2329,12.5169,0,#ff99cc
27(2a),MACROS,91.2645,12.5281,0,#ff99cc
27(2a),MACROS,91.2659,12.5281,0,#ff99cc
27(2a),MACROS,91.2671,12.5281,0,#ff99cc
27(2a),MACROS,91.2682,12.5281,0,#ff99cc
27(2a),MACROS,91.2692,12.5281,0,#ff99cc
27(2a),MACROS,91.2701,12.5281,0,#ff99cc
27(2a),MACROS,91.2709,12.5281,0,#ff99cc
27(2a),MACROS,91.2716,12.5281,0,#ff99cc
27(2a),MACROS,91.2724,12.5281,0,#ff99cc
27(2a),MACROS,91.2731,12.5281,0,#ff99cc
27(2a),MACROS,91.2739,12.5281,0,#ff99cc
27(2a),MACROS,91.2747,12.5281,0,#ff99cc
27(2a),MACROS,91.2756,12.5281,0,#ff99cc
27(2a),MACROS,91.2766,12.5281,0,#ff99cc
27(2a),MACROS,91.2777,12.5281,0,#ff99cc
27(2a),MACROS,91.2789,12.5281,0,#ff99cc
27(2a),MACROS,91.2803,12.5281,0,#ff99cc
27(2a),MACROS,91.2882,12.5337,0,#ff99cc
27(2a),MACROS,91.2897,12.5337,0,#ff99cc
27(2a),MACROS,91.2912,12.5337,0,#ff99cc
27(2a),MACROS,91.2926,12.5337,0,#ff99cc
27(2a),MACROS,91.2941,12.5337,0,#ff99cc
27(2a),MACROS,91.2956,12.5337,0,#ff99cc
27(2a),MACROS,91.2971,12.5337,0,#ff99cc
27(2a),MACROS,91.2986,12.5337,0,#ff99cc
27(2a),MACROS,91.3001,12.5337,0,#ff99cc
27(2a),MACROS,91.3015,12.5337,0,#ff99cc
27(2a),MACROS,91.303,12.5337,0,#ff99cc
27(2a),MACROS,91.3045,12.5337,0,#ff99cc
27(2a),MACROS,91.306,12.5337,0,#ff99cc
27(2a),MACROS,91.3075,12.5337,0,#ff99cc
27(2a),MACROS,91.3327,12.5337,0,#ff99cc
27(2a),MACROS,91.3342,12.5337,0,#ff99cc
27(2a),MACROS,91.3356,12.5337,0,#ff99cc
27(2a),MACROS,91.3435,12.5337,0,#ff99cc
27(2a),MACROS,91.345,12.5337,0,#ff99cc
27(2a),MACROS,91.3465,12.5337,0,#ff99cc
27(2a),MACROS,91.3479,12.5337,0,#ff99cc
27(2a),MACROS,91.3493,12.5337,0,#ff99cc
27(2a),MACROS,91.3507,12.5337,0,#ff99cc
27(2a),MACROS,91.352,12.5337,0,#ff99cc
27(2a),MACROS,91.3533,12.5337,0,#ff99cc
27(2a),MACROS,91.3544,12.5337,0,#ff99cc
27(2a),MACROS,91.3555,12.5337,0,#ff99cc
27(2a),MACROS,91.3564,12.5337,0,#ff99cc
27(2a),MACROS,91.3573,12.5337,0,#ff99cc
27(2a),MACROS,91.358,12.5337,0,#ff99cc
27(2a),MACROS,91.3586,12.5337,0,#ff99cc
27(2a),MACROS,91.359,12.5337,0,#ff99cc
27(2a),MACROS,91.3593,12.5337,0,#ff99cc
27(2a),MACROS,91.3593,12.5337,0,#ff99cc
27(2a),MACROS,91.391,12.5225,0,#ff99cc
27(2a),MACROS,91.3989,12.5225,0,#ff99cc
27(2a),MACROS,91.4305,12.5113,0,#ff99cc
27(2a),MACROS,91.5439,12.455,0,#ff99cc
27(2a),MACROS,91.6281,12.4385,0,#ff99cc
27(2a),MACROS,91.5528,12.4492,0,#ff99cc
27(2a),MACROS,91.7072,12.4441,0,#ff99cc
27(2a),MACROS,91.6281,12.4329,0,#ff99cc
27(2a),MACROS,91.6805,12.4378,0,#ff99cc
27(2a),MACROS,91.6281,12.4329,0,#ff99cc
27(2a),MACROS,91.6993,12.4497,0,#ff99cc
27(2a),MACROS,91.5617,12.4432,0,#ff99cc
27(2a),MACROS,91.6993,12.4497,0,#ff99cc
27(2a),MACROS,91.6281,12.4329,0,#ff99cc
27(2a),MACROS,91.7183,12.4544,0,#ff99cc
27(2a),MACROS,91.6993,12.4497,0,#ff99cc
27(2a),MACROS,91.76,12.495,0,#ff99cc
27(2a),MACROS,91.7949,12.5348,0,#ff99cc
27(2a),MACROS,91.8275,12.5782,0,#ff99cc
27(2a),MACROS,91.8581,12.6248,0,#ff99cc
27(2a),MACROS,91.8873,12.6739,0,#ff99cc
27(2a),MACROS,91.9154,12.725,0,#ff99cc
27(2a),MACROS,91.9427,12.7773,0,#ff99cc
27(2a),MACROS,91.9695,12.8302,0,#ff99cc
27(2a),MACROS,91.9962,12.8831,0,#ff99cc
27(2a),MACROS,92.0229,12.9352,0,#ff99cc
27(2a),MACROS,92.0499,12.9858,0,#ff99cc
27(2a),MACROS,92.0773,13.0342,0,#ff99cc
27(2a),MACROS,92.1053,13.0796,0,#ff99cc
27(2a),MACROS,92.1338,13.1214,0,#ff99cc
27(2a),MACROS,92.1626,13.1589,0,#ff99cc
27(2a),MACROS,92.1926,13.193,0,#ff99cc
27(2a),MACROS,92.2256,13.2243,0,#ff99cc
27(2a),MACROS,92.2764,13.2671,0,#ff99cc
27(2a),MACROS,92.2843,13.2671,0,#ff99cc
27(2a),MACROS,92.2843,13.2671,0,#ff99cc
27(2a),MACROS,92.2843,13.2671,0,#ff99cc
27(2a),MACROS,92.2843,13.2671,0,#ff99cc
27(2a),MACROS,92.2843,13.2671,0,#ff99cc
27(2a),MACROS,92.2843,13.2671,0,#ff99cc
27(2a),MACROS,92.2843,13.2671,0,#ff99cc
27(2a),MACROS,92.2843,13.2671,0,#ff99cc
27(2a),MACROS,92.2843,13.2671,0,#ff99cc
27(2a),MACROS,92.2843,13.2671,0,#ff99cc
27(2a),MACROS,92.2843,13.2671,0,#ff99cc
27(2a),MACROS,92.2843,13.2671,0,#ff99cc
27(2a),MACROS,92.2843,13.2671,0,#ff99cc
27(2a),MACROS,92.2843,13.2671,0,#ff99cc
27(2a),MACROS,92.2843,13.2671,0,#ff99cc
27(2a),MACROS,92.2843,13.2671,0,#ff99cc
27(2a),MACROS,92.2843,13.2671,0,#ff99cc
27(2a),MACROS,92.3254,13.2873,0,#ff99cc
27(2a),MACROS,92.3913,13.3092,0,#ff99cc
27(2a),MACROS,92.4608,13.3345,0,#ff99cc
27(2a),MACROS,92.5278,13.3619,0,#ff99cc
27(2a),MACROS,92.5925,13.3914,0,#ff99cc
27(2a),MACROS,92.6552,13.4225,0,#ff99cc
27(2a),MACROS,92.716,13.4548,0,#ff99cc
27(2a),MACROS,92.7754,13.488,0,#ff99cc
27(2a),MACROS,92.8334,13.5218,0,#ff99cc
27(2a),MACROS,92.8905,13.5558,0,#ff99cc
27(2a),MACROS,92.9467,13.5894,0,#ff99cc
27(2a),MACROS,93.0022,13.6224,0,#ff99cc
27(2a),MACROS,93.0576,13.6546,0,#ff99cc
27(2a),MACROS,93.1146,13.6865,0,#ff99cc
27(2a),MACROS,93.1717,13.7169,0,#ff99cc
27(2a),MACROS,93.2291,13.7455,0,#ff99cc
27(2a),MACROS,93.2875,13.7725,0,#ff99cc
27(2a),MACROS,93.512,13.8911,0,#ff99cc
27(2a),MACROS,93.5127,13.8925,0,#ff99cc
27(2a),MACROS,93.5133,13.8937,0,#ff99cc
27(2a),MACROS,93.5139,13.8947,0,#ff99cc
27(2a),MACROS,93.5144,13.8956,0,#ff99cc
27(2a),MACROS,93.515,13.8964,0,#ff99cc
27(2a),MACROS,93.5156,13.8971,0,#ff99cc
27(2a),MACROS,93.5162,13.8977,0,#ff99cc
27(2a),MACROS,93.517,13.8982,0,#ff99cc
27(2a),MACROS,93.5178,13.8987,0,#ff99cc
27(2a),MACROS,93.5188,13.8991,0,#ff99cc
27(2a),MACROS,93.5199,13.8995,0,#ff99cc
27(2a),MACROS,93.5209,13.8997,0,#ff99cc
27(2a),MACROS,93.5218,13.8998,0,#ff99cc
27(2a),MACROS,93.5229,13.8998,0,#ff99cc
27(2a),MACROS,93.5241,13.8998,0,#ff99cc
27(2a),MACROS,93.5255,13.8998,0,#ff99cc
27(2a),MACROS,93.5413,13.9054,0,#ff99cc
27(2a),MACROS,93.5414,13.9064,0,#ff99cc
27(2a),MACROS,93.5417,13.9073,0,#ff99cc
27(2a),MACROS,93.542,13.908,0,#ff99cc
27(2a),MACROS,93.5425,13.9087,0,#ff99cc
27(2a),MACROS,93.5431,13.9092,0,#ff99cc
27(2a),MACROS,93.5438,13.9097,0,#ff99cc
27(2a),MACROS,93.5445,13.91,0,#ff99cc
27(2a),MACROS,93.5453,13.9103,0,#ff99cc
27(2a),MACROS,93.546,13.9106,0,#ff99cc
27(2a),MACROS,93.5467,13.9107,0,#ff99cc
27(2a),MACROS,93.5632,13.9165,0,#ff99cc
27(2a),MACROS,93.5638,13.9165,0,#ff99cc
27(2a),MACROS,93.5643,13.9166,0,#ff99cc
27(2a),MACROS,93.5647,13.9166,0,#ff99cc
27(2a),MACROS,93.5649,13.9166,0,#ff99cc
27(2a),MACROS,93.565,13.9166,0,#ff99cc
27(2a),MACROS,93.5887,13.9222,0,#ff99cc
27(2a),MACROS,93.6771,13.945,0,#ff99cc
27(2a),MACROS,93.724,13.9572,0,#ff99cc
27(2a),MACROS,93.802,13.9859,0,#ff99cc
27(2a),MACROS,93.7882,13.9835,0,#ff99cc
27(2a),MACROS,93.8734,14.0286,0,#ff99cc
27(2a),MACROS,93.8575,14.0174,0,#ff99cc
27(2a),MACROS,93.9287,14.0846,0,#ff99cc
27(2a),MACROS,93.9132,14.0606,0,#ff99cc
27(2a),MACROS,93.9564,14.121,0,#ff99cc
27(2a),MACROS,94.0065,14.2516,0,#ff99cc
27(2a),MACROS,94.0391,14.3605,0,#ff99cc
27(2a),MACROS,94.0695,14.4703,0,#ff99cc
27(2a),MACROS,94.0978,14.5808,0,#ff99cc
27(2a),MACROS,94.1244,14.6919,0,#ff99cc
27(2a),MACROS,94.1495,14.8033,0,#ff99cc
27(2a),MACROS,94.1735,14.915,0,#ff99cc
27(2a),MACROS,94.1967,15.0268,0,#ff99cc
27(2a),MACROS,94.2194,15.1385,0,#ff99cc
27(2a),MACROS,94.2417,15.25,0,#ff99cc
27(2a),MACROS,94.2641,15.361,0,#ff99cc
27(2a),MACROS,94.2868,15.4715,0,#ff99cc
27(2a),MACROS,94.31,15.5812,0,#ff99cc
27(2a),MACROS,94.3342,15.6909,0,#ff99cc
27(2a),MACROS,94.3595,15.7989,0,#ff99cc
27(2a),MACROS,94.3861,15.9055,0,#ff99cc
27(2a),MACROS,94.4077,16.0556,0,#ff99cc
27(2a),MACROS,94.4081,16.0597,0,#ff99cc
27(2a),MACROS,94.4092,16.0637,0,#ff99cc
27(2a),MACROS,94.4109,16.0674,0,#ff99cc
27(2a),MACROS,94.4132,16.071,0,#ff99cc
27(2a),MACROS,94.416,16.0744,0,#ff99cc
27(2a),MACROS,94.4194,16.0775,0,#ff99cc
27(2a),MACROS,94.4233,16.0803,0,#ff99cc
27(2a),MACROS,94.4275,16.0828,0,#ff99cc
27(2a),MACROS,94.4321,16.085,0,#ff99cc
27(2a),MACROS,94.4371,16.0869,0,#ff99cc
27(2a),MACROS,94.4423,16.0883,0,#ff99cc
27(2a),MACROS,94.4478,16.0894,0,#ff99cc
27(2a),MACROS,94.4534,16.09,0,#ff99cc
27(2a),MACROS,94.4592,16.0902,0,#ff99cc
27(2a),MACROS,94.4651,16.0899,0,#ff99cc
27(2a),MACROS,94.471,16.0891,0,#ff99cc
27(2a),MACROS,94.4768,16.088,0,#ff99cc
27(2a),MACROS,94.4824,16.0865,0,#ff99cc
27(2a),MACROS,94.4878,16.0849,0,#ff99cc
27(2a),MACROS,94.4929,16.0829,0,#ff99cc
27(2a),MACROS,94.4976,16.0808,0,#ff99cc
27(2a),MACROS,94.502,16.0784,0,#ff99cc
27(2a),MACROS,94.506,16.0758,0,#ff99cc
27(2a),MACROS,94.5095,16.0731,0,#ff99cc
27(2a),MACROS,94.5126,16.0701,0,#ff99cc
27(2a),MACROS,94.5152,16.0669,0,#ff99cc
27(2b),START3,-0.0878,0.0049,0,#ff00ff
27(2b),START3,19.9817,-0.0578,0,#ff00ff
27(2b),START3,39.9452,0.0786,0,#ff00ff
27(2b),START3,39.9195,0.0766,0,#ff00ff
27(2b),START3,49.8909,1.9766,0,#ff00ff
27(2b),START3,60.0086,4.4811,0,#ff00ff
27(2b),START3,59.9317,4.4584,0,#ff00ff
27(2b),START3,69.9519,9.9857,0,#ff00ff
27(2b),START3,79.9076,16.9952,0,#ff00ff
27(2b),START3,89.8792,25.0042,0,#ff00ff
27(2b),START3,99.9827,31.9994,0,#ff00ff
27(2b),START3,99.9858,32.0018,0,#ff00ff
27(2b),START3,99.9894,32.004,0,#ff00ff
27(2b),START3,99.9934,32.006,0,#ff00ff
27(2b),START3,99.9979,32.0077,0,#ff00ff
27(2b),START3,100.0027,32.0091,0,#ff00ff
27(2b),START3,100.0078,32.0103,0,#ff00ff
27(2b),START3,100.0132,32.0112,0,#ff00ff
27(2b),START3,100.0188,32.0117,0,#ff00ff
27(2b),START3,100.0246,32.012,0,#ff00ff
27(2b),START3,100.0305,32.0119,0,#ff00ff
27(2b),START3,100.0365,32.0115,0,#ff00ff
27(2b),START3,100.0426,32.0108,0,#ff00ff
27(2b),START3,100.0486,32.0096,0,#ff00ff
27(2b),START3,100.0546,32.0081,0,#ff00ff
27(2b),START3,100.0606,32.0062,0,#ff00ff
27(2b),START3,100.0663,32.0039,0,#ff00ff
27(2b),START3,100.0704,32.0013,0,#ff00ff
27(2b),START3,100.0738,31.9987,0,#ff00ff
27(2b),START3,100.0768,31.9959,0,#ff00ff
27(2b),TU (Bul),-0.0573,0.0408,0,#0000ff
27(2b),TU (Bul),9.9386,-0.0354,0,#0000ff
27(2b),TU (Bul),14.9448,-0.0354,0,#0000ff
27(2b),TU (Bul),19.9355,-0.0264,0,#0000ff
27(2b),TU (Bul),21.4463,-0.0225,0,#0000ff
27(2b),TU (Bul),22.9573,-0.0179,0,#0000ff
27(2b),TU (Bul),24.4684,-0.0127,0,#0000ff
27(2b),TU (Bul),25.9795,-0.0069,0,#0000ff
27(2b),TU (Bul),27.4907,-0.0005,0,#0000ff
27(2b),TU (Bul),29.0019,0.0065,0,#0000ff
27(2b),TU (Bul),30.5132,0.014,0,#0000ff
27(2b),TU (Bul),32.0245,0.0221,0,#0000ff
27(2b),TU (Bul),33.5357,0.0306,0,#0000ff
27(2b),TU (Bul),35.0469,0.0396,0,#0000ff
27(2b),TU (Bul),36.5581,0.0491,0,#0000ff
27(2b),TU (Bul),38.0692,0.059,0,#0000ff
27(2b),TU (Bul),39.5803,0.0692,0,#0000ff
27(2b),TU (Bul),41.0912,0.0799,0,#0000ff
27(2b),TU (Bul),42.602,0.0908,0,#0000ff
27(2b),TU (Bul),44.1126,0.1022,0,#0000ff
27(2b),TU (Bul),44.4169,0.1034,0,#0000ff
27(2b),TU (Bul),44.7197,0.1079,0,#0000ff
27(2b),TU (Bul),45.0151,0.1081,0,#0000ff
27(2b),TU (Bul),45.3183,0.1142,0,#0000ff
27(2b),TU (Bul),45.6264,0.1171,0,#0000ff
27(2b),TU (Bul),45.9348,0.1202,0,#0000ff
27(2b),TU (Bul),46.2431,0.1234,0,#0000ff
27(2b),TU (Bul),46.5514,0.1267,0,#0000ff
27(2b),TU (Bul),46.8597,0.1301,0,#0000ff
27(2b),TU (Bul),47.168,0.1337,0,#0000ff
27(2b),TU (Bul),47.4761,0.1374,0,#0000ff
27(2b),TU (Bul),47.7843,0.1412,0,#0000ff
27(2b),TU (Bul),48.0926,0.1452,0,#0000ff
27(2b),TU (Bul),48.4007,0.1492,0,#0000ff
27(2b),TU (Bul),48.7089,0.1535,0,#0000ff
27(2b),TU (Bul),49.0169,0.1578,0,#0000ff
27(2b),TU (Bul),49.325,0.1623,0,#0000ff
27(2b),TU (Bul),49.633,0.1668,0,#0000ff
27(2b),TU (Bul),49.941,0.1715,0,#0000ff
27(2b),TU (Bul),51.1874,0.1885,0,#0000ff
27(2b),TU (Bul),52.4336,0.193,0,#0000ff
27(2b),TU (Bul),53.1632,0.1922,0,#0000ff
27(2b),TU (Bul),53.8832,0.1934,0,#0000ff
27(2b),TU (Bul),54.5957,0.1978,0,#0000ff
27(2b),TU (Bul),55.3011,0.2066,0,#0000ff
27(2b),TU (Bul),56.0006,0.2198,0,#0000ff
27(2b),TU (Bul),56.6956,0.237,0,#0000ff
27(2b),TU (Bul),57.3873,0.2584,0,#0000ff
27(2b),TU (Bul),58.0772,0.2836,0,#0000ff
27(2b),TU (Bul),58.7666,0.3126,0,#0000ff
27(2b),TU (Bul),59.4568,0.3454,0,#0000ff
27(2b),TU (Bul),60.1491,0.3817,0,#0000ff
27(2b),TU (Bul),60.845,0.4214,0,#0000ff
27(2b),TU (Bul),61.5457,0.4645,0,#0000ff
27(2b),TU (Bul),62.2526,0.5109,0,#0000ff
27(2b),TU (Bul),62.9671,0.5604,0,#0000ff
27(2b),TU (Bul),63.691,0.6129,0,#0000ff
27(2b),TU (Bul),65.5693,0.7757,0,#0000ff
27(2b),TU (Bul),66.1782,0.8465,0,#0000ff
27(2b),TU (Bul),66.8018,0.9173,0,#0000ff
27(2b),TU (Bul),67.4312,1.0073,0,#0000ff
27(2b),TU (Bul),67.8373,1.0713,0,#0000ff
27(2b),TU (Bul),68.2495,1.1409,0,#0000ff
27(2b),TU (Bul),68.6617,1.2162,0,#0000ff
27(2b),TU (Bul),69.0769,1.2955,0,#0000ff
27(2b),TU (Bul),69.4943,1.3782,0,#0000ff
27(2b),TU (Bul),69.9131,1.4641,0,#0000ff
27(2b),TU (Bul),70.3325,1.5526,0,#0000ff
27(2b),TU (Bul),70.7516,1.6435,0,#0000ff
27(2b),TU (Bul),71.1696,1.7363,0,#0000ff
27(2b),TU (Bul),71.5856,1.8307,0,#0000ff
27(2b),TU (Bul),71.9987,1.9262,0,#0000ff
27(2b),TU (Bul),72.4082,2.0225,0,#0000ff
27(2b),TU (Bul),72.813,2.1192,0,#0000ff
27(2b),TU (Bul),73.2131,2.2161,0,#0000ff
27(2b),TU (Bul),73.606,2.3125,0,#0000ff
27(2b),TU (Bul),73.9917,2.4082,0,#0000ff
27(2b),TU (Bul),74.3106,2.4896,0,#0000ff
27(2b),TU (Bul),74.6152,2.5684,0,#0000ff
27(2b),TU (Bul),74.899,2.6538,0,#0000ff
27(2b),TU (Bul),75.1724,2.7373,0,#0000ff
27(2b),TU (Bul),75.4454,2.8238,0,#0000ff
27(2b),TU (Bul),75.7149,2.913,0,#0000ff
27(2b),TU (Bul),75.9809,3.0048,0,#0000ff
27(2b),TU (Bul),76.2434,3.0992,0,#0000ff
27(2b),TU (Bul),76.5025,3.1965,0,#0000ff
27(2b),TU (Bul),76.7581,3.2965,0,#0000ff
27(2b),TU (Bul),77.0103,3.3994,0,#0000ff
27(2b),TU (Bul),77.2592,3.5053,0,#0000ff
27(2b),TU (Bul),77.5047,3.6142,0,#0000ff
27(2b),TU (Bul),77.7469,3.7263,0,#0000ff
27(2b),TU (Bul),77.9859,3.8415,0,#0000ff
27(2b),TU (Bul),78.2216,3.9601,0,#0000ff
27(2b),TU (Bul),78.4541,4.0822,0,#0000ff
27(2b),TU (Bul),78.6835,4.2077,0,#0000ff
27(2b),TU (Bul),79.0008,4.3811,0,#0000ff
27(2b),TU (Bul),79.3087,4.5711,0,#0000ff
27(2b),TU (Bul),79.6169,4.7658,0,#0000ff
27(2b),TU (Bul),79.9345,4.966,0,#0000ff
27(2b),TU (Bul),80.541,5.3936,0,#0000ff
27(2b),TU (Bul),81.1296,5.8354,0,#0000ff
27(2b),TU (Bul),81.7037,6.2886,0,#0000ff
27(2b),TU (Bul),82.2643,6.7523,0,#0000ff
27(2b),TU (Bul),82.8117,7.2253,0,#0000ff
27(2b),TU (Bul),83.3461,7.7066,0,#0000ff
27(2b),TU (Bul),83.8679,8.1948,0,#0000ff
27(2b),TU (Bul),84.3773,8.6887,0,#0000ff
27(2b),TU (Bul),84.8749,9.1871,0,#0000ff
27(2b),TU (Bul),85.3609,9.6886,0,#0000ff
27(2b),TU (Bul),85.8358,10.192,0,#0000ff
27(2b),TU (Bul),86.3,10.696,0,#0000ff
27(2b),TU (Bul),86.754,11.1993,0,#0000ff
27(2b),TU (Bul),87.1983,11.7006,0,#0000ff
27(2b),TU (Bul),87.6332,12.1987,0,#0000ff
27(2b),TU (Bul),88.0593,12.6923,0,#0000ff
27(2b),TU (Bul),88.6873,13.4346,0,#0000ff
27(2b),TU (Bul),89.312,14.1967,0,#0000ff
27(2b),TU (Bul),89.8958,14.9194,0,#0000ff
27(2b),TU (Bul),90.462,15.6485,0,#0000ff
27(2b),TU (Bul),91.0135,16.3823,0,#0000ff
27(2b),TU (Bul),91.5517,17.1192,0,#0000ff
27(2b),TU (Bul),92.0782,17.8595,0,#0000ff
27(2b),TU (Bul),92.5941,18.6028,0,#0000ff
27(2b),TU (Bul),93.1007,19.3486,0,#0000ff
27(2b),TU (Bul),93.5991,20.0966,0,#0000ff
27(2b),TU (Bul),94.0904,20.8462,0,#0000ff
27(2b),TU (Bul),94.5758,21.597,0,#0000ff
27(2b),TU (Bul),95.0565,22.3486,0,#0000ff
27(2b),TU (Bul),95.5337,23.1006,0,#0000ff
27(2b),TU (Bul),96.0084,23.8525,0,#0000ff
27(2b),TU (Bul),96.482,24.6039,0,#0000ff
27(2b),TU (Bul),96.9554,25.3544,0,#0000ff
27(2b),TU (Bul),97.4299,26.1034,0,#0000ff
27(2b),TU (Bul),98.0622,27.09,0,#0000ff
27(2b),TU (Bul),98.6859,28.0659,0,#0000ff
27(2b),TU (Bul),99.3094,29.0238,0,#0000ff
27(2b),TU (Bul),99.936,29.9997,0,#0000ff
27(2b),TU (Bul),99.9378,30.0029,0,#0000ff
27(2b),TU (Bul),99.9402,30.006,0,#0000ff
27(2b),TU (Bul),99.9433,30.0088,0,#0000ff
27(2b),TU (Bul),99.9469,30.0113,0,#0000ff
27(2b),TU (Bul),99.9509,30.0136,0,#0000ff
27(2b),TU (Bul),99.9554,30.0156,0,#0000ff
27(2b),TU (Bul),99.9603,30.0173,0,#0000ff
27(2b),TU (Bul),99.9655,30.0187,0,#0000ff
27(2b),TU (Bul),99.971,30.0198,0,#0000ff
27(2b),TU (Bul),99.9767,30.0206,0,#0000ff
27(2b),TU (Bul),99.9825,30.021,0,#0000ff
27(2b),TU (Bul),99.9885,30.0211,0,#0000ff
27(2b),TU (Bul),99.9944,30.0208,0,#0000ff
27(2b),TU (Bul),100.0004,30.0201,0,#0000ff
27(2b),TU (Bul),100.0063,30.0191,0,#0000ff
27(2b),TU (Bul),100.0121,30.0176,0,#0000ff
27(2b),TU (Bul),100.0176,30.0166,0,#0000ff
27(2b),TU (Bul),100.0228,30.0153,0,#0000ff
27(2b),TU (Bul),100.0275,30.0138,0,#0000ff
27(2b),TU (Bul),100.0318,30.0119,0,#0000ff
27(2b),TU (Bul),100.0357,30.0099,0,#0000ff
27(2b),TU (Bul),100.0391,30.0076,0,#0000ff
27(2b),TU (Bul),100.042,30.0051,0,#0000ff
27(2b),TU (Bul),100.0444,30.0025,0,#0000ff
27(2b),BACO / ENIGMA-B,-0.0573,0.0408,0,#ff0000
27(2b),BACO / ENIGMA-B,0.9554,0.027,0,#ff0000
27(2b),BACO / ENIGMA-B,1.9892,0.0766,0,#ff0000
27(2b),BACO / ENIGMA-B,4.0911,0.1707,0,#ff0000
27(2b),BACO / ENIGMA-B,5.8939,0.2638,0,#ff0000
27(2b),BACO / ENIGMA-B,7.6976,0.3521,0,#ff0000
27(2b),BACO / ENIGMA-B,9.5025,0.437,0,#ff0000
27(2b),BACO / ENIGMA-B,11.3083,0.5201,0,#ff0000
27(2b),BACO / ENIGMA-B,13.1147,0.6028,0,#ff0000
27(2b),BACO / ENIGMA-B,14.9212,0.6866,0,#ff0000
27(2b),BACO / ENIGMA-B,16.7275,0.7729,0,#ff0000
27(2b),BACO / ENIGMA-B,18.5332,0.8631,0,#ff0000
27(2b),BACO / ENIGMA-B,20.338,0.9588,0,#ff0000
27(2b),BACO / ENIGMA-B,22.1416,1.0613,0,#ff0000
27(2b),BACO / ENIGMA-B,23.9436,1.1721,0,#ff0000
27(2b),BACO / ENIGMA-B,25.7435,1.2927,0,#ff0000
27(2b),BACO / ENIGMA-B,27.5411,1.4245,0,#ff0000
27(2b),BACO / ENIGMA-B,29.336,1.5692,0,#ff0000
27(2b),BACO / ENIGMA-B,31.1278,1.7281,0,#ff0000
27(2b),BACO / ENIGMA-B,32.9161,1.9028,0,#ff0000
27(2b),BACO / ENIGMA-B,33.1899,1.9299,0,#ff0000
27(2b),BACO / ENIGMA-B,33.4647,1.9613,0,#ff0000
27(2b),BACO / ENIGMA-B,34.8776,2.1098,0,#ff0000
27(2b),BACO / ENIGMA-B,36.2889,2.2602,0,#ff0000
27(2b),BACO / ENIGMA-B,37.6974,2.4169,0,#ff0000
27(2b),BACO / ENIGMA-B,39.1031,2.5798,0,#ff0000
27(2b),BACO / ENIGMA-B,40.5061,2.7489,0,#ff0000
27(2b),BACO / ENIGMA-B,41.9065,2.9241,0,#ff0000
27(2b),BACO / ENIGMA-B,43.3044,3.1054,0,#ff0000
27(2b),BACO / ENIGMA-B,44.6997,3.2927,0,#ff0000
27(2b),BACO / ENIGMA-B,46.0927,3.486,0,#ff0000
27(2b),BACO / ENIGMA-B,47.4833,3.6852,0,#ff0000
27(2b),BACO / ENIGMA-B,48.8716,3.8903,0,#ff0000
27(2b),BACO / ENIGMA-B,50.2578,4.1012,0,#ff0000
27(2b),BACO / ENIGMA-B,51.6417,4.3179,0,#ff0000
27(2b),BACO / ENIGMA-B,53.0235,4.5404,0,#ff0000
27(2b),BACO / ENIGMA-B,54.4034,4.7686,0,#ff0000
27(2b),BACO / ENIGMA-B,55.7812,5.0024,0,#ff0000
27(2b),BACO / ENIGMA-B,56.0395,5.0469,0,#ff0000
27(2b),BACO / ENIGMA-B,56.3116,5.0902,0,#ff0000
27(2b),BACO / ENIGMA-B,56.4655,5.1185,0,#ff0000
27(2b),BACO / ENIGMA-B,59.1909,5.5986,0,#ff0000
27(2b),BACO / ENIGMA-B,61.9072,6.095,0,#ff0000
27(2b),BACO / ENIGMA-B,64.6155,6.6062,0,#ff0000
27(2b),BACO / ENIGMA-B,67.3163,7.1311,0,#ff0000
27(2b),BACO / ENIGMA-B,70.0101,7.6686,0,#ff0000
27(2b),BACO / ENIGMA-B,72.6973,8.2179,0,#ff0000
27(2b),BACO / ENIGMA-B,75.3784,8.7778,0,#ff0000
27(2b),BACO / ENIGMA-B,78.0537,9.3474,0,#ff0000
27(2b),BACO / ENIGMA-B,80.7238,9.9256,0,#ff0000
27(2b),BACO / ENIGMA-B,83.3891,10.5115,0,#ff0000
27(2b),BACO / ENIGMA-B,86.05,11.104,0,#ff0000
27(2b),BACO / ENIGMA-B,88.7069,11.7021,0,#ff0000
27(2b),BACO / ENIGMA-B,91.3604,12.3049,0,#ff0000
27(2b),BACO / ENIGMA-B,94.0109,12.9113,0,#ff0000
27(2b),BACO / ENIGMA-B,96.6587,13.5203,0,#ff0000
27(2b),BACO / ENIGMA-B,99.3636,14.177,0,#ff0000
27(2b),BACO / ENIGMA-B,99.3788,14.1815,0,#ff0000
27(2b),BACO / ENIGMA-B,99.3864,14.1815,0,#ff0000
27(2b),BACO / ENIGMA-B,99.3921,14.183,0,#ff0000
27(2b),BACO / ENIGMA-B,99.3978,14.184,0,#ff0000
27(2b),BACO / ENIGMA-B,99.4034,14.1847,0,#ff0000
27(2b),BACO / ENIGMA-B,99.409,14.185,0,#ff0000
27(2b),BACO / ENIGMA-B,99.4145,14.1849,0,#ff0000
27(2b),BACO / ENIGMA-B,99.4198,14.1845,0,#ff0000
27(2b),BACO / ENIGMA-B,99.4251,14.1837,0,#ff0000
27(2b),BACO / ENIGMA-B,99.4302,14.1826,0,#ff0000
27(2b),BACO / ENIGMA-B,99.4351,14.1812,0,#ff0000
27(2b),BACO / ENIGMA-B,99.4398,14.1795,0,#ff0000
27(2b),BACO / ENIGMA-B,99.4442,14.1775,0,#ff0000
27(2b),BACO / ENIGMA-B,99.4485,14.1752,0,#ff0000
27(2b),BACO / ENIGMA-B,99.4524,14.1726,0,#ff0000
27(2b),BACO / ENIGMA-B,99.4561,14.1699,0,#ff0000
27(2b),BACO / ENIGMA-B,99.4595,14.1668,0,#ff0000
27(2b),BACO / ENIGMA-B,99.4625,14.1636,0,#ff0000
27(2b),BACO / ENIGMA-B,95.4306,1.2945,1,#ff0000
27(2b),BACO / ENIGMA-B,95.4838,1.299,1,#ff0000
27(2b),BACO / ENIGMA-B,95.4882,1.2988,1,#ff0000
27(2b),BACO / ENIGMA-B,95.4945,1.2987,1,#ff0000
27(2b),BACO / ENIGMA-B,95.5025,1.2986,1,#ff0000
27(2b),BACO / ENIGMA-B,95.512,1.2987,1,#ff0000
27(2b),BACO / ENIGMA-B,95.5226,1.2989,1,#ff0000
27(2b),BACO / ENIGMA-B,95.5341,1.2992,1,#ff0000
27(2b),BACO / ENIGMA-B,95.6712,1.2411,1,#ff0000
27(2b),BACO / ENIGMA-B,95.6956,1.2422,1,#ff0000
27(2b),BACO / ENIGMA-B,95.7202,1.2434,1,#ff0000
27(2b),BACO / ENIGMA-B,95.7445,1.2447,1,#ff0000
27(2b),BACO / ENIGMA-B,95.768,1.2461,1,#ff0000
27(2b),BACO / ENIGMA-B,95.7901,1.2475,1,#ff0000
27(2b),BACO / ENIGMA-B,95.8103,1.2491,1,#ff0000
27(2b),BACO / ENIGMA-B,95.8278,1.2507,1,#ff0000
27(2b),BACO / ENIGMA-B,95.8744,1.2574,1,#ff0000
27(2b),BACO / ENIGMA-B,95.8794,1.2587,1,#ff0000
27(2b),BACO / ENIGMA-B,95.8946,1.2587,1,#ff0000
27(2b),BACO / ENIGMA-B,95.8794,1.2542,1,#ff0000
27(2b),BACO / ENIGMA-B,95.8807,1.255,1,#ff0000
27(2b),BACO / ENIGMA-B,95.8819,1.2557,1,#ff0000
27(2b),BACO / ENIGMA-B,95.883,1.2563,1,#ff0000
27(2b),BACO / ENIGMA-B,95.8839,1.2568,1,#ff0000
27(2b),BACO / ENIGMA-B,95.8848,1.2573,1,#ff0000
27(2b),BACO / ENIGMA-B,95.8856,1.2576,1,#ff0000
27(2b),BACO / ENIGMA-B,95.8863,1.2579,1,#ff0000
27(2b),BACO / ENIGMA-B,95.887,1.2581,1,#ff0000
27(2b),BACO / ENIGMA-B,95.8877,1.2583,1,#ff0000
27(2b),BACO / ENIGMA-B,95.8885,1.2585,1,#ff0000
27(2b),BACO / ENIGMA-B,95.8893,1.2586,1,#ff0000
27(2b),BACO / ENIGMA-B,95.8901,1.2586,1,#ff0000
27(2b),BACO / ENIGMA-B,95.891,1.2587,1,#ff0000
27(2b),BACO / ENIGMA-B,95.8921,1.2587,1,#ff0000
27(2b),BACO / ENIGMA-B,95.8933,1.2587,1,#ff0000
27(2b),BACO / ENIGMA-B,95.8946,1.2587,1,#ff0000
27(2b),BACO / ENIGMA-B,95.9098,1.2587,1,#ff0000
27(2b),BACO / ENIGMA-B,95.9603,1.2598,1,#ff0000
27(2b),BACO / ENIGMA-B,96.0183,1.2611,1,#ff0000
27(2b),BACO / ENIGMA-B,96.0763,1.2624,1,#ff0000
27(2b),BACO / ENIGMA-B,96.1502,1.2659,1,#ff0000
27(2b),BACO / ENIGMA-B,96.208,1.2698,1,#ff0000
27(2b),BACO / ENIGMA-B,96.2657,1.2737,1,#ff0000
27(2b),BACO / ENIGMA-B,96.3182,1.2772,1,#ff0000
27(2b),BACO / ENIGMA-B,96.3662,1.2788,1,#ff0000
27(2b),BACO / ENIGMA-B,96.4381,1.281,1,#ff0000
27(2b),BACO / ENIGMA-B,96.496,1.2846,1,#ff0000
27(2b),BACO / ENIGMA-B,96.5483,1.2878,1,#ff0000
27(2b),BACO / ENIGMA-B,96.5981,1.2893,1,#ff0000
27(2b),BACO / ENIGMA-B,96.6723,1.2918,1,#ff0000
27(2b),BACO / ENIGMA-B,96.7301,1.2956,1,#ff0000
27(2b),BACO / ENIGMA-B,96.7722,1.2978,1,#ff0000
27(2b),BACO / ENIGMA-B,96.8532,1.3035,1,#ff0000
27(2b),BACO / ENIGMA-B,96.8684,1.3035,1,#ff0000
27(2b),BACO / ENIGMA-B,96.8532,1.3035,1,#ff0000
27(2b),BACO / ENIGMA-B,96.8608,1.3035,1,#ff0000
27(2b),BACO / ENIGMA-B,96.8621,1.3035,1,#ff0000
27(2b),BACO / ENIGMA-B,96.8633,1.3037,1,#ff0000
27(2b),BACO / ENIGMA-B,96.8643,1.3039,1,#ff0000
27(2b),BACO / ENIGMA-B,96.8653,1.3042,1,#ff0000
27(2b),BACO / ENIGMA-B,96.8661,1.3045,1,#ff0000
27(2b),BACO / ENIGMA-B,96.8669,1.3049,1,#ff0000
27(2b),BACO / ENIGMA-B,96.8677,1.3053,1,#ff0000
27(2b),BACO / ENIGMA-B,96.8684,1.3057,1,#ff0000
27(2b),BACO / ENIGMA-B,96.8691,1.3061,1,#ff0000
27(2b),BACO / ENIGMA-B,96.8698,1.3065,1,#ff0000
27(2b),BACO / ENIGMA-B,96.8706,1.3069,1,#ff0000
27(2b),BACO / ENIGMA-B,96.8715,1.3073,1,#ff0000
27(2b),BACO / ENIGMA-B,96.8724,1.3075,1,#ff0000
27(2b),BACO / ENIGMA-B,96.8735,1.3078,1,#ff0000
27(2b),BACO / ENIGMA-B,96.8746,1.3079,1,#ff0000
27(2b),BACO / ENIGMA-B,96.876,1.308,1,#ff0000
27(2b),BACO / ENIGMA-B,96.9489,1.3109,1,#ff0000
27(2b),BACO / ENIGMA-B,96.9887,1.3136,1,#ff0000
27(2b),BACO / ENIGMA-B,97.0378,1.3148,1,#ff0000
27(2b),BACO / ENIGMA-B,97.1099,1.3168,1,#ff0000
27(2b),BACO / ENIGMA-B,97.1678,1.3203,1,#ff0000
27(2b),BACO / ENIGMA-B,97.219,1.3234,1,#ff0000
27(2b),BACO / ENIGMA-B,97.2702,1.3248,1,#ff0000
27(2b),BACO / ENIGMA-B,97.3444,1.3275,1,#ff0000
27(2b),BACO / ENIGMA-B,97.4022,1.3314,1,#ff0000
27(2b),BACO / ENIGMA-B,97.46,1.3354,1,#ff0000
27(2b),BACO / ENIGMA-B,97.5178,1.3393,1,#ff0000
27(2b),BACO / ENIGMA-B,97.5604,1.3413,1,#ff0000
27(2b),BACO / ENIGMA-B,97.6183,1.3428,1,#ff0000
27(2b),BACO / ENIGMA-B,97.6921,1.3466,1,#ff0000
27(2b),BACO / ENIGMA-B,97.7463,1.3501,1,#ff0000
27(2b),BACO / ENIGMA-B,97.7919,1.3515,1,#ff0000
27(2b),BACO / ENIGMA-B,97.8725,1.3572,1,#ff0000
27(2b),BACO / ENIGMA-B,97.8801,1.3572,1,#ff0000
27(2b),BACO / ENIGMA-B,97.8954,1.3617,1,#ff0000
27(2b),BACO / ENIGMA-B,97.951,1.3625,1,#ff0000
27(2b),BACO / ENIGMA-B,98.0235,1.3651,1,#ff0000
27(2b),BACO / ENIGMA-B,98.0798,1.3685,1,#ff0000
27(2b),BACO / ENIGMA-B,98.1365,1.3721,1,#ff0000
27(2b),BACO / ENIGMA-B,98.1936,1.3758,1,#ff0000
27(2b),BACO / ENIGMA-B,98.2357,1.3774,1,#ff0000
27(2b),BACO / ENIGMA-B,98.2935,1.3789,1,#ff0000
27(2b),BACO / ENIGMA-B,98.3672,1.383,1,#ff0000
27(2b),BACO / ENIGMA-B,98.4249,1.387,1,#ff0000
27(2b),BACO / ENIGMA-B,98.4825,1.391,1,#ff0000
27(2b),BACO / ENIGMA-B,98.5295,1.3942,1,#ff0000
27(2b),BACO / ENIGMA-B,98.5821,1.3958,1,#ff0000
27(2b),BACO / ENIGMA-B,98.6553,1.3987,1,#ff0000
27(2b),BACO / ENIGMA-B,98.7119,1.4026,1,#ff0000
27(2b),BACO / ENIGMA-B,98.7524,1.405,1,#ff0000
27(2b),BACO / ENIGMA-B,98.8387,1.4109,1,#ff0000
27(2b),BACO / ENIGMA-B,98.8615,1.4109,1,#ff0000
27(2b),BACO / ENIGMA-B,98.8539,1.4109,1,#ff0000
27(2b),BACO / ENIGMA-B,98.8552,1.4109,1,#ff0000
27(2b),BACO / ENIGMA-B,98.8564,1.4109,1,#ff0000
27(2b),BACO / ENIGMA-B,98.8575,1.4109,1,#ff0000
27(2b),BACO / ENIGMA-B,98.8584,1.4109,1,#ff0000
27(2b),BACO / ENIGMA-B,98.8593,1.4109,1,#ff0000
27(2b),BACO / ENIGMA-B,98.86,1.4109,1,#ff0000
27(2b),BACO / ENIGMA-B,98.8608,1.4109,1,#ff0000
27(2b),BACO / ENIGMA-B,98.8615,1.4109,1,#ff0000
27(2b),BACO / ENIGMA-B,98.8622,1.4109,1,#ff0000
27(2b),BACO / ENIGMA-B,98.863,1.4109,1,#ff0000
27(2b),BACO / ENIGMA-B,98.8637,1.4109,1,#ff0000
27(2b),BACO / ENIGMA-B,98.8646,1.4109,1,#ff0000
27(2b),BACO / ENIGMA-B,98.8655,1.4109,1,#ff0000
27(2b),BACO / ENIGMA-B,98.8666,1.4109,1,#ff0000
27(2b),BACO / ENIGMA-B,98.8678,1.4109,1,#ff0000
27(2b),BACO / ENIGMA-B,98.8691,1.4109,1,#ff0000
27(2b),BACO / ENIGMA-B,98.8843,1.4154,1,#ff0000
27(2b),BACO / ENIGMA-B,98.9369,1.4156,1,#ff0000
27(2b),BACO / ENIGMA-B,99.0145,1.4175,1,#ff0000
27(2b),BACO / ENIGMA-B,99.0783,1.4214,1,#ff0000
27(2b),BACO / ENIGMA-B,99.1377,1.4257,1,#ff0000
27(2b),BACO / ENIGMA-B,99.1931,1.4293,1,#ff0000
27(2b),BACO / ENIGMA-B,99.2458,1.4321,1,#ff0000
27(2b),BACO / ENIGMA-B,99.301,1.434,1,#ff0000
27(2b),BACO / ENIGMA-B,99.3815,1.4384,1,#ff0000
27(2b),BACO / ENIGMA-B,99.4453,1.4433,1,#ff0000
27(2b),BACO / ENIGMA-B,99.5057,1.4482,1,#ff0000
27(2b),BACO / ENIGMA-B,99.5489,1.45,1,#ff0000
27(2b),BACO / ENIGMA-B,99.6092,1.4517,1,#ff0000
27(2b),BACO / ENIGMA-B,99.6876,1.4561,1,#ff0000
27(2b),BACO / ENIGMA-B,99.7321,1.4588,1,#ff0000
27(2b),BACO / ENIGMA-B,99.8068,1.4642,1,#ff0000
27(2b),BACO / ENIGMA-B,99.9204,1.4983,1,#ff0000
27(2b),BACO / ENIGMA-B,99.928,1.5028,1,#ff0000
27(2b),BACO / ENIGMA-B,99.935,1.5027,1,#ff0000
27(2b),BACO / ENIGMA-B,99.9419,1.5023,1,#ff0000
27(2b),BACO / ENIGMA-B,99.9484,1.5018,1,#ff0000
27(2b),BACO / ENIGMA-B,99.9548,1.5011,1,#ff0000
27(2b),BACO / ENIGMA-B,99.9607,1.5001,1,#ff0000
27(2b),BACO / ENIGMA-B,99.9664,1.499,1,#ff0000
27(2b),BACO / ENIGMA-B,99.9717,1.4976,1,#ff0000
27(2b),BACO / ENIGMA-B,99.9765,1.4961,1,#ff0000
27(2b),BACO / ENIGMA-B,99.9809,1.4943,1,#ff0000
27(2b),BACO / ENIGMA-B,99.9848,1.4923,1,#ff0000
27(2b),BACO / ENIGMA-B,99.9883,1.4901,1,#ff0000
27(2b),BACO / ENIGMA-B,99.9911,1.4877,1,#ff0000
27(2b),BACO / ENIGMA-B,99.9934,1.485,1,#ff0000
27(2b),BACO / ENIGMA-B,99.9951,1.4822,1,#ff0000
27(2b),BACO / ENIGMA-B,99.9961,1.4792,1,#ff0000
27(2b),BACO / ENIGMA-B,99.9965,1.4759,1,#ff0000
27(2b),BACO / ENIGMA-B,99.9975,1.4725,1,#ff0000
27(2b),BACO / ENIGMA-B,99.9979,1.4692,1,#ff0000
27(2b),INFRA,-0.0573,0.0408,0,#339966
27(2b),INFRA,5.3591,-0.0264,0,#339966
27(2b),INFRA,7.7592,-0.0261,0,#339966
27(2b),INFRA,10.1594,-0.026,0,#339966
27(2b),INFRA,12.5595,-0.0259,0,#339966
27(2b),INFRA,14.9596,-0.0258,0,#339966
27(2b),INFRA,17.3598,-0.0259,0,#339966
27(2b),INFRA,19.7599,-0.026,0,#339966
27(2b),INFRA,22.16,-0.0262,0,#339966
27(2b),INFRA,24.5602,-0.0265,0,#339966
27(2b),INFRA,26.9603,-0.0269,0,#339966
27(2b),INFRA,29.3604,-0.0273,0,#339966
27(2b),INFRA,31.7606,-0.0278,0,#339966
27(2b),INFRA,34.1607,-0.0283,0,#339966
27(2b),INFRA,36.5608,-0.0289,0,#339966
27(2b),INFRA,38.9609,-0.0295,0,#339966
27(2b),INFRA,41.3611,-0.0302,0,#339966
27(2b),INFRA,43.7612,-0.0309,0,#339966
27(2b),INFRA,44.1111,-0.0309,0,#339966
27(2b),INFRA,44.4459,-0.0264,0,#339966
27(2b),INFRA,44.7502,-0.0264,0,#339966
27(2b),INFRA,44.8741,-0.0282,0,#339966
27(2b),INFRA,44.9904,-0.029,0,#339966
27(2b),INFRA,45.0994,-0.0289,0,#339966
27(2b),INFRA,45.2069,-0.0273,0,#339966
27(2b),INFRA,45.3096,-0.024,0,#339966
27(2b),INFRA,45.4083,-0.0192,0,#339966
27(2b),INFRA,45.5063,-0.0131,0,#339966
27(2b),INFRA,45.6,-0.0061,0,#339966
27(2b),INFRA,45.693,0.0016,0,#339966
27(2b),INFRA,45.7862,0.0101,0,#339966
27(2b),INFRA,45.8807,0.019,0,#339966
27(2b),INFRA,45.9775,0.0284,0,#339966
27(2b),INFRA,46.0777,0.038,0,#339966
27(2b),INFRA,46.1823,0.0477,0,#339966
27(2b),INFRA,46.2923,0.0574,0,#339966
27(2b),INFRA,46.4088,0.0667,0,#339966
27(2b),INFRA,46.544,0.0765,0,#339966
27(2b),INFRA,46.8169,0.0988,0,#339966
27(2b),INFRA,47.1687,0.1291,0,#339966
27(2b),INFRA,47.5073,0.1598,0,#339966
27(2b),INFRA,47.8387,0.1916,0,#339966
27(2b),INFRA,48.1638,0.2252,0,#339966
27(2b),INFRA,48.4832,0.2612,0,#339966
27(2b),INFRA,48.7979,0.3004,0,#339966
27(2b),INFRA,49.1085,0.3436,0,#339966
27(2b),INFRA,49.4158,0.3916,0,#339966
27(2b),INFRA,49.7205,0.445,0,#339966
27(2b),INFRA,50.0234,0.5048,0,#339966
27(2b),INFRA,50.325,0.5715,0,#339966
27(2b),INFRA,50.626,0.646,0,#339966
27(2b),INFRA,50.9271,0.7288,0,#339966
27(2b),INFRA,51.229,0.8207,0,#339966
27(2b),INFRA,51.5323,0.9222,0,#339966
27(2b),INFRA,51.8378,1.0339,0,#339966
27(2b),INFRA,52.1133,1.1349,0,#339966
27(2b),INFRA,52.4067,1.2481,0,#339966
27(2b),INFRA,52.683,1.3655,0,#339966
27(2b),INFRA,53.2587,1.5974,0,#339966
27(2b),INFRA,53.8386,1.8398,0,#339966
27(2b),INFRA,54.4184,2.0912,0,#339966
27(2b),INFRA,54.8911,2.285,0,#339966
27(2b),INFRA,55.3634,2.4827,0,#339966
27(2b),INFRA,55.8322,2.6825,0,#339966
27(2b),INFRA,56.298,2.8842,0,#339966
27(2b),INFRA,56.7616,3.0872,0,#339966
27(2b),INFRA,57.2235,3.2913,0,#339966
27(2b),INFRA,57.6844,3.4961,0,#339966
27(2b),INFRA,58.1447,3.7012,0,#339966
27(2b),INFRA,58.6051,3.9061,0,#339966
27(2b),INFRA,59.0662,4.1107,0,#339966
27(2b),INFRA,59.5286,4.3144,0,#339966
27(2b),INFRA,59.9928,4.517,0,#339966
27(2b),INFRA,60.4595,4.718,0,#339966
27(2b),INFRA,60.9303,4.9174,0,#339966
27(2b),INFRA,61.4041,5.1142,0,#339966
27(2b),INFRA,61.8822,5.3082,0,#339966
27(2b),INFRA,62.4932,5.5554,0,#339966
27(2b),INFRA,63.1021,5.7973,0,#339966
27(2b),INFRA,63.7946,6.0742,0,#339966
27(2b),INFRA,64.4871,6.3505,0,#339966
27(2b),INFRA,65.1818,6.625,0,#339966
27(2b),INFRA,65.8786,6.8978,0,#339966
27(2b),INFRA,66.5775,7.169,0,#339966
27(2b),INFRA,67.2784,7.4384,0,#339966
27(2b),INFRA,67.9813,7.7061,0,#339966
27(2b),INFRA,68.6861,7.9721,0,#339966
27(2b),INFRA,69.3928,8.2364,0,#339966
27(2b),INFRA,70.1012,8.4991,0,#339966
27(2b),INFRA,70.8113,8.7601,0,#339966
27(2b),INFRA,71.5231,9.0194,0,#339966
27(2b),INFRA,72.2366,9.2771,0,#339966
27(2b),INFRA,72.9516,9.5331,0,#339966
27(2b),INFRA,73.6681,9.7874,0,#339966
27(2b),INFRA,74.386,10.0401,0,#339966
27(2b),INFRA,74.7238,10.1625,0,#339966
27(2b),INFRA,75.058,10.2814,0,#339966
27(2b),INFRA,75.3743,10.3896,0,#339966
27(2b),INFRA,76.6937,10.849,0,#339966
27(2b),INFRA,78.0191,11.3037,0,#339966
27(2b),INFRA,79.3506,11.7538,0,#339966
27(2b),INFRA,80.6878,12.1995,0,#339966
27(2b),INFRA,82.0306,12.6406,0,#339966
27(2b),INFRA,83.3784,13.0772,0,#339966
27(2b),INFRA,84.7309,13.5093,0,#339966
27(2b),INFRA,86.0879,13.9369,0,#339966
27(2b),INFRA,87.449,14.3599,0,#339966
27(2b),INFRA,88.8137,14.7784,0,#339966
27(2b),INFRA,90.1819,15.1923,0,#339966
27(2b),INFRA,91.5531,15.6017,0,#339966
27(2b),INFRA,92.927,16.0065,0,#339966
27(2b),INFRA,94.3033,16.4068,0,#339966
27(2b),INFRA,95.6816,16.8025,0,#339966
27(2b),INFRA,97.0616,17.1937,0,#339966
27(2b),INFRA,99.9841,18.0391,0,#339966
27(2b),INFRA,99.9898,18.0406,0,#339966
27(2b),INFRA,99.9955,18.0418,0,#339966
27(2b),INFRA,100.0011,18.0427,0,#339966
27(2b),INFRA,100.0067,18.0433,0,#339966
27(2b),INFRA,100.0122,18.0435,0,#339966
27(2b),INFRA,100.0175,18.0435,0,#339966
27(2b),INFRA,100.0228,18.0431,0,#339966
27(2b),INFRA,100.0279,18.0424,0,#339966
27(2b),INFRA,100.0328,18.0414,0,#339966
27(2b),INFRA,100.0375,18.0401,0,#339966
27(2b),INFRA,100.0419,18.0385,0,#339966
27(2b),INFRA,100.0462,18.0366,0,#339966
27(2b),INFRA,100.0501,18.0343,0,#339966
27(2b),INFRA,100.0538,18.0317,0,#339966
27(2b),INFRA,100.0572,18.0288,0,#339966
27(2b),INFRA,100.0602,18.0256,0,#339966
27(2b),INFRA,100.0627,18.0223,0,#339966
27(2b),INFRA,100.0645,18.0189,0,#339966
27(2b),FRAPCON,-0.0573,0.0408,0,#00ff00
27(2b),FRAPCON,0.5678,-0.0264,0,#00ff00
27(2b),FRAPCON,2.5603,-0.0134,0,#00ff00
27(2b),FRAPCON,4.5532,0.0005,0,#00ff00
27(2b),FRAPCON,6.5463,0.0152,0,#00ff00
27(2b),FRAPCON,8.5395,0.0305,0,#00ff00
27(2b),FRAPCON,10.5328,0.046,0,#00ff00
27(2b),FRAPCON,12.5262,0.0617,0,#00ff00
27(2b),FRAPCON,14.5196,0.0773,0,#00ff00
27(2b),FRAPCON,16.513,0.0926,0,#00ff00
27(2b),FRAPCON,18.5064,0.1074,0,#00ff00
27(2b),FRAPCON,20.4998,0.1215,0,#00ff00
27(2b),FRAPCON,22.493,0.1347,0,#00ff00
27(2b),FRAPCON,24.4862,0.1467,0,#00ff00
27(2b),FRAPCON,26.4792,0.1574,0,#00ff00
27(2b),FRAPCON,28.472,0.1665,0,#00ff00
27(2b),FRAPCON,30.4647,0.1739,0,#00ff00
27(2b),FRAPCON,32.4571,0.1793,0,#00ff00
27(2b),FRAPCON,33.4304,0.1796,0,#00ff00
27(2b),FRAPCON,34.2558,0.1821,0,#00ff00
27(2b),FRAPCON,35.0731,0.1909,0,#00ff00
27(2b),FRAPCON,35.8835,0.2055,0,#00ff00
27(2b),FRAPCON,36.6879,0.226,0,#00ff00
27(2b),FRAPCON,37.4874,0.2524,0,#00ff00
27(2b),FRAPCON,38.2828,0.2845,0,#00ff00
27(2b),FRAPCON,39.0753,0.3223,0,#00ff00
27(2b),FRAPCON,39.8656,0.3658,0,#00ff00
27(2b),FRAPCON,40.6549,0.4148,0,#00ff00
27(2b),FRAPCON,41.4441,0.4694,0,#00ff00
27(2b),FRAPCON,42.2341,0.5294,0,#00ff00
27(2b),FRAPCON,43.026,0.5947,0,#00ff00
27(2b),FRAPCON,43.8206,0.6653,0,#00ff00
27(2b),FRAPCON,44.6191,0.741,0,#00ff00
27(2b),FRAPCON,45.4222,0.8219,0,#00ff00
27(2b),FRAPCON,46.2311,0.9077,0,#00ff00
27(2b),FRAPCON,46.748,0.9629,0,#00ff00
27(2b),FRAPCON,47.279,1.0165,0,#00ff00
27(2b),FRAPCON,50.3784,1.3521,0,#00ff00
27(2b),FRAPCON,53.4756,1.6896,0,#00ff00
27(2b),FRAPCON,56.573,2.0259,0,#00ff00
27(2b),FRAPCON,59.6707,2.3613,0,#00ff00
27(2b),FRAPCON,62.7686,2.6958,0,#00ff00
27(2b),FRAPCON,65.8667,3.0297,0,#00ff00
27(2b),FRAPCON,68.965,3.3629,0,#00ff00
27(2b),FRAPCON,72.0634,3.6958,0,#00ff00
27(2b),FRAPCON,75.1618,4.0283,0,#00ff00
27(2b),FRAPCON,78.2604,4.3607,0,#00ff00
27(2b),FRAPCON,81.3589,4.693,0,#00ff00
27(2b),FRAPCON,84.4575,5.0254,0,#00ff00
27(2b),FRAPCON,87.5561,5.3581,0,#00ff00
27(2b),FRAPCON,90.6546,5.6911,0,#00ff00
27(2b),FRAPCON,93.753,6.0245,0,#00ff00
27(2b),FRAPCON,96.8512,6.3586,0,#00ff00
27(2b),FRAPCON,98.7519,6.56,0,#00ff00
27(2b),FRAPCON,99.726,6.6675,0,#00ff00
27(2b),FRAPCON,100.1167,6.7203,0,#00ff00
27(2b),FEMAXI Mol,-0.0573,0.0408,0,#cc99ff
27(2b),FEMAXI Mol,0.9469,-0.0264,0,#cc99ff
27(2b),FEMAXI Mol,4.6562,-0.0255,0,#cc99ff
27(2b),FEMAXI Mol,8.3657,-0.025,0,#cc99ff
27(2b),FEMAXI Mol,12.0752,-0.0248,0,#cc99ff
27(2b),FEMAXI Mol,15.7848,-0.0247,0,#cc99ff
27(2b),FEMAXI Mol,19.4945,-0.0248,0,#cc99ff
27(2b),FEMAXI Mol,23.2042,-0.0248,0,#cc99ff
27(2b),FEMAXI Mol,26.914,-0.0247,0,#cc99ff
27(2b),FEMAXI Mol,30.6238,-0.0243,0,#cc99ff
27(2b),FEMAXI Mol,34.3335,-0.0236,0,#cc99ff
27(2b),FEMAXI Mol,38.0432,-0.0225,0,#cc99ff
27(2b),FEMAXI Mol,41.7529,-0.0207,0,#cc99ff
27(2b),FEMAXI Mol,45.4625,-0.0183,0,#cc99ff
27(2b),FEMAXI Mol,49.1721,-0.0151,0,#cc99ff
27(2b),FEMAXI Mol,52.8815,-0.011,0,#cc99ff
27(2b),FEMAXI Mol,56.5908,-0.006,0,#cc99ff
27(2b),FEMAXI Mol,60.2999,0.0002,0,#cc99ff
27(2b),FEMAXI Mol,60.9691,0.0049,0,#cc99ff
27(2b),FEMAXI Mol,61.2791,0.0096,0,#cc99ff
27(2b),FEMAXI Mol,61.5682,0.0183,0,#cc99ff
27(2b),FEMAXI Mol,61.6522,0.0192,0,#cc99ff
27(2b),FEMAXI Mol,61.7384,0.0204,0,#cc99ff
27(2b),FEMAXI Mol,61.8247,0.0217,0,#cc99ff
27(2b),FEMAXI Mol,61.9113,0.0232,0,#cc99ff
27(2b),FEMAXI Mol,61.998,0.0248,0,#cc99ff
27(2b),FEMAXI Mol,62.0848,0.0266,0,#cc99ff
27(2b),FEMAXI Mol,62.1717,0.0284,0,#cc99ff
27(2b),FEMAXI Mol,62.2587,0.0303,0,#cc99ff
27(2b),FEMAXI Mol,62.3456,0.0323,0,#cc99ff
27(2b),FEMAXI Mol,62.4325,0.0343,0,#cc99ff
27(2b),FEMAXI Mol,62.5194,0.0363,0,#cc99ff
27(2b),FEMAXI Mol,62.6061,0.0383,0,#cc99ff
27(2b),FEMAXI Mol,62.6926,0.0403,0,#cc99ff
27(2b),FEMAXI Mol,62.779,0.0422,0,#cc99ff
27(2b),FEMAXI Mol,62.8651,0.044,0,#cc99ff
27(2b),FEMAXI Mol,62.9513,0.0458,0,#cc99ff
27(2b),FEMAXI Mol,63.1489,0.048,0,#cc99ff
27(2b),FEMAXI Mol,63.1644,0.0526,0,#cc99ff
27(2b),FEMAXI Mol,65.1424,0.0931,0,#cc99ff
27(2b),FEMAXI Mol,69.0841,0.1999,0,#cc99ff
27(2b),FEMAXI Mol,73.0105,0.3268,0,#cc99ff
27(2b),FEMAXI Mol,74.9896,0.4039,0,#cc99ff
27(2b),FEMAXI Mol,76.9528,0.484,0,#cc99ff
27(2b),FEMAXI Mol,80.8795,0.6628,0,#cc99ff
27(2b),FEMAXI Mol,82.8585,0.7618,0,#cc99ff
27(2b),FEMAXI Mol,84.8221,0.8694,0,#cc99ff
27(2b),FEMAXI Mol,85.8261,0.9228,0,#cc99ff
27(2b),FEMAXI Mol,86.8311,0.9787,0,#cc99ff
27(2b),FEMAXI Mol,87.8411,1.0343,0,#cc99ff
27(2b),FEMAXI Mol,88.851,1.099,0,#cc99ff
27(2b),FEMAXI Mol,89.8595,1.1738,0,#cc99ff
27(2b),FEMAXI Mol,90.8653,1.2601,0,#cc99ff
27(2b),FEMAXI Mol,91.8673,1.3591,0,#cc99ff
27(2b),FEMAXI Mol,92.8642,1.4719,0,#cc99ff
27(2b),FEMAXI Mol,93.8575,1.6003,0,#cc99ff
27(2b),FEMAXI Mol,94.8404,1.7455,0,#cc99ff
27(2b),FEMAXI Mol,95.8145,1.9082,0,#cc99ff
27(2b),FEMAXI Mol,96.7788,2.0897,0,#cc99ff
27(2b),FEMAXI Mol,97.7322,2.2911,0,#cc99ff
27(2b),FEMAXI Mol,98.6736,2.5135,0,#cc99ff
27(2b),FEMAXI Mol,99.6021,2.7583,0,#cc99ff
27(2b),FEMAXI Mol,100.1167,2.9092,0,#cc99ff
27(2b),TRANSURANUS,-0.0573,0.0408,0,#993366
27(2b),TRANSURANUS,1.2676,-0.0176,0,#993366
27(2b),TRANSURANUS,2.6369,-0.0131,0,#993366
27(2b),TRANSURANUS,4.0366,-0.004,0,#993366
27(2b),TRANSURANUS,6.4114,0.0114,0,#993366
27(2b),TRANSURANUS,8.786,0.0267,0,#993366
27(2b),TRANSURANUS,11.1606,0.042,0,#993366
27(2b),TRANSURANUS,13.5351,0.0571,0,#993366
27(2b),TRANSURANUS,15.9095,0.0722,0,#993366
27(2b),TRANSURANUS,18.2839,0.0872,0,#993366
27(2b),TRANSURANUS,20.6582,0.1022,0,#993366
27(2b),TRANSURANUS,23.0325,0.1172,0,#993366
27(2b),TRANSURANUS,25.4068,0.1322,0,#993366
27(2b),TRANSURANUS,27.7812,0.1471,0,#993366
27(2b),TRANSURANUS,30.1555,0.1621,0,#993366
27(2b),TRANSURANUS,32.5299,0.1771,0,#993366
27(2b),TRANSURANUS,34.9043,0.1922,0,#993366
27(2b),TRANSURANUS,37.2788,0.2073,0,#993366
27(2b),TRANSURANUS,39.6534,0.2225,0,#993366
27(2b),TRANSURANUS,42.0267,0.2378,0,#993366
27(2b),TRANSURANUS,43.2771,0.2423,0,#993366
27(2b),TRANSURANUS,43.8995,0.2467,0,#993366
27(2b),TRANSURANUS,45.5118,0.26,0,#993366
27(2b),TRANSURANUS,47.1248,0.2716,0,#993366
27(2b),TRANSURANUS,48.7385,0.2819,0,#993366
27(2b),TRANSURANUS,50.3525,0.2911,0,#993366
27(2b),TRANSURANUS,51.9669,0.2997,0,#993366
27(2b),TRANSURANUS,53.5816,0.308,0,#993366
27(2b),TRANSURANUS,55.1965,0.3163,0,#993366
27(2b),TRANSURANUS,56.8115,0.325,0,#993366
27(2b),TRANSURANUS,58.4264,0.3344,0,#993366
27(2b),TRANSURANUS,60.0411,0.3448,0,#993366
27(2b),TRANSURANUS,61.6556,0.3566,0,#993366
27(2b),TRANSURANUS,63.2697,0.3701,0,#993366
27(2b),TRANSURANUS,64.8833,0.3857,0,#993366
27(2b),TRANSURANUS,66.4964,0.4037,0,#993366
27(2b),TRANSURANUS,68.1088,0.4244,0,#993366
27(2b),TRANSURANUS,69.7204,0.4482,0,#993366
27(2b),TRANSURANUS,70.3338,0.4706,0,#993366
27(2b),TRANSURANUS,70.6209,0.4795,0,#993366
27(2b),TRANSURANUS,71.1689,0.4974,0,#993366
27(2b),TRANSURANUS,71.4279,0.5064,0,#993366
27(2b),TRANSURANUS,71.6354,0.5114,0,#993366
27(2b),TRANSURANUS,71.8479,0.518,0,#993366
27(2b),TRANSURANUS,72.0603,0.5261,0,#993366
27(2b),TRANSURANUS,72.2726,0.5358,0,#993366
27(2b),TRANSURANUS,72.4847,0.5471,0,#993366
27(2b),TRANSURANUS,72.6964,0.5602,0,#993366
27(2b),TRANSURANUS,72.9077,0.5751,0,#993366
27(2b),TRANSURANUS,73.1185,0.5917,0,#993366
27(2b),TRANSURANUS,73.3287,0.6101,0,#993366
27(2b),TRANSURANUS,73.5383,0.6303,0,#993366
27(2b),TRANSURANUS,73.7473,0.6522,0,#993366
27(2b),TRANSURANUS,73.9556,0.676,0,#993366
27(2b),TRANSURANUS,74.162,0.7014,0,#993366
27(2b),TRANSURANUS,74.369,0.7287,0,#993366
27(2b),TRANSURANUS,74.5753,0.7578,0,#993366
27(2b),TRANSURANUS,74.7809,0.7885,0,#993366
27(2b),TRANSURANUS,75.096,0.8288,0,#993366
27(2b),TRANSURANUS,75.4138,0.8681,0,#993366
27(2b),TRANSURANUS,75.6419,0.8958,0,#993366
27(2b),TRANSURANUS,75.8583,0.9208,0,#993366
27(2b),TRANSURANUS,76.083,0.9459,0,#993366
27(2b),TRANSURANUS,76.3073,0.9727,0,#993366
27(2b),TRANSURANUS,76.5311,1.0014,0,#993366
27(2b),TRANSURANUS,76.7542,1.0321,0,#993366
27(2b),TRANSURANUS,76.9764,1.065,0,#993366
27(2b),TRANSURANUS,77.1976,1.1002,0,#993366
27(2b),TRANSURANUS,77.4177,1.1379,0,#993366
27(2b),TRANSURANUS,77.6365,1.1782,0,#993366
27(2b),TRANSURANUS,77.8538,1.2214,0,#993366
27(2b),TRANSURANUS,78.0694,1.2676,0,#993366
27(2b),TRANSURANUS,78.2832,1.3171,0,#993366
27(2b),TRANSURANUS,78.4949,1.3701,0,#993366
27(2b),TRANSURANUS,78.7044,1.4269,0,#993366
27(2b),TRANSURANUS,78.9147,1.4887,0,#993366
27(2b),TRANSURANUS,79.0818,1.5427,0,#993366
27(2b),TRANSURANUS,79.2519,1.6018,0,#993366
27(2b),TRANSURANUS,79.4398,1.6707,0,#993366
27(2b),TRANSURANUS,80.1088,1.9684,0,#993366
27(2b),TRANSURANUS,80.7488,2.2939,0,#993366
27(2b),TRANSURANUS,81.3639,2.6436,0,#993366
27(2b),TRANSURANUS,81.9545,3.015,0,#993366
27(2b),TRANSURANUS,82.5209,3.4058,0,#993366
27(2b),TRANSURANUS,83.0634,3.8137,0,#993366
27(2b),TRANSURANUS,83.5824,4.236,0,#993366
27(2b),TRANSURANUS,84.0783,4.6705,0,#993366
27(2b),TRANSURANUS,84.5514,5.1147,0,#993366
27(2b),TRANSURANUS,85.0021,5.5661,0,#993366
27(2b),TRANSURANUS,85.4308,6.0223,0,#993366
27(2b),TRANSURANUS,85.8379,6.4809,0,#993366
27(2b),TRANSURANUS,86.2237,6.9393,0,#993366
27(2b),TRANSURANUS,86.5886,7.3952,0,#993366
27(2b),TRANSURANUS,86.9331,7.8461,0,#993366
27(2b),TRANSURANUS,87.2575,8.2894,0,#993366
27(2b),TRANSURANUS,87.3944,8.4775,0,#993366
27(2b),TRANSURANUS,87.5235,8.674,0,#993366
27(2b),TRANSURANUS,87.6604,8.871,0,#993366
27(2b),TRANSURANUS,87.7981,9.078,0,#993366
27(2b),TRANSURANUS,88.2129,9.7202,0,#993366
27(2b),TRANSURANUS,88.6115,10.3648,0,#993366
27(2b),TRANSURANUS,88.995,11.0113,0,#993366
27(2b),TRANSURANUS,89.3646,11.6596,0,#993366
27(2b),TRANSURANUS,89.7217,12.3097,0,#993366
27(2b),TRANSURANUS,90.0675,12.9614,0,#993366
27(2b),TRANSURANUS,90.4033,13.6147,0,#993366
27(2b),TRANSURANUS,90.7303,14.2694,0,#993366
27(2b),TRANSURANUS,91.0498,14.9255,0,#993366
27(2b),TRANSURANUS,91.363,15.5827,0,#993366
27(2b),TRANSURANUS,91.6713,16.2411,0,#993366
27(2b),TRANSURANUS,91.9758,16.9006,0,#993366
27(2b),TRANSURANUS,92.2779,17.5609,0,#993366
27(2b),TRANSURANUS,92.5787,18.2221,0,#993366
27(2b),TRANSURANUS,92.8796,18.884,0,#993366
27(2b),TRANSURANUS,93.1819,19.5465,0,#993366
27(2b),TRANSURANUS,93.5344,20.3251,0,#993366
27(2b),TRANSURANUS,93.901,21.0941,0,#993366
27(2b),TRANSURANUS,94.1625,21.6721,0,#993366
27(2b),TRANSURANUS,94.4315,22.2457,0,#993366
27(2b),TRANSURANUS,94.7089,22.8175,0,#993366
27(2b),TRANSURANUS,94.9935,23.3874,0,#993366
27(2b),TRANSURANUS,95.2848,23.9552,0,#993366
27(2b),TRANSURANUS,95.583,24.5219,0,#993366
27(2b),TRANSURANUS,95.8872,25.0872,0,#993366
27(2b),TRANSURANUS,96.1972,25.6513,0,#993366
27(2b),TRANSURANUS,96.5125,26.2145,0,#993366
27(2b),TRANSURANUS,96.8329,26.7769,0,#993366
27(2b),TRANSURANUS,97.1578,27.3387,0,#993366
27(2b),TRANSURANUS,97.487,27.9,0,#993366
27(2b),TRANSURANUS,97.82,28.4611,0,#993366
27(2b),TRANSURANUS,98.1566,29.0221,0,#993366
27(2b),TRANSURANUS,98.4962,29.5832,0,#993366
27(2b),TRANSURANUS,98.8388,30.1449,0,#993366
27(2b),TRANSURANUS,99.1018,30.5918,0,#993366
27(2b),TRANSURANUS,99.5135,31.2914,0,#993366
27(2b),TRANSURANUS,99.6479,31.5579,0,#993366
27(2b),TRANSURANUS,99.6497,31.5605,0,#993366
27(2b),TRANSURANUS,99.6521,31.5629,0,#993366
27(2b),TRANSURANUS,99.6552,31.5654,0,#993366
27(2b),TRANSURANUS,99.6587,31.5677,0,#993366
27(2b),TRANSURANUS,99.6628,31.5699,0,#993366
27(2b),TRANSURANUS,99.6673,31.5719,0,#993366
27(2b),TRANSURANUS,99.6722,31.5737,0,#993366
27(2b),TRANSURANUS,99.6774,31.5753,0,#993366
27(2b),TRANSURANUS,99.6829,31.5766,0,#993366
27(2b),TRANSURANUS,99.6886,31.5777,0,#993366
27(2b),TRANSURANUS,99.6944,31.5784,0,#993366
27(2b),TRANSURANUS,99.7003,31.5787,0,#993366
27(2b),TRANSURANUS,99.7063,31.5787,0,#993366
27(2b),TRANSURANUS,99.7123,31.5782,0,#993366
27(2b),TRANSURANUS,99.7182,31.5773,0,#993366
27(2b),TRANSURANUS,99.724,31.5759,0,#993366
27(2b),TRANSURANUS,99.7295,31.5749,0,#993366
27(2b),TRANSURANUS,99.7347,31.5736,0,#993366
27(2b),TRANSURANUS,99.7395,31.572,0,#993366
27(2b),TRANSURANUS,99.7438,31.5702,0,#993366
27(2b),TRANSURANUS,99.7478,31.5681,0,#993366
27(2b),TRANSURANUS,99.7514,31.5659,0,#993366
27(2b),TRANSURANUS,99.7546,31.5634,0,#993366
27(2b),TRANSURANUS,99.7573,31.5607,0,#993366
27(2b),TU (PSI),-0.0573,0.0408,0,#ff6600
27(2b),TU (PSI),6.2725,-0.0264,0,#ff6600
27(2b),TU (PSI),8.9397,-0.0189,0,#ff6600
27(2b),TU (PSI),11.6089,-0.0155,0,#ff6600
27(2b),TU (PSI),14.2794,-0.0155,0,#ff6600
27(2b),TU (PSI),16.9512,-0.018,0,#ff6600
27(2b),TU (PSI),19.6241,-0.0221,0,#ff6600
27(2b),TU (PSI),22.2977,-0.027,0,#ff6600
27(2b),TU (PSI),24.9717,-0.0319,0,#ff6600
27(2b),TU (PSI),27.6461,-0.036,0,#ff6600
27(2b),TU (PSI),30.3202,-0.0383,0,#ff6600
27(2b),TU (PSI),32.994,-0.0381,0,#ff6600
27(2b),TU (PSI),35.6672,-0.0346,0,#ff6600
27(2b),TU (PSI),38.3394,-0.0268,0,#ff6600
27(2b),TU (PSI),41.0103,-0.014,0,#ff6600
27(2b),TU (PSI),43.6798,0.0047,0,#ff6600
27(2b),TU (PSI),46.3475,0.0302,0,#ff6600
27(2b),TU (PSI),49.0163,0.0633,0,#ff6600
27(2b),TU (PSI),49.5912,0.0766,0,#ff6600
27(2b),TU (PSI),50.1695,0.0899,0,#ff6600
27(2b),TU (PSI),50.9328,0.1106,0,#ff6600
27(2b),TU (PSI),51.6951,0.1315,0,#ff6600
27(2b),TU (PSI),52.4585,0.1526,0,#ff6600
27(2b),TU (PSI),53.2229,0.1741,0,#ff6600
27(2b),TU (PSI),53.9881,0.1962,0,#ff6600
27(2b),TU (PSI),54.7538,0.2189,0,#ff6600
27(2b),TU (PSI),55.5199,0.2424,0,#ff6600
27(2b),TU (PSI),56.2861,0.2669,0,#ff6600
27(2b),TU (PSI),57.0522,0.2924,0,#ff6600
27(2b),TU (PSI),57.8182,0.3191,0,#ff6600
27(2b),TU (PSI),58.5834,0.3471,0,#ff6600
27(2b),TU (PSI),59.3479,0.3765,0,#ff6600
27(2b),TU (PSI),60.1114,0.4075,0,#ff6600
27(2b),TU (PSI),60.8736,0.4402,0,#ff6600
27(2b),TU (PSI),61.6345,0.4746,0,#ff6600
27(2b),TU (PSI),62.3955,0.5111,0,#ff6600
27(2b),TU (PSI),62.6992,0.529,0,#ff6600
27(2b),TU (PSI),63.0176,0.5424,0,#ff6600
27(2b),TU (PSI),63.3371,0.5599,0,#ff6600
27(2b),TU (PSI),65.6149,0.6598,0,#ff6600
27(2b),TU (PSI),67.8942,0.7743,0,#ff6600
27(2b),TU (PSI),70.172,0.9003,0,#ff6600
27(2b),TU (PSI),72.4487,1.0345,0,#ff6600
27(2b),TU (PSI),74.7248,1.1739,0,#ff6600
27(2b),TU (PSI),76.9998,1.3152,0,#ff6600
27(2b),TU (PSI),79.2747,1.4552,0,#ff6600
27(2b),TU (PSI),81.5497,1.5907,0,#ff6600
27(2b),TU (PSI),83.8252,1.7185,0,#ff6600
27(2b),TU (PSI),86.1014,1.8354,0,#ff6600
27(2b),TU (PSI),88.3788,1.9383,0,#ff6600
27(2b),TU (PSI),90.6576,2.0239,0,#ff6600
27(2b),TU (PSI),92.9382,2.0892,0,#ff6600
27(2b),TU (PSI),95.2207,2.131,0,#ff6600
27(2b),TU (PSI),97.5056,2.1462,0,#ff6600
27(2b),TU (PSI),99.7972,2.1319,0,#ff6600
27(2b),TU (PSI),99.9037,2.1274,0,#ff6600
27(2b),TU (PSI),100.0635,2.1587,0,#ff6600
27(2b),TU (PSI),100.0691,2.1586,0,#ff6600
27(2b),TU (PSI),100.0745,2.1581,0,#ff6600
27(2b),TU (PSI),100.0797,2.1574,0,#ff6600
27(2b),TU (PSI),100.0846,2.1563,0,#ff6600
27(2b),TU (PSI),100.0893,2.1551,0,#ff6600
27(2b),TU (PSI),100.0937,2.1535,0,#ff6600
27(2b),TU (PSI),100.0978,2.1518,0,#ff6600
27(2b),TU (PSI),100.1015,2.1498,0,#ff6600
27(2b),TU (PSI),100.1049,2.1476,0,#ff6600
27(2b),TU (PSI),100.1079,2.1452,0,#ff6600
27(2b),TU (PSI),100.1105,2.1426,0,#ff6600
27(2b),TU (PSI),100.1127,2.1398,0,#ff6600
27(2b),TU (PSI),100.1144,2.1369,0,#ff6600
27(2b),TU (PSI),100.1157,2.1339,0,#ff6600
27(2b),TU (PSI),100.1165,2.1307,0,#ff6600
27(2b),TU (PSI),100.1167,2.1274,0,#ff6600
27(2b),COPERNIC,-0.0573,0.0408,0,#7d9945
27(2b),COPERNIC,1.3284,-0.0219,0,#7d9945
27(2b),COPERNIC,4.0518,-0.0041,0,#7d9945
27(2b),COPERNIC,5.781,0.0062,0,#7d9945
27(2b),COPERNIC,7.5104,0.0164,0,#7d9945
27(2b),COPERNIC,9.2396,0.0266,0,#7d9945
27(2b),COPERNIC,10.9686,0.0367,0,#7d9945
27(2b),COPERNIC,12.6976,0.0468,0,#7d9945
27(2b),COPERNIC,14.4265,0.0569,0,#7d9945
27(2b),COPERNIC,16.1553,0.067,0,#7d9945
27(2b),COPERNIC,17.884,0.0772,0,#7d9945
27(2b),COPERNIC,19.6127,0.0874,0,#7d9945
27(2b),COPERNIC,21.3413,0.0977,0,#7d9945
27(2b),COPERNIC,23.0698,0.1081,0,#7d9945
27(2b),COPERNIC,24.7983,0.1187,0,#7d9945
27(2b),COPERNIC,26.5268,0.1293,0,#7d9945
27(2b),COPERNIC,28.2553,0.1402,0,#7d9945
27(2b),COPERNIC,29.9838,0.1512,0,#7d9945
27(2b),COPERNIC,31.7123,0.1624,0,#7d9945
27(2b),COPERNIC,32.9296,0.1661,0,#7d9945
27(2b),COPERNIC,34.1468,0.1751,0,#7d9945
27(2b),COPERNIC,35.3655,0.1886,0,#7d9945
27(2b),COPERNIC,36.0828,0.1952,0,#7d9945
27(2b),COPERNIC,36.7969,0.2021,0,#7d9945
27(2b),COPERNIC,37.5129,0.2085,0,#7d9945
27(2b),COPERNIC,38.2279,0.2181,0,#7d9945
27(2b),COPERNIC,38.942,0.2305,0,#7d9945
27(2b),COPERNIC,39.6552,0.2453,0,#7d9945
27(2b),COPERNIC,40.3676,0.2622,0,#7d9945
27(2b),COPERNIC,41.0794,0.2809,0,#7d9945
27(2b),COPERNIC,41.7909,0.301,0,#7d9945
27(2b),COPERNIC,42.5017,0.3222,0,#7d9945
27(2b),COPERNIC,43.2121,0.344,0,#7d9945
27(2b),COPERNIC,43.9223,0.3661,0,#7d9945
27(2b),COPERNIC,44.6324,0.3881,0,#7d9945
27(2b),COPERNIC,45.3426,0.4097,0,#7d9945
27(2b),COPERNIC,46.053,0.4306,0,#7d9945
27(2b),COPERNIC,46.7636,0.4504,0,#7d9945
27(2b),COPERNIC,46.9312,0.4571,0,#7d9945
27(2b),COPERNIC,47.2986,0.4617,0,#7d9945
27(2b),COPERNIC,47.3797,0.4636,0,#7d9945
27(2b),COPERNIC,47.4685,0.4649,0,#7d9945
27(2b),COPERNIC,47.5572,0.4657,0,#7d9945
27(2b),COPERNIC,47.6466,0.4661,0,#7d9945
27(2b),COPERNIC,47.7363,0.4662,0,#7d9945
27(2b),COPERNIC,47.8261,0.4663,0,#7d9945
27(2b),COPERNIC,47.9161,0.4663,0,#7d9945
27(2b),COPERNIC,48.0063,0.4664,0,#7d9945
27(2b),COPERNIC,48.0966,0.4666,0,#7d9945
27(2b),COPERNIC,48.1869,0.4672,0,#7d9945
27(2b),COPERNIC,48.2773,0.4682,0,#7d9945
27(2b),COPERNIC,48.3677,0.4696,0,#7d9945
27(2b),COPERNIC,48.4581,0.4718,0,#7d9945
27(2b),COPERNIC,48.5485,0.4746,0,#7d9945
27(2b),COPERNIC,48.6389,0.4783,0,#7d9945
27(2b),COPERNIC,48.7292,0.483,0,#7d9945
27(2b),COPERNIC,48.8367,0.4854,0,#7d9945
27(2b),COPERNIC,48.9636,0.4935,0,#7d9945
27(2b),COPERNIC,49.483,0.5195,0,#7d9945
27(2b),COPERNIC,50.0047,0.548,0,#7d9945
27(2b),COPERNIC,50.5266,0.576,0,#7d9945
27(2b),COPERNIC,51.0488,0.6035,0,#7d9945
27(2b),COPERNIC,51.5711,0.6309,0,#7d9945
27(2b),COPERNIC,52.0935,0.6583,0,#7d9945
27(2b),COPERNIC,52.616,0.6858,0,#7d9945
27(2b),COPERNIC,53.1385,0.7136,0,#7d9945
27(2b),COPERNIC,53.6611,0.7419,0,#7d9945
27(2b),COPERNIC,54.1836,0.7709,0,#7d9945
27(2b),COPERNIC,54.7061,0.8007,0,#7d9945
27(2b),COPERNIC,55.2285,0.8316,0,#7d9945
27(2b),COPERNIC,55.7508,0.8635,0,#7d9945
27(2b),COPERNIC,56.273,0.8968,0,#7d9945
27(2b),COPERNIC,56.7949,0.9316,0,#7d9945
27(2b),COPERNIC,57.3166,0.9681,0,#7d9945
27(2b),COPERNIC,58.3513,1.0437,0,#7d9945
27(2b),COPERNIC,60.4214,1.205,0,#7d9945
27(2b),COPERNIC,62.4621,1.3791,0,#7d9945
27(2b),COPERNIC,63.4892,1.4794,0,#7d9945
27(2b),COPERNIC,63.6089,1.4915,0,#7d9945
27(2b),COPERNIC,63.8456,1.5139,0,#7d9945
27(2b),COPERNIC,64.0794,1.5398,0,#7d9945
27(2b),COPERNIC,64.3102,1.5655,0,#7d9945
27(2b),COPERNIC,64.5385,1.5909,0,#7d9945
27(2b),COPERNIC,64.7648,1.6157,0,#7d9945
27(2b),COPERNIC,64.9896,1.6398,0,#7d9945
27(2b),COPERNIC,65.2134,1.663,0,#7d9945
27(2b),COPERNIC,65.4368,1.6851,0,#7d9945
27(2b),COPERNIC,65.6604,1.706,0,#7d9945
27(2b),COPERNIC,65.8846,1.7255,0,#7d9945
27(2b),COPERNIC,66.1099,1.7434,0,#7d9945
27(2b),COPERNIC,66.337,1.7595,0,#7d9945
27(2b),COPERNIC,66.5665,1.7737,0,#7d9945
27(2b),COPERNIC,66.7988,1.7859,0,#7d9945
27(2b),COPERNIC,67.0345,1.7958,0,#7d9945
27(2b),COPERNIC,67.2744,1.8034,0,#7d9945
27(2b),COPERNIC,67.3655,1.8049,0,#7d9945
27(2b),COPERNIC,67.4658,1.8095,0,#7d9945
27(2b),COPERNIC,67.6113,1.8195,0,#7d9945
27(2b),COPERNIC,67.7344,1.832,0,#7d9945
27(2b),COPERNIC,67.8575,1.845,0,#7d9945
27(2b),COPERNIC,67.9804,1.8587,0,#7d9945
27(2b),COPERNIC,68.1033,1.8729,0,#7d9945
27(2b),COPERNIC,68.226,1.8875,0,#7d9945
27(2b),COPERNIC,68.3487,1.9026,0,#7d9945
27(2b),COPERNIC,68.4714,1.918,0,#7d9945
27(2b),COPERNIC,68.594,1.9336,0,#7d9945
27(2b),COPERNIC,68.7165,1.9496,0,#7d9945
27(2b),COPERNIC,68.839,1.9657,0,#7d9945
27(2b),COPERNIC,68.9615,1.9819,0,#7d9945
27(2b),COPERNIC,69.0839,1.9982,0,#7d9945
27(2b),COPERNIC,69.2063,2.0144,0,#7d9945
27(2b),COPERNIC,69.3287,2.0307,0,#7d9945
27(2b),COPERNIC,69.4512,2.0468,0,#7d9945
27(2b),COPERNIC,69.5736,2.0628,0,#7d9945
27(2b),COPERNIC,69.8164,2.0914,0,#7d9945
27(2b),COPERNIC,70.761,2.2135,0,#7d9945
27(2b),COPERNIC,71.4323,2.2988,0,#7d9945
27(2b),COPERNIC,72.1036,2.3841,0,#7d9945
27(2b),COPERNIC,72.7746,2.4697,0,#7d9945
27(2b),COPERNIC,73.4456,2.5556,0,#7d9945
27(2b),COPERNIC,74.1165,2.6419,0,#7d9945
27(2b),COPERNIC,74.787,2.7286,0,#7d9945
27(2b),COPERNIC,75.4575,2.8161,0,#7d9945
27(2b),COPERNIC,76.1277,2.9043,0,#7d9945
27(2b),COPERNIC,76.7977,2.9934,0,#7d9945
27(2b),COPERNIC,77.4669,3.0833,0,#7d9945
27(2b),COPERNIC,78.1361,3.1745,0,#7d9945
27(2b),COPERNIC,78.8049,3.2668,0,#7d9945
27(2b),COPERNIC,79.4733,3.3604,0,#7d9945
27(2b),COPERNIC,80.1407,3.4553,0,#7d9945
27(2b),COPERNIC,80.808,3.5519,0,#7d9945
27(2b),COPERNIC,81.4748,3.6502,0,#7d9945
27(2b),COPERNIC,81.7182,3.6861,0,#7d9945
27(2b),COPERNIC,81.9468,3.721,0,#7d9945
27(2b),COPERNIC,82.0766,3.7403,0,#7d9945
27(2b),COPERNIC,82.1633,3.7573,0,#7d9945
27(2b),COPERNIC,82.2549,3.765,0,#7d9945
27(2b),COPERNIC,82.4445,3.7943,0,#7d9945
27(2b),COPERNIC,82.6284,3.8164,0,#7d9945
27(2b),COPERNIC,82.8142,3.8359,0,#7d9945
27(2b),COPERNIC,83.0018,3.8533,0,#7d9945
27(2b),COPERNIC,83.191,3.869,0,#7d9945
27(2b),COPERNIC,83.3817,3.8835,0,#7d9945
27(2b),COPERNIC,83.5735,3.8972,0,#7d9945
27(2b),COPERNIC,83.7663,3.9106,0,#7d9945
27(2b),COPERNIC,83.9598,3.9241,0,#7d9945
27(2b),COPERNIC,84.1527,3.9383,0,#7d9945
27(2b),COPERNIC,84.3464,3.9538,0,#7d9945
27(2b),COPERNIC,84.54,3.9709,0,#7d9945
27(2b),COPERNIC,84.7334,3.9902,0,#7d9945
27(2b),COPERNIC,84.9264,4.0122,0,#7d9945
27(2b),COPERNIC,85.1187,4.0374,0,#7d9945
27(2b),COPERNIC,85.3102,4.0664,0,#7d9945
27(2b),COPERNIC,85.5334,4.0976,0,#7d9945
27(2b),COPERNIC,85.7452,4.1234,0,#7d9945
27(2b),COPERNIC,86.4749,4.2178,0,#7d9945
27(2b),COPERNIC,87.2031,4.3142,0,#7d9945
27(2b),COPERNIC,87.9306,4.4125,0,#7d9945
27(2b),COPERNIC,88.6576,4.5125,0,#7d9945
27(2b),COPERNIC,89.3841,4.6139,0,#7d9945
27(2b),COPERNIC,90.1101,4.7164,0,#7d9945
27(2b),COPERNIC,90.8358,4.8197,0,#7d9945
27(2b),COPERNIC,91.5611,4.9236,0,#7d9945
27(2b),COPERNIC,92.2861,5.0278,0,#7d9945
27(2b),COPERNIC,93.0108,5.132,0,#7d9945
27(2b),COPERNIC,93.7355,5.2359,0,#7d9945
27(2b),COPERNIC,94.46,5.3392,0,#7d9945
27(2b),COPERNIC,95.1845,5.4417,0,#7d9945
27(2b),COPERNIC,95.9089,5.5431,0,#7d9945
27(2b),COPERNIC,96.6335,5.643,0,#7d9945
27(2b),COPERNIC,97.3643,5.7424,0,#7d9945
27(2b),COPERNIC,97.4617,5.7544,0,#7d9945
27(2b),COPERNIC,97.6825,5.7762,0,#7d9945
27(2b),COPERNIC,97.8166,5.7875,0,#7d9945
27(2b),COPERNIC,97.9649,5.8316,0,#7d9945
27(2b),COPERNIC,97.9706,5.8322,0,#7d9945
27(2b),COPERNIC,97.9763,5.8325,0,#7d9945
27(2b),COPERNIC,97.9819,5.8323,0,#7d9945
27(2b),COPERNIC,97.9874,5.8318,0,#7d9945
27(2b),COPERNIC,97.9927,5.831,0,#7d9945
27(2b),COPERNIC,97.9979,5.8298,0,#7d9945
27(2b),COPERNIC,98.0029,5.8283,0,#7d9945
27(2b),COPERNIC,98.0077,5.8266,0,#7d9945
27(2b),COPERNIC,98.0122,5.8246,0,#7d9945
27(2b),COPERNIC,98.0164,5.8223,0,#7d9945
27(2b),COPERNIC,98.0203,5.8198,0,#7d9945
27(2b),COPERNIC,98.0237,5.8171,0,#7d9945
27(2b),COPERNIC,98.0268,5.8143,0,#7d9945
27(2b),COPERNIC,98.0295,5.8112,0,#7d9945
27(2b),COPERNIC,98.0317,5.808,0,#7d9945
27(2b),COPERNIC,98.0334,5.8047,0,#7d9945
27(2b),COPERNIC,98.0344,5.8014,0,#7d9945
27(2b),PROFESS,35.8647,0.1034,0,#800000
27(2b),PROFESS,36.1766,0.0407,0,#800000
27(2b),PROFESS,36.4581,0.0452,0,#800000
27(2b),PROFESS,37.3592,0.0478,0,#800000
27(2b),PROFESS,38.257,0.0519,0,#800000
27(2b),PROFESS,39.1553,0.0562,0,#800000
27(2b),PROFESS,40.054,0.0621,0,#800000
27(2b),PROFESS,40.9528,0.0708,0,#800000
27(2b),PROFESS,41.8525,0.0838,0,#800000
27(2b),PROFESS,42.7529,0.1051,0,#800000
27(2b),PROFESS,43.6512,0.129,0,#800000
27(2b),PROFESS,44.5488,0.1558,0,#800000
27(2b),PROFESS,45.4465,0.1852,0,#800000
27(2b),PROFESS,46.344,0.2167,0,#800000
27(2b),PROFESS,47.2412,0.2501,0,#800000
27(2b),PROFESS,48.1381,0.2851,0,#800000
27(2b),PROFESS,49.035,0.3213,0,#800000
27(2b),PROFESS,49.9317,0.3583,0,#800000
27(2b),PROFESS,50.8266,0.3944,0,#800000
27(2b),PROFESS,51.1458,0.4034,0,#800000
27(2b),PROFESS,51.7721,0.4303,0,#800000
27(2b),PROFESS,52.4258,0.4527,0,#800000
27(2b),PROFESS,53.1188,0.4772,0,#800000
27(2b),PROFESS,53.8135,0.5029,0,#800000
27(2b),PROFESS,54.5081,0.5299,0,#800000
27(2b),PROFESS,55.2026,0.5582,0,#800000
27(2b),PROFESS,55.8969,0.5882,0,#800000
27(2b),PROFESS,56.5909,0.6199,0,#800000
27(2b),PROFESS,57.2847,0.6535,0,#800000
27(2b),PROFESS,57.9782,0.6892,0,#800000
27(2b),PROFESS,58.6714,0.7272,0,#800000
27(2b),PROFESS,59.3641,0.7675,0,#800000
27(2b),PROFESS,60.0564,0.8105,0,#800000
27(2b),PROFESS,60.7482,0.8562,0,#800000
27(2b),PROFESS,61.4395,0.9048,0,#800000
27(2b),PROFESS,62.1303,0.9566,0,#800000
27(2b),PROFESS,62.8205,1.0116,0,#800000
27(2b),PROFESS,63.5101,1.07,0,#800000
27(2b),PROFESS,63.9853,1.1113,0,#800000
27(2b),PROFESS,64.4255,1.1507,0,#800000
27(2b),PROFESS,64.7536,1.1784,0,#800000
27(2b),PROFESS,65.0714,1.2062,0,#800000
27(2b),PROFESS,65.3773,1.2344,0,#800000
27(2b),PROFESS,65.6731,1.2634,0,#800000
27(2b),PROFESS,65.9607,1.2934,0,#800000
27(2b),PROFESS,66.2418,1.3248,0,#800000
27(2b),PROFESS,66.5184,1.358,0,#800000
27(2b),PROFESS,66.7922,1.3933,0,#800000
27(2b),PROFESS,67.065,1.431,0,#800000
27(2b),PROFESS,67.3388,1.4716,0,#800000
27(2b),PROFESS,67.6152,1.5155,0,#800000
27(2b),PROFESS,67.8961,1.5628,0,#800000
27(2b),PROFESS,68.1833,1.6142,0,#800000
27(2b),PROFESS,68.4786,1.6699,0,#800000
27(2b),PROFESS,68.7838,1.7303,0,#800000
27(2b),PROFESS,69.1008,1.7959,0,#800000
27(2b),PROFESS,69.2751,1.8227,0,#800000
27(2b),PROFESS,69.448,1.8404,0,#800000
27(2b),PROFESS,69.659,1.8634,0,#800000
27(2b),PROFESS,69.8545,1.8811,0,#800000
27(2b),PROFESS,70.2628,1.9078,0,#800000
27(2b),PROFESS,70.6685,1.9304,0,#800000
27(2b),PROFESS,71.1642,1.9444,0,#800000
27(2b),PROFESS,71.6504,1.9697,0,#800000
27(2b),PROFESS,72.1258,2.0048,0,#800000
27(2b),PROFESS,72.5921,2.0486,0,#800000
27(2b),PROFESS,73.0506,2.0998,0,#800000
27(2b),PROFESS,73.5029,2.1573,0,#800000
27(2b),PROFESS,73.9507,2.2198,0,#800000
27(2b),PROFESS,74.3954,2.2865,0,#800000
27(2b),PROFESS,74.8386,2.356,0,#800000
27(2b),PROFESS,75.2819,2.4274,0,#800000
27(2b),PROFESS,75.7268,2.4995,0,#800000
27(2b),PROFESS,76.1748,2.5714,0,#800000
27(2b),PROFESS,76.6276,2.6419,0,#800000
27(2b),PROFESS,77.0873,2.7101,0,#800000
27(2b),PROFESS,77.5556,2.7749,0,#800000
27(2b),PROFESS,78.0325,2.8349,0,#800000
27(2b),PROFESS,78.3312,2.8657,0,#800000
27(2b),PROFESS,78.6212,2.8926,0,#800000
27(2b),PROFESS,78.9809,2.9183,0,#800000
27(2b),PROFESS,79.3383,2.9431,0,#800000
27(2b),PROFESS,79.6911,2.967,0,#800000
27(2b),PROFESS,80.0399,2.9906,0,#800000
27(2b),PROFESS,80.3856,3.0143,0,#800000
27(2b),PROFESS,80.7288,3.0383,0,#800000
27(2b),PROFESS,81.0705,3.0632,0,#800000
27(2b),PROFESS,81.4113,3.0894,0,#800000
27(2b),PROFESS,81.752,3.1171,0,#800000
27(2b),PROFESS,82.0934,3.1469,0,#800000
27(2b),PROFESS,82.4362,3.179,0,#800000
27(2b),PROFESS,82.7811,3.2141,0,#800000
27(2b),PROFESS,83.1289,3.2523,0,#800000
27(2b),PROFESS,83.4803,3.2942,0,#800000
27(2b),PROFESS,83.838,3.3403,0,#800000
27(2b),PROFESS,84.1945,3.3901,0,#800000
27(2b),PROFESS,84.4342,3.4158,0,#800000
27(2b),PROFESS,84.7132,3.453,0,#800000
27(2b),PROFESS,85.2451,3.5245,0,#800000
27(2b),PROFESS,85.7933,3.5963,0,#800000
27(2b),PROFESS,86.2778,3.6617,0,#800000
27(2b),PROFESS,86.7645,3.7269,0,#800000
27(2b),PROFESS,87.253,3.7921,0,#800000
27(2b),PROFESS,87.7427,3.8577,0,#800000
27(2b),PROFESS,88.2334,3.9238,0,#800000
27(2b),PROFESS,88.7246,3.9908,0,#800000
27(2b),PROFESS,89.2161,4.059,0,#800000
27(2b),PROFESS,89.7072,4.1286,0,#800000
27(2b),PROFESS,90.1977,4.1998,0,#800000
27(2b),PROFESS,90.6871,4.273,0,#800000
27(2b),PROFESS,91.1751,4.3485,0,#800000
27(2b),PROFESS,91.6612,4.4264,0,#800000
27(2b),PROFESS,92.145,4.5071,0,#800000
27(2b),PROFESS,92.6261,4.5908,0,#800000
27(2b),PROFESS,93.1041,4.6779,0,#800000
27(2b),PROFESS,93.5787,4.7686,0,#800000
27(2b),PROFESS,93.8856,4.8318,0,#800000
27(2b),PROFESS,94.1713,4.8849,0,#800000
27(2b),PROFESS,94.4658,4.9506,0,#800000
27(2b),PROFESS,94.6006,4.9767,0,#800000
27(2b),PROFESS,94.7354,5.0029,0,#800000
27(2b),PROFESS,94.8653,5.0272,0,#800000
27(2b),PROFESS,94.9965,5.0515,0,#800000
27(2b),PROFESS,95.1236,5.0743,0,#800000
27(2b),PROFESS,95.2528,5.0967,0,#800000
27(2b),PROFESS,95.3785,5.1183,0,#800000
27(2b),PROFESS,95.5073,5.139,0,#800000
27(2b),PROFESS,95.6363,5.1594,0,#800000
27(2b),PROFESS,95.7633,5.1783,0,#800000
27(2b),PROFESS,95.8944,5.1971,0,#800000
27(2b),PROFESS,96.0243,5.2149,0,#800000
27(2b),PROFESS,96.1591,5.2321,0,#800000
27(2b),PROFESS,96.2938,5.2486,0,#800000
27(2b),PROFESS,96.4342,5.2643,0,#800000
27(2b),PROFESS,96.5779,5.2797,0,#800000
27(2b),PROFESS,96.8334,5.3002,0,#800000
27(2b),PROFESS,97.0744,5.3191,0,#800000
27(2b),PROFESS,97.1869,5.3274,0,#800000
27(2b),PROFESS,97.298,5.3347,0,#800000
27(2b),PROFESS,97.4114,5.3418,0,#800000
27(2b),PROFESS,97.5234,5.3485,0,#800000
27(2b),PROFESS,97.6374,5.3546,0,#800000
27(2b),PROFESS,97.7516,5.3606,0,#800000
27(2b),PROFESS,97.8646,5.3662,0,#800000
27(2b),PROFESS,97.9791,5.3716,0,#800000
27(2b),PROFESS,98.0937,5.377,0,#800000
27(2b),PROFESS,98.2073,5.3822,0,#800000
27(2b),PROFESS,98.3219,5.3874,0,#800000
27(2b),PROFESS,98.4365,5.3927,0,#800000
27(2b),PROFESS,98.5501,5.3979,0,#800000
27(2b),PROFESS,98.6644,5.4034,0,#800000
27(2b),PROFESS,98.7778,5.4092,0,#800000
27(2b),PROFESS,98.8916,5.4151,0,#800000
27(2b),PROFESS,99.0292,5.4269,0,#800000
27(2b),PROFESS,99.1833,5.4493,0,#800000
27(2b),PROFESS,99.2951,5.4767,0,#800000
27(2b),PROFESS,99.3027,5.4812,0,#800000
27(2b),PROFESS,99.3103,5.4812,0,#800000
27(2b),PROFESS,99.3027,5.4767,0,#800000
27(2b),PROFESS,99.3788,5.5215,0,#800000
27(2b),PROFESS,99.3103,5.4812,0,#800000
27(2b),PROFESS,99.3788,5.5215,0,#800000
27(2b),PROFESS,99.3103,5.4767,0,#800000
27(2b),PROFESS,99.3928,5.5757,0,#800000
27(2b),PROFESS,99.3788,5.517,0,#800000
27(2b),PROFESS,99.3899,5.5898,0,#800000
27(2b),PROFESS,99.3788,5.526,0,#800000
27(2b),PROFESS,99.3737,5.6162,0,#800000
27(2b),PROFESS,99.3593,5.6403,0,#800000
27(2b),PROFESS,99.3431,5.6632,0,#800000
27(2b),PROFESS,99.3286,5.6817,0,#800000
27(2b),PROFESS,99.3145,5.6984,0,#800000
27(2b),PROFESS,99.3008,5.7138,0,#800000
27(2b),PROFESS,99.2874,5.7284,0,#800000
27(2b),PROFESS,99.2749,5.742,0,#800000
27(2b),PROFESS,99.2633,5.7549,0,#800000
27(2b),PROFESS,99.2514,5.7688,0,#800000
27(2b),PROFESS,99.2408,5.7825,0,#800000
27(2b),PROFESS,99.2319,5.7954,0,#800000
27(2b),PROFESS,99.2232,5.8098,0,#800000
27(2b),PROFESS,99.2048,5.8398,0,#800000
27(2b),PROFESS,99.201,5.8504,0,#800000
27(2b),PROFESS,99.1981,5.8622,0,#800000
27(2b),PROFESS,99.1962,5.8797,0,#800000
27(2b),PROFESS,99.1962,5.9111,0,#800000
27(2b),PROFESS,99.1962,5.9119,0,#800000
27(2b),PROFESS,99.1962,5.9126,0,#800000
27(2b),PROFESS,99.1963,5.9132,0,#800000
27(2b),PROFESS,99.1963,5.9137,0,#800000
27(2b),PROFESS,99.1965,5.9142,0,#800000
27(2b),PROFESS,99.1966,5.9147,0,#800000
27(2b),PROFESS,99.1969,5.9151,0,#800000
27(2b),PROFESS,99.1972,5.9156,0,#800000
27(2b),PROFESS,99.1976,5.916,0,#800000
27(2b),PROFESS,99.1981,5.9164,0,#800000
27(2b),PROFESS,99.1987,5.9169,0,#800000
27(2b),PROFESS,99.1994,5.9174,0,#800000
27(2b),PROFESS,99.2003,5.9179,0,#800000
27(2b),PROFESS,99.2013,5.9185,0,#800000
27(2b),PROFESS,99.2025,5.9192,0,#800000
27(2b),PROFESS,99.2038,5.92,0,#800000
27(2b),PROFESS,99.2114,5.9335,0,#800000
27(2b),PROFESS,99.2115,5.9343,0,#800000
27(2b),PROFESS,99.2118,5.9351,0,#800000
27(2b),PROFESS,99.2121,5.936,0,#800000
27(2b),PROFESS,99.2126,5.9368,0,#800000
27(2b),PROFESS,99.2132,5.9375,0,#800000
27(2b),PROFESS,99.2138,5.9383,0,#800000
27(2b),PROFESS,99.2145,5.939,0,#800000
27(2b),PROFESS,99.2152,5.9396,0,#800000
27(2b),PROFESS,99.216,5.9402,0,#800000
27(2b),PROFESS,99.2166,5.9408,0,#800000
27(2b),PROFESS,99.2173,5.9412,0,#800000
27(2b),PROFESS,99.2179,5.9417,0,#800000
27(2b),PROFESS,99.2183,5.942,0,#800000
27(2b),PROFESS,99.2187,5.9422,0,#800000
27(2b),PROFESS,99.219,5.9424,0,#800000
27(2b),PROFESS,99.219,5.9424,0,#800000
27(2b),PROFESS,99.2267,5.9514,0,#800000
27(2b),PROFESS,99.228,5.9514,0,#800000
27(2b),PROFESS,99.2292,5.9514,0,#800000
27(2b),PROFESS,99.2302,5.9514,0,#800000
27(2b),PROFESS,99.2311,5.9514,0,#800000
27(2b),PROFESS,99.2318,5.9515,0,#800000
27(2b),PROFESS,99.2324,5.9516,0,#800000
27(2b),PROFESS,99.2329,5.9518,0,#800000
27(2b),PROFESS,99.2333,5.9519,0,#800000
27(2b),PROFESS,99.2336,5.9522,0,#800000
27(2b),PROFESS,99.2339,5.9525,0,#800000
27(2b),PROFESS,99.234,5.9528,0,#800000
27(2b),PROFESS,99.2341,5.9533,0,#800000
27(2b),PROFESS,99.2342,5.9538,0,#800000
27(2b),PROFESS,99.2343,5.9544,0,#800000
27(2b),PROFESS,99.2343,5.9551,0,#800000
27(2b),PROFESS,99.2343,5.9559,0,#800000
27(2b),PROFESS,99.2571,5.9648,0,#800000
27(2b),PROFESS,99.2647,5.9693,0,#800000
27(2b),PROFESS,99.2646,5.9692,0,#800000
27(2b),PROFESS,99.2644,5.9691,0,#800000
27(2b),PROFESS,99.264,5.9689,0,#800000
27(2b),PROFESS,99.2636,5.9687,0,#800000
27(2b),PROFESS,99.2632,5.9684,0,#800000
27(2b),PROFESS,99.2627,5.9681,0,#800000
27(2b),PROFESS,99.2622,5.9678,0,#800000
27(2b),PROFESS,99.2618,5.9676,0,#800000
27(2b),PROFESS,99.2615,5.9674,0,#800000
27(2b),PROFESS,99.2614,5.9673,0,#800000
27(2b),PROFESS,99.2613,5.9673,0,#800000
27(2b),PROFESS,99.2615,5.9674,0,#800000
27(2b),PROFESS,99.2619,5.9676,0,#800000
27(2b),PROFESS,99.2625,5.968,0,#800000
27(2b),PROFESS,99.2634,5.9686,0,#800000
27(2b),PROFESS,99.2647,5.9693,0,#800000
27(2b),PROFESS,99.2799,5.9738,0,#800000
27(2b),PROFESS,99.3027,5.9782,0,#800000
27(2b),PROFESS,99.3027,5.9782,0,#800000
27(2b),PROFESS,99.3024,5.9782,0,#800000
27(2b),PROFESS,99.3021,5.9782,0,#800000
27(2b),PROFESS,99.3017,5.9782,0,#800000
27(2b),PROFESS,99.3012,5.9782,0,#800000
27(2b),PROFESS,99.2855,5.9738,0,#800000
27(2b),PROFESS,99.2851,5.9738,0,#800000
27(2b),PROFESS,99.2847,5.9738,0,#800000
27(2b),PROFESS,99.2844,5.9738,0,#800000
27(2b),PROFESS,99.2842,5.9738,0,#800000
27(2b),PROFESS,99.2841,5.9738,0,#800000
27(2b),PROFESS,99.2843,5.9738,0,#800000
27(2b),PROFESS,99.2847,5.9738,0,#800000
27(2b),PROFESS,99.2853,5.9738,0,#800000
27(2b),PROFESS,99.3015,5.9782,0,#800000
27(2b),PROFESS,99.3027,5.9782,0,#800000
27(2b),PROFESS,99.3179,5.9827,0,#800000
27(2b),PROFESS,99.3917,5.9957,0,#800000
27(2b),PROFESS,99.6192,6.0211,0,#800000
27(2b),PROFESS,99.8607,6.0437,0,#800000
27(2b),PROFESS,100.104,6.0626,0,#800000
27(2b),PROFESS,100.1167,6.0634,0,#800000
27(2b),FEMAXI-JNES,-0.0573,0.1393,0,#333399
27(2b),FEMAXI-JNES,-0.0117,0.1393,0,#333399
27(2b),FEMAXI-JNES,1.7627,0.0721,0,#333399
27(2b),FEMAXI-JNES,3.4915,0.0721,0,#333399
27(2b),FEMAXI-JNES,5.2203,0.0721,0,#333399
27(2b),FEMAXI-JNES,6.9491,0.0721,0,#333399
27(2b),FEMAXI-JNES,8.6778,0.0721,0,#333399
27(2b),FEMAXI-JNES,10.4066,0.0721,0,#333399
27(2b),FEMAXI-JNES,12.1354,0.0721,0,#333399
27(2b),FEMAXI-JNES,13.8642,0.0721,0,#333399
27(2b),FEMAXI-JNES,15.593,0.0721,0,#333399
27(2b),FEMAXI-JNES,17.3217,0.0721,0,#333399
27(2b),FEMAXI-JNES,19.0505,0.0721,0,#333399
27(2b),FEMAXI-JNES,20.7793,0.0721,0,#333399
27(2b),FEMAXI-JNES,22.5081,0.0721,0,#333399
27(2b),FEMAXI-JNES,24.2368,0.0721,0,#333399
27(2b),FEMAXI-JNES,25.9656,0.0721,0,#333399
27(2b),FEMAXI-JNES,27.6944,0.0721,0,#333399
27(2b),FEMAXI-JNES,28.3334,0.0721,0,#333399
27(2b),FEMAXI-JNES,29.0195,0.0732,0,#333399
27(2b),FEMAXI-JNES,29.7047,0.0733,0,#333399
27(2b),FEMAXI-JNES,30.3901,0.0722,0,#333399
27(2b),FEMAXI-JNES,31.0755,0.0702,0,#333399
27(2b),FEMAXI-JNES,31.7609,0.0675,0,#333399
27(2b),FEMAXI-JNES,32.4465,0.0645,0,#333399
27(2b),FEMAXI-JNES,33.1321,0.0615,0,#333399
27(2b),FEMAXI-JNES,33.8179,0.0587,0,#333399
27(2b),FEMAXI-JNES,34.5037,0.0564,0,#333399
27(2b),FEMAXI-JNES,35.1895,0.055,0,#333399
27(2b),FEMAXI-JNES,35.8755,0.0547,0,#333399
27(2b),FEMAXI-JNES,36.5615,0.0558,0,#333399
27(2b),FEMAXI-JNES,37.2476,0.0587,0,#333399
27(2b),FEMAXI-JNES,37.9338,0.0635,0,#333399
27(2b),FEMAXI-JNES,38.6201,0.0706,0,#333399
27(2b),FEMAXI-JNES,39.3065,0.0803,0,#333399
27(2b),FEMAXI-JNES,39.9479,0.0902,0,#333399
27(2b),FEMAXI-JNES,41.1938,0.1214,0,#333399
27(2b),FEMAXI-JNES,42.4444,0.1529,0,#333399
27(2b),FEMAXI-JNES,43.3107,0.1818,0,#333399
27(2b),FEMAXI-JNES,44.1749,0.2114,0,#333399
27(2b),FEMAXI-JNES,45.0389,0.2433,0,#333399
27(2b),FEMAXI-JNES,45.9012,0.2788,0,#333399
27(2b),FEMAXI-JNES,46.7622,0.3178,0,#333399
27(2b),FEMAXI-JNES,47.6219,0.3604,0,#333399
27(2b),FEMAXI-JNES,48.4806,0.4067,0,#333399
27(2b),FEMAXI-JNES,49.3384,0.4565,0,#333399
27(2b),FEMAXI-JNES,50.1955,0.51,0,#333399
27(2b),FEMAXI-JNES,51.0522,0.567,0,#333399
27(2b),FEMAXI-JNES,51.9086,0.6277,0,#333399
27(2b),FEMAXI-JNES,52.765,0.6921,0,#333399
27(2b),FEMAXI-JNES,53.6215,0.76,0,#333399
27(2b),FEMAXI-JNES,54.4784,0.8316,0,#333399
27(2b),FEMAXI-JNES,55.3358,0.9069,0,#333399
27(2b),FEMAXI-JNES,56.1941,0.9858,0,#333399
27(2b),FEMAXI-JNES,57.4421,1.1022,0,#333399
27(2b),FEMAXI-JNES,59.9359,1.3305,0,#333399
27(2b),FEMAXI-JNES,61.8169,1.5074,0,#333399
27(2b),FEMAXI-JNES,63.6958,1.6898,0,#333399
27(2b),FEMAXI-JNES,65.5732,1.8763,0,#333399
27(2b),FEMAXI-JNES,67.4494,2.0664,0,#333399
27(2b),FEMAXI-JNES,69.3244,2.2597,0,#333399
27(2b),FEMAXI-JNES,71.1986,2.4556,0,#333399
27(2b),FEMAXI-JNES,73.072,2.6537,0,#333399
27(2b),FEMAXI-JNES,74.9448,2.8534,0,#333399
27(2b),FEMAXI-JNES,76.8172,3.0543,0,#333399
27(2b),FEMAXI-JNES,78.6895,3.2558,0,#333399
27(2b),FEMAXI-JNES,80.5616,3.4575,0,#333399
27(2b),FEMAXI-JNES,82.4339,3.6589,0,#333399
27(2b),FEMAXI-JNES,84.3065,3.8594,0,#333399
27(2b),FEMAXI-JNES,86.1795,4.0586,0,#333399
27(2b),FEMAXI-JNES,88.0532,4.256,0,#333399
27(2b),FEMAXI-JNES,89.9277,4.4511,0,#333399
27(2b),FEMAXI-JNES,92.4369,4.7062,0,#333399
27(2b),FEMAXI-JNES,97.4274,5.2032,0,#333399
27(2b),FEMAXI-JNES,99.9874,5.4902,0,#333399
27(2b),FEMAXI-JNES,99.9931,5.4909,0,#333399
27(2b),FEMAXI-JNES,99.9988,5.4912,0,#333399
27(2b),FEMAXI-JNES,100.0044,5.4913,0,#333399
27(2b),FEMAXI-JNES,100.0099,5.4911,0,#333399
27(2b),FEMAXI-JNES,100.0152,5.4906,0,#333399
27(2b),FEMAXI-JNES,100.0204,5.4898,0,#333399
27(2b),FEMAXI-JNES,100.0254,5.4887,0,#333399
27(2b),FEMAXI-JNES,100.0302,5.4874,0,#333399
27(2b),FEMAXI-JNES,100.0347,5.4858,0,#333399
27(2b),FEMAXI-JNES,100.0389,5.4839,0,#333399
27(2b),FEMAXI-JNES,100.0427,5.4818,0,#333399
27(2b),FEMAXI-JNES,100.0462,5.4795,0,#333399
27(2b),FEMAXI-JNES,100.0493,5.4769,0,#333399
27(2b),FEMAXI-JNES,100.052,5.4741,0,#333399
27(2b),FEMAXI-JNES,100.0542,5.471,0,#333399
27(2b),FEMAXI-JNES,100.0559,5.4678,0,#333399
27(2b),MACROS,51.2469,0.4438,0,#99ccff
27(2b),MACROS,51.852,0.4212,0,#99ccff
27(2b),MACROS,52.4305,0.457,0,#99ccff
27(2b),MACROS,53.0248,0.4956,0,#99ccff
27(2b),MACROS,53.5308,0.5281,0,#99ccff
27(2b),MACROS,54.0376,0.5603,0,#99ccff
27(2b),MACROS,54.5439,0.5919,0,#99ccff
27(2b),MACROS,55.0505,0.6234,0,#99ccff
27(2b),MACROS,55.5575,0.6545,0,#99ccff
27(2b),MACROS,56.0643,0.6855,0,#99ccff
27(2b),MACROS,56.5713,0.7164,0,#99ccff
27(2b),MACROS,57.0782,0.7473,0,#99ccff
27(2b),MACROS,57.5853,0.7782,0,#99ccff
27(2b),MACROS,58.0923,0.8092,0,#99ccff
27(2b),MACROS,58.5995,0.8403,0,#99ccff
27(2b),MACROS,59.1064,0.8717,0,#99ccff
27(2b),MACROS,59.6137,0.9034,0,#99ccff
27(2b),MACROS,60.1205,0.9354,0,#99ccff
27(2b),MACROS,60.6278,0.968,0,#99ccff
27(2b),MACROS,61.1351,1.001,0,#99ccff
27(2b),MACROS,61.272,1.0102,0,#99ccff
27(2b),MACROS,61.3938,1.0188,0,#99ccff
27(2b),MACROS,61.6432,1.0302,0,#99ccff
27(2b),MACROS,61.8993,1.0444,0,#99ccff
27(2b),MACROS,62.1595,1.0612,0,#99ccff
27(2b),MACROS,62.424,1.08,0,#99ccff
27(2b),MACROS,62.6918,1.1005,0,#99ccff
27(2b),MACROS,62.9631,1.1232,0,#99ccff
27(2b),MACROS,63.2352,1.1468,0,#99ccff
27(2b),MACROS,63.5083,1.1713,0,#99ccff
27(2b),MACROS,63.7825,1.197,0,#99ccff
27(2b),MACROS,64.0549,1.2229,0,#99ccff
27(2b),MACROS,64.3257,1.2485,0,#99ccff
27(2b),MACROS,64.5955,1.2746,0,#99ccff
27(2b),MACROS,64.8606,1.3,0,#99ccff
27(2b),MACROS,65.1217,1.3242,0,#99ccff
27(2b),MACROS,65.3794,1.3476,0,#99ccff
27(2b),MACROS,65.6296,1.3696,0,#99ccff
27(2b),MACROS,66.0965,1.4109,0,#99ccff
27(2b),MACROS,66.332,1.4342,0,#99ccff
27(2b),MACROS,66.5439,1.4556,0,#99ccff
27(2b),MACROS,66.768,1.4738,0,#99ccff
27(2b),MACROS,66.9633,1.4939,0,#99ccff
27(2b),MACROS,67.1566,1.5126,0,#99ccff
27(2b),MACROS,67.3482,1.5303,0,#99ccff
27(2b),MACROS,67.5384,1.5472,0,#99ccff
27(2b),MACROS,67.7276,1.5635,0,#99ccff
27(2b),MACROS,67.9157,1.5794,0,#99ccff
27(2b),MACROS,68.1033,1.5953,0,#99ccff
27(2b),MACROS,68.2907,1.6113,0,#99ccff
27(2b),MACROS,68.4782,1.6277,0,#99ccff
27(2b),MACROS,68.6661,1.6447,0,#99ccff
27(2b),MACROS,68.8546,1.6626,0,#99ccff
27(2b),MACROS,69.0441,1.6816,0,#99ccff
27(2b),MACROS,69.2349,1.702,0,#99ccff
27(2b),MACROS,69.4273,1.7239,0,#99ccff
27(2b),MACROS,69.6215,1.7478,0,#99ccff
27(2b),MACROS,69.8242,1.7749,0,#99ccff
27(2b),MACROS,70.3152,1.8315,0,#99ccff
27(2b),MACROS,70.6682,1.8766,0,#99ccff
27(2b),MACROS,70.8108,1.8946,0,#99ccff
27(2b),MACROS,70.9543,1.9121,0,#99ccff
27(2b),MACROS,71.0973,1.9292,0,#99ccff
27(2b),MACROS,71.241,1.9462,0,#99ccff
27(2b),MACROS,71.3845,1.9629,0,#99ccff
27(2b),MACROS,71.5283,1.9795,0,#99ccff
27(2b),MACROS,71.672,1.996,0,#99ccff
27(2b),MACROS,71.816,2.0126,0,#99ccff
27(2b),MACROS,71.9599,2.0292,0,#99ccff
27(2b),MACROS,72.104,2.0459,0,#99ccff
27(2b),MACROS,72.2478,2.0627,0,#99ccff
27(2b),MACROS,72.392,2.08,0,#99ccff
27(2b),MACROS,72.5363,2.0974,0,#99ccff
27(2b),MACROS,72.6798,2.1153,0,#99ccff
27(2b),MACROS,72.8241,2.1337,0,#99ccff
27(2b),MACROS,72.9672,2.1524,0,#99ccff
27(2b),MACROS,73.0905,2.1697,0,#99ccff
27(2b),MACROS,73.1959,2.1813,0,#99ccff
27(2b),MACROS,73.2527,2.1873,0,#99ccff
27(2b),MACROS,73.3065,2.194,0,#99ccff
27(2b),MACROS,73.3588,2.2012,0,#99ccff
27(2b),MACROS,73.4099,2.2089,0,#99ccff
27(2b),MACROS,73.4601,2.217,0,#99ccff
27(2b),MACROS,73.511,2.2257,0,#99ccff
27(2b),MACROS,73.5598,2.2345,0,#99ccff
27(2b),MACROS,73.6082,2.2435,0,#99ccff
27(2b),MACROS,73.6565,2.2525,0,#99ccff
27(2b),MACROS,73.7048,2.2615,0,#99ccff
27(2b),MACROS,73.7553,2.2708,0,#99ccff
27(2b),MACROS,73.8044,2.2797,0,#99ccff
27(2b),MACROS,73.8541,2.2883,0,#99ccff
27(2b),MACROS,73.9047,2.2965,0,#99ccff
27(2b),MACROS,73.9564,2.3042,0,#99ccff
27(2b),MACROS,74.0114,2.312,0,#99ccff
27(2b),MACROS,74.206,2.3423,0,#99ccff
27(2b),MACROS,74.6244,2.405,0,#99ccff
27(2b),MACROS,74.8225,2.431,0,#99ccff
27(2b),MACROS,75.0276,2.4587,0,#99ccff
27(2b),MACROS,75.0276,2.4595,0,#99ccff
27(2b),MACROS,75.0279,2.4602,0,#99ccff
27(2b),MACROS,75.0283,2.4608,0,#99ccff
27(2b),MACROS,75.0288,2.4613,0,#99ccff
27(2b),MACROS,75.0293,2.4618,0,#99ccff
27(2b),MACROS,75.03,2.4621,0,#99ccff
27(2b),MACROS,75.0307,2.4624,0,#99ccff
27(2b),MACROS,75.0314,2.4627,0,#99ccff
27(2b),MACROS,75.0321,2.4628,0,#99ccff
27(2b),MACROS,75.0328,2.463,0,#99ccff
27(2b),MACROS,75.0334,2.4631,0,#99ccff
27(2b),MACROS,75.034,2.4631,0,#99ccff
27(2b),MACROS,75.0345,2.4632,0,#99ccff
27(2b),MACROS,75.0348,2.4632,0,#99ccff
27(2b),MACROS,75.0351,2.4632,0,#99ccff
27(2b),MACROS,75.0352,2.4632,0,#99ccff
27(2b),MACROS,75.1949,2.4677,0,#99ccff
27(2b),MACROS,75.2406,2.4722,0,#99ccff
27(2b),MACROS,75.3319,2.4901,0,#99ccff
27(2b),MACROS,75.3242,2.4901,0,#99ccff
27(2b),MACROS,75.3744,2.5037,0,#99ccff
27(2b),MACROS,75.3576,2.497,0,#99ccff
27(2b),MACROS,75.4612,2.5349,0,#99ccff
27(2b),MACROS,75.5487,2.5819,0,#99ccff
27(2b),MACROS,75.7577,2.7012,0,#99ccff
27(2b),MACROS,75.968,2.8216,0,#99ccff
27(2b),MACROS,76.1778,2.9424,0,#99ccff
27(2b),MACROS,76.3872,3.0634,0,#99ccff
27(2b),MACROS,76.5962,3.1846,0,#99ccff
27(2b),MACROS,76.8049,3.3059,0,#99ccff
27(2b),MACROS,77.0133,3.4274,0,#99ccff
27(2b),MACROS,77.2214,3.5491,0,#99ccff
27(2b),MACROS,77.4294,3.6708,0,#99ccff
27(2b),MACROS,77.6372,3.7925,0,#99ccff
27(2b),MACROS,77.8449,3.9143,0,#99ccff
27(2b),MACROS,78.0526,4.0361,0,#99ccff
27(2b),MACROS,78.2602,4.1578,0,#99ccff
27(2b),MACROS,78.468,4.2795,0,#99ccff
27(2b),MACROS,78.6758,4.4011,0,#99ccff
27(2b),MACROS,78.8861,4.524,0,#99ccff
27(2b),MACROS,79.4437,4.8566,0,#99ccff
27(2b),MACROS,79.5376,4.9134,0,#99ccff
27(2b),MACROS,79.6331,4.97,0,#99ccff
27(2b),MACROS,79.7323,5.0278,0,#99ccff
27(2b),MACROS,79.8338,5.0863,0,#99ccff
27(2b),MACROS,79.9372,5.1457,0,#99ccff
27(2b),MACROS,80.0418,5.2056,0,#99ccff
27(2b),MACROS,80.147,5.2662,0,#99ccff
27(2b),MACROS,80.2522,5.3271,0,#99ccff
27(2b),MACROS,80.3567,5.3885,0,#99ccff
27(2b),MACROS,80.4601,5.4502,0,#99ccff
27(2b),MACROS,80.5616,5.512,0,#99ccff
27(2b),MACROS,80.6606,5.5741,0,#99ccff
27(2b),MACROS,80.7566,5.6362,0,#99ccff
27(2b),MACROS,80.8488,5.6984,0,#99ccff
27(2b),MACROS,80.9366,5.7608,0,#99ccff
27(2b),MACROS,81.019,5.8235,0,#99ccff
27(2b),MACROS,81.0526,5.8529,0,#99ccff
27(2b),MACROS,81.0754,5.8708,0,#99ccff
27(2b),MACROS,81.083,5.8708,0,#99ccff
27(2b),MACROS,81.0906,5.8753,0,#99ccff
27(2b),MACROS,81.0921,5.8761,0,#99ccff
27(2b),MACROS,81.0935,5.8769,0,#99ccff
27(2b),MACROS,81.0949,5.8778,0,#99ccff
27(2b),MACROS,81.0964,5.8786,0,#99ccff
27(2b),MACROS,81.0978,5.8793,0,#99ccff
27(2b),MACROS,81.0992,5.8801,0,#99ccff
27(2b),MACROS,81.1006,5.8808,0,#99ccff
27(2b),MACROS,81.1021,5.8814,0,#99ccff
27(2b),MACROS,81.1035,5.882,0,#99ccff
27(2b),MACROS,81.1049,5.8826,0,#99ccff
27(2b),MACROS,81.1063,5.883,0,#99ccff
27(2b),MACROS,81.1078,5.8834,0,#99ccff
27(2b),MACROS,81.1092,5.8838,0,#99ccff
27(2b),MACROS,81.1112,5.8842,0,#99ccff
27(2b),MACROS,81.1139,5.8847,0,#99ccff
27(2b),MACROS,81.1165,5.8851,0,#99ccff
27(2b),MACROS,81.1515,5.8932,0,#99ccff
27(2b),MACROS,81.1528,5.894,0,#99ccff
27(2b),MACROS,81.154,5.8947,0,#99ccff
27(2b),MACROS,81.1551,5.8952,0,#99ccff
27(2b),MACROS,81.156,5.8958,0,#99ccff
27(2b),MACROS,81.1569,5.8962,0,#99ccff
27(2b),MACROS,81.1577,5.8966,0,#99ccff
27(2b),MACROS,81.1584,5.8969,0,#99ccff
27(2b),MACROS,81.1591,5.8971,0,#99ccff
27(2b),MACROS,81.1598,5.8973,0,#99ccff
27(2b),MACROS,81.1606,5.8974,0,#99ccff
27(2b),MACROS,81.1614,5.8975,0,#99ccff
27(2b),MACROS,81.1622,5.8976,0,#99ccff
27(2b),MACROS,81.1631,5.8976,0,#99ccff
27(2b),MACROS,81.1642,5.8976,0,#99ccff
27(2b),MACROS,81.1654,5.8977,0,#99ccff
27(2b),MACROS,81.1667,5.8977,0,#99ccff
27(2b),MACROS,81.2048,5.8977,0,#99ccff
27(2b),MACROS,81.2276,5.8932,0,#99ccff
27(2b),MACROS,81.2289,5.8932,0,#99ccff
27(2b),MACROS,81.2301,5.8932,0,#99ccff
27(2b),MACROS,81.2312,5.8932,0,#99ccff
27(2b),MACROS,81.2321,5.8932,0,#99ccff
27(2b),MACROS,81.2329,5.8932,0,#99ccff
27(2b),MACROS,81.2337,5.8932,0,#99ccff
27(2b),MACROS,81.2345,5.8932,0,#99ccff
27(2b),MACROS,81.258,5.8887,0,#99ccff
27(2b),MACROS,81.2587,5.8887,0,#99ccff
27(2b),MACROS,81.2595,5.8887,0,#99ccff
27(2b),MACROS,81.2603,5.8887,0,#99ccff
27(2b),MACROS,81.2611,5.8887,0,#99ccff
27(2b),MACROS,81.262,5.8887,0,#99ccff
27(2b),MACROS,81.2631,5.8887,0,#99ccff
27(2b),MACROS,81.2643,5.8887,0,#99ccff
27(2b),MACROS,81.2656,5.8887,0,#99ccff
27(2b),MACROS,81.2884,5.8842,0,#99ccff
27(2b),MACROS,81.4482,5.8573,0,#99ccff
27(2b),MACROS,81.4786,5.8529,0,#99ccff
27(2b),MACROS,81.4634,5.8529,0,#99ccff
27(2b),MACROS,81.5091,5.8529,0,#99ccff
27(2b),MACROS,81.4938,5.8529,0,#99ccff
27(2b),MACROS,81.8027,5.8815,0,#99ccff
27(2b),MACROS,81.8998,5.9021,0,#99ccff
27(2b),MACROS,81.9589,5.918,0,#99ccff
27(2b),MACROS,82.0145,5.9338,0,#99ccff
27(2b),MACROS,82.0672,5.9496,0,#99ccff
27(2b),MACROS,82.1174,5.9653,0,#99ccff
27(2b),MACROS,82.1655,5.981,0,#99ccff
27(2b),MACROS,82.2119,5.9967,0,#99ccff
27(2b),MACROS,82.2555,6.012,0,#99ccff
27(2b),MACROS,82.2999,6.0281,0,#99ccff
27(2b),MACROS,82.3438,6.0445,0,#99ccff
27(2b),MACROS,82.3876,6.0612,0,#99ccff
27(2b),MACROS,82.4316,6.0783,0,#99ccff
27(2b),MACROS,82.4756,6.0958,0,#99ccff
27(2b),MACROS,82.5215,6.1142,0,#99ccff
27(2b),MACROS,82.5687,6.1333,0,#99ccff
27(2b),MACROS,82.6245,6.158,0,#99ccff
27(2b),MACROS,82.673,6.1797,0,#99ccff
27(2b),MACROS,82.6882,6.1887,0,#99ccff
27(2b),MACROS,82.7262,6.2021,0,#99ccff
27(2b),MACROS,82.7577,6.2123,0,#99ccff
27(2b),MACROS,82.798,6.2258,0,#99ccff
27(2b),MACROS,82.8639,6.2528,0,#99ccff
27(2b),MACROS,82.8926,6.268,0,#99ccff
27(2b),MACROS,82.9158,6.2801,0,#99ccff
27(2b),MACROS,82.9444,6.2956,0,#99ccff
27(2b),MACROS,82.9879,6.3234,0,#99ccff
27(2b),MACROS,83.0171,6.3462,0,#99ccff
27(2b),MACROS,83.0385,6.365,0,#99ccff
27(2b),MACROS,83.0593,6.3844,0,#99ccff
27(2b),MACROS,83.0854,6.4125,0,#99ccff
27(2b),MACROS,83.104,6.434,0,#99ccff
27(2b),MACROS,83.1227,6.4563,0,#99ccff
27(2b),MACROS,83.142,6.4795,0,#99ccff
27(2b),MACROS,83.1619,6.5037,0,#99ccff
27(2b),MACROS,83.1827,6.529,0,#99ccff
27(2b),MACROS,83.2562,6.607,0,#99ccff
27(2b),MACROS,83.3348,6.6992,0,#99ccff
27(2b),MACROS,83.4232,6.7984,0,#99ccff
27(2b),MACROS,83.5755,6.9768,0,#99ccff
27(2b),MACROS,83.7279,7.1552,0,#99ccff
27(2b),MACROS,83.8801,7.3338,0,#99ccff
27(2b),MACROS,84.0323,7.5123,0,#99ccff
27(2b),MACROS,84.1845,7.6909,0,#99ccff
27(2b),MACROS,84.3365,7.8696,0,#99ccff
27(2b),MACROS,84.4886,8.0482,0,#99ccff
27(2b),MACROS,84.6405,8.2269,0,#99ccff
27(2b),MACROS,84.7924,8.4056,0,#99ccff
27(2b),MACROS,84.9443,8.5844,0,#99ccff
27(2b),MACROS,85.0961,8.7631,0,#99ccff
27(2b),MACROS,85.2478,8.9418,0,#99ccff
27(2b),MACROS,85.3995,9.1206,0,#99ccff
27(2b),MACROS,85.5511,9.2993,0,#99ccff
27(2b),MACROS,85.7027,9.478,0,#99ccff
27(2b),MACROS,85.8552,9.6533,0,#99ccff
27(2b),MACROS,86.0735,9.9052,0,#99ccff
27(2b),MACROS,86.1899,10.0225,0,#99ccff
27(2b),MACROS,86.2031,10.0346,0,#99ccff
27(2b),MACROS,86.2185,10.0483,0,#99ccff
27(2b),MACROS,86.2354,10.0632,0,#99ccff
27(2b),MACROS,86.2533,10.0783,0,#99ccff
27(2b),MACROS,86.2739,10.0954,0,#99ccff
27(2b),MACROS,86.2955,10.1132,0,#99ccff
27(2b),MACROS,86.3168,10.1302,0,#99ccff
27(2b),MACROS,86.34,10.1484,0,#99ccff
27(2b),MACROS,86.3634,10.1665,0,#99ccff
27(2b),MACROS,86.3858,10.1832,0,#99ccff
27(2b),MACROS,86.4089,10.2002,0,#99ccff
27(2b),MACROS,86.4313,10.2163,0,#99ccff
27(2b),MACROS,86.4519,10.2306,0,#99ccff
27(2b),MACROS,86.4722,10.244,0,#99ccff
27(2b),MACROS,86.4908,10.2558,0,#99ccff
27(2b),MACROS,86.5075,10.2658,0,#99ccff
27(2b),MACROS,86.5111,10.2731,0,#99ccff
27(2b),MACROS,86.5426,10.2988,0,#99ccff
27(2b),MACROS,86.5736,10.3217,0,#99ccff
27(2b),MACROS,86.6042,10.3446,0,#99ccff
27(2b),MACROS,86.6353,10.368,0,#99ccff
27(2b),MACROS,86.6663,10.3916,0,#99ccff
27(2b),MACROS,86.6973,10.4153,0,#99ccff
27(2b),MACROS,86.7285,10.4393,0,#99ccff
27(2b),MACROS,86.7598,10.4634,0,#99ccff
27(2b),MACROS,86.7912,10.4876,0,#99ccff
27(2b),MACROS,86.8229,10.5121,0,#99ccff
27(2b),MACROS,86.8545,10.5364,0,#99ccff
27(2b),MACROS,86.8868,10.5612,0,#99ccff
27(2b),MACROS,86.9186,10.5856,0,#99ccff
27(2b),MACROS,86.9507,10.61,0,#99ccff
27(2b),MACROS,86.9835,10.6349,0,#99ccff
27(2b),MACROS,87.0158,10.6592,0,#99ccff
27(2b),MACROS,87.0492,10.6843,0,#99ccff
27(2b),MACROS,87.1368,10.7501,0,#99ccff
27(2b),MACROS,87.3503,10.9073,0,#99ccff
27(2b),MACROS,87.5621,11.0651,0,#99ccff
27(2b),MACROS,87.7746,11.2241,0,#99ccff
27(2b),MACROS,87.987,11.3836,0,#99ccff
27(2b),MACROS,88.1996,11.5435,0,#99ccff
27(2b),MACROS,88.4123,11.7036,0,#99ccff
27(2b),MACROS,88.6252,11.8637,0,#99ccff
27(2b),MACROS,88.8384,12.0238,0,#99ccff
27(2b),MACROS,89.0521,12.1838,0,#99ccff
27(2b),MACROS,89.2662,12.3433,0,#99ccff
27(2b),MACROS,89.481,12.5025,0,#99ccff
27(2b),MACROS,89.6964,12.661,0,#99ccff
27(2b),MACROS,89.9125,12.8188,0,#99ccff
27(2b),MACROS,90.1294,12.9757,0,#99ccff
27(2b),MACROS,90.3473,13.1316,0,#99ccff
27(2b),MACROS,90.5661,13.2863,0,#99ccff
27(2b),MACROS,90.786,13.4398,0,#99ccff
27(2b),MACROS,90.8661,13.5053,0,#99ccff
27(2b),MACROS,90.9498,13.5636,0,#99ccff
27(2b),MACROS,90.9512,13.5643,0,#99ccff
27(2b),MACROS,90.9523,13.565,0,#99ccff
27(2b),MACROS,90.9534,13.5657,0,#99ccff
27(2b),MACROS,90.9543,13.5662,0,#99ccff
27(2b),MACROS,90.9552,13.5667,0,#99ccff
27(2b),MACROS,90.956,13.5672,0,#99ccff
27(2b),MACROS,90.9567,13.5676,0,#99ccff
27(2b),MACROS,90.9574,13.568,0,#99ccff
27(2b),MACROS,90.9581,13.5685,0,#99ccff
27(2b),MACROS,90.9589,13.5689,0,#99ccff
27(2b),MACROS,90.9597,13.5694,0,#99ccff
27(2b),MACROS,90.9605,13.5699,0,#99ccff
27(2b),MACROS,90.9615,13.5704,0,#99ccff
27(2b),MACROS,90.9625,13.571,0,#99ccff
27(2b),MACROS,90.9637,13.5717,0,#99ccff
27(2b),MACROS,90.965,13.5725,0,#99ccff
27(2b),MACROS,90.9803,13.577,0,#99ccff
27(2b),MACROS,90.9879,13.577,0,#99ccff
27(2b),MACROS,91.0031,13.5815,0,#99ccff
27(2b),MACROS,91.0259,13.5815,0,#99ccff
27(2b),MACROS,91.0425,13.5815,0,#99ccff
27(2b),MACROS,91.0439,13.5815,0,#99ccff
27(2b),MACROS,91.0453,13.5815,0,#99ccff
27(2b),MACROS,91.0467,13.5815,0,#99ccff
27(2b),MACROS,91.048,13.5815,0,#99ccff
27(2b),MACROS,91.0493,13.5815,0,#99ccff
27(2b),MACROS,91.0505,13.5815,0,#99ccff
27(2b),MACROS,91.0516,13.5815,0,#99ccff
27(2b),MACROS,91.0526,13.5815,0,#99ccff
27(2b),MACROS,91.0535,13.5815,0,#99ccff
27(2b),MACROS,91.0543,13.5815,0,#99ccff
27(2b),MACROS,91.055,13.5815,0,#99ccff
27(2b),MACROS,91.0556,13.5815,0,#99ccff
27(2b),MACROS,91.056,13.5815,0,#99ccff
27(2b),MACROS,91.0562,13.5815,0,#99ccff
27(2b),MACROS,91.0563,13.5815,0,#99ccff
27(2b),MACROS,91.0868,13.577,0,#99ccff
27(2b),MACROS,91.0881,13.577,0,#99ccff
27(2b),MACROS,91.0893,13.577,0,#99ccff
27(2b),MACROS,91.0903,13.577,0,#99ccff
27(2b),MACROS,91.0913,13.577,0,#99ccff
27(2b),MACROS,91.0921,13.577,0,#99ccff
27(2b),MACROS,91.0929,13.577,0,#99ccff
27(2b),MACROS,91.0936,13.577,0,#99ccff
27(2b),MACROS,91.0944,13.577,0,#99ccff
27(2b),MACROS,91.0951,13.577,0,#99ccff
27(2b),MACROS,91.0958,13.577,0,#99ccff
27(2b),MACROS,91.0966,13.577,0,#99ccff
27(2b),MACROS,91.0975,13.577,0,#99ccff
27(2b),MACROS,91.0984,13.577,0,#99ccff
27(2b),MACROS,91.0994,13.577,0,#99ccff
27(2b),MACROS,91.1006,13.577,0,#99ccff
27(2b),MACROS,91.102,13.577,0,#99ccff
27(2b),MACROS,91.2252,13.5385,0,#99ccff
27(2b),MACROS,91.2541,13.5233,0,#99ccff
27(2b),MACROS,91.3226,13.5009,0,#99ccff
27(2b),MACROS,91.3302,13.4964,0,#99ccff
27(2b),MACROS,91.3226,13.5009,0,#99ccff
27(2b),MACROS,91.3378,13.4964,0,#99ccff
27(2b),MACROS,91.3454,13.4964,0,#99ccff
27(2b),MACROS,91.3454,13.4964,0,#99ccff
27(2b),MACROS,91.3454,13.4964,0,#99ccff
27(2b),MACROS,91.3454,13.4964,0,#99ccff
27(2b),MACROS,91.3454,13.4964,0,#99ccff
27(2b),MACROS,91.3454,13.4964,0,#99ccff
27(2b),MACROS,91.3454,13.4964,0,#99ccff
27(2b),MACROS,91.3454,13.4964,0,#99ccff
27(2b),MACROS,91.3454,13.4964,0,#99ccff
27(2b),MACROS,91.3454,13.4964,0,#99ccff
27(2b),MACROS,91.3454,13.4964,0,#99ccff
27(2b),MACROS,91.3454,13.4964,0,#99ccff
27(2b),MACROS,91.3454,13.4964,0,#99ccff
27(2b),MACROS,91.3454,13.4964,0,#99ccff
27(2b),MACROS,91.3454,13.4964,0,#99ccff
27(2b),MACROS,91.3454,13.4964,0,#99ccff
27(2b),MACROS,91.3454,13.4964,0,#99ccff
27(2b),MACROS,91.5092,13.4387,0,#99ccff
27(2b),MACROS,91.6421,13.4427,0,#99ccff
27(2b),MACROS,91.5204,13.4382,0,#99ccff
27(2b),MACROS,91.6815,13.4632,0,#99ccff
27(2b),MACROS,91.528,13.4337,0,#99ccff
27(2b),MACROS,91.6421,13.4427,0,#99ccff
27(2b),MACROS,91.5204,13.4337,0,#99ccff
27(2b),MACROS,91.528,13.4337,0,#99ccff
27(2b),MACROS,91.5204,13.4292,0,#99ccff
27(2b),MACROS,91.528,13.4337,0,#99ccff
27(2b),MACROS,91.5204,13.4292,0,#99ccff
27(2b),MACROS,91.528,13.4382,0,#99ccff
27(2b),MACROS,91.5204,13.4337,0,#99ccff
27(2b),MACROS,91.6913,13.4986,0,#99ccff
27(2b),MACROS,91.7159,13.5487,0,#99ccff
27(2b),MACROS,91.7385,13.5986,0,#99ccff
27(2b),MACROS,91.7592,13.6483,0,#99ccff
27(2b),MACROS,91.7786,13.6977,0,#99ccff
27(2b),MACROS,91.7968,13.7468,0,#99ccff
27(2b),MACROS,91.8143,13.7957,0,#99ccff
27(2b),MACROS,91.8311,13.8442,0,#99ccff
27(2b),MACROS,91.8477,13.8925,0,#99ccff
27(2b),MACROS,91.8642,13.9405,0,#99ccff
27(2b),MACROS,91.8809,13.9881,0,#99ccff
27(2b),MACROS,91.8979,14.0355,0,#99ccff
27(2b),MACROS,91.9157,14.0825,0,#99ccff
27(2b),MACROS,91.8992,14.1951,0,#99ccff
27(2b),MACROS,91.9092,14.2189,0,#99ccff
27(2b),MACROS,91.9198,14.2428,0,#99ccff
27(2b),MACROS,91.9312,14.2666,0,#99ccff
27(2b),MACROS,91.9464,14.2845,0,#99ccff
27(2b),MACROS,91.9465,14.2861,0,#99ccff
27(2b),MACROS,91.9467,14.2876,0,#99ccff
27(2b),MACROS,91.9471,14.289,0,#99ccff
27(2b),MACROS,91.9477,14.2904,0,#99ccff
27(2b),MACROS,91.9484,14.2916,0,#99ccff
27(2b),MACROS,91.9492,14.2927,0,#99ccff
27(2b),MACROS,91.9501,14.2937,0,#99ccff
27(2b),MACROS,91.9511,14.2945,0,#99ccff
27(2b),MACROS,91.9523,14.2953,0,#99ccff
27(2b),MACROS,91.9534,14.296,0,#99ccff
27(2b),MACROS,91.9547,14.2966,0,#99ccff
27(2b),MACROS,91.956,14.2971,0,#99ccff
27(2b),MACROS,91.9574,14.2974,0,#99ccff
27(2b),MACROS,91.9588,14.2977,0,#99ccff
27(2b),MACROS,91.9602,14.2979,0,#99ccff
27(2b),MACROS,91.9616,14.2979,0,#99ccff
27(2b),MACROS,91.9692,14.3024,0,#99ccff
27(2b),MACROS,91.9721,14.3032,0,#99ccff
27(2b),MACROS,91.9749,14.3039,0,#99ccff
27(2b),MACROS,91.9787,14.3045,0,#99ccff
27(2b),MACROS,92.0567,14.3229,0,#99ccff
27(2b),MACROS,92.0595,14.3233,0,#99ccff
27(2b),MACROS,92.0624,14.3237,0,#99ccff
27(2b),MACROS,92.0653,14.324,0,#99ccff
27(2b),MACROS,92.0681,14.3242,0,#99ccff
27(2b),MACROS,92.071,14.3244,0,#99ccff
27(2b),MACROS,92.0738,14.3245,0,#99ccff
27(2b),MACROS,92.0767,14.3246,0,#99ccff
27(2b),MACROS,92.0795,14.3247,0,#99ccff
27(2b),MACROS,92.0824,14.3247,0,#99ccff
27(2b),MACROS,92.0852,14.3248,0,#99ccff
27(2b),MACROS,92.0881,14.3248,0,#99ccff
27(2b),MACROS,92.0909,14.3248,0,#99ccff
27(2b),MACROS,92.0985,14.3248,0,#99ccff
27(2b),MACROS,92.0986,14.3247,0,#99ccff
27(2b),MACROS,92.0989,14.3246,0,#99ccff
27(2b),MACROS,92.0993,14.3244,0,#99ccff
27(2b),MACROS,92.0998,14.3241,0,#99ccff
27(2b),MACROS,92.1005,14.3237,0,#99ccff
27(2b),MACROS,92.1013,14.3234,0,#99ccff
27(2b),MACROS,92.1023,14.323,0,#99ccff
27(2b),MACROS,92.1033,14.3225,0,#99ccff
27(2b),MACROS,92.1044,14.3221,0,#99ccff
27(2b),MACROS,92.1056,14.3217,0,#99ccff
27(2b),MACROS,92.1069,14.3213,0,#99ccff
27(2b),MACROS,92.1082,14.321,0,#99ccff
27(2b),MACROS,92.1095,14.3207,0,#99ccff
27(2b),MACROS,92.1109,14.3205,0,#99ccff
27(2b),MACROS,92.1123,14.3203,0,#99ccff
27(2b),MACROS,92.1138,14.3203,0,#99ccff
27(2b),MACROS,92.1594,14.3069,0,#99ccff
27(2b),MACROS,92.205,14.289,0,#99ccff
27(2b),MACROS,92.1898,14.2934,0,#99ccff
27(2b),MACROS,92.2203,14.289,0,#99ccff
27(2b),MACROS,92.205,14.289,0,#99ccff
27(2b),MACROS,92.2203,14.289,0,#99ccff
27(2b),MACROS,92.205,14.289,0,#99ccff
27(2b),MACROS,92.2203,14.289,0,#99ccff
27(2b),MACROS,92.205,14.2845,0,#99ccff
27(2b),MACROS,92.2126,14.289,0,#99ccff
27(2b),MACROS,92.205,14.2845,0,#99ccff
27(2b),MACROS,92.2126,14.289,0,#99ccff
27(2b),MACROS,92.6204,14.4217,0,#99ccff
27(2b),MACROS,92.8566,14.5895,0,#99ccff
27(2b),MACROS,93.0915,14.7584,0,#99ccff
27(2b),MACROS,93.3251,14.9282,0,#99ccff
27(2b),MACROS,93.5577,15.0987,0,#99ccff
27(2b),MACROS,93.7894,15.2699,0,#99ccff
27(2b),MACROS,94.0203,15.4416,0,#99ccff
27(2b),MACROS,94.2506,15.6136,0,#99ccff
27(2b),MACROS,94.4803,15.7858,0,#99ccff
27(2b),MACROS,94.7097,15.9581,0,#99ccff
27(2b),MACROS,94.9389,16.1303,0,#99ccff
27(2b),MACROS,95.1679,16.3023,0,#99ccff
27(2b),MACROS,95.397,16.4739,0,#99ccff
27(2b),MACROS,95.6263,16.6451,0,#99ccff
27(2b),MACROS,95.8558,16.8156,0,#99ccff
27(2b),MACROS,96.0924,16.9935,0,#99ccff
27(2b),MACROS,96.1152,17.0069,0,#99ccff
27(2b),MACROS,96.1228,17.0069,0,#99ccff
27(2b),MACROS,96.1228,17.0069,0,#99ccff
27(2b),MACROS,96.1228,17.0069,0,#99ccff
27(2b),MACROS,96.1228,17.0069,0,#99ccff
27(2b),MACROS,96.1228,17.0069,0,#99ccff
27(2b),MACROS,96.1228,17.0069,0,#99ccff
27(2b),MACROS,96.1228,17.0069,0,#99ccff
27(2b),MACROS,96.1228,17.0069,0,#99ccff
27(2b),MACROS,96.1228,17.0069,0,#99ccff
27(2b),MACROS,96.1228,17.0069,0,#99ccff
27(2b),MACROS,96.1228,17.0069,0,#99ccff
27(2b),MACROS,96.1228,17.0069,0,#99ccff
27(2b),MACROS,96.1228,17.0069,0,#99ccff
27(2b),MACROS,96.1228,17.0069,0,#99ccff
27(2b),MACROS,96.1228,17.0069,0,#99ccff
27(2b),MACROS,96.1228,17.0069,0,#99ccff
27(2b),MACROS,96.1228,17.0069,0,#99ccff
27(2b),MACROS,96.1632,17.0273,0,#99ccff
27(2b),MACROS,96.3973,17.0863,0,#99ccff
27(2b),MACROS,96.6506,17.15,0,#99ccff
27(2b),MACROS,96.9047,17.213,0,#99ccff
27(2b),MACROS,97.1596,17.2755,0,#99ccff
27(2b),MACROS,97.4154,17.3376,0,#99ccff
27(2b),MACROS,97.6717,17.3992,0,#99ccff
27(2b),MACROS,97.9284,17.4605,0,#99ccff
27(2b),MACROS,98.1855,17.5215,0,#99ccff
27(2b),MACROS,98.4426,17.5823,0,#99ccff
27(2b),MACROS,98.7008,17.6434,0,#99ccff
27(2b),MACROS,98.9573,17.7047,0,#99ccff
27(2b),MACROS,99.2134,17.7658,0,#99ccff
27(2b),MACROS,99.4685,17.826,0,#99ccff
27(2b),MACROS,99.7244,17.8858,0,#99ccff
27(2b),MACROS,99.9806,17.9458,0,#99ccff
27(2b),MACROS,100.1167,17.998,0,#99ccff
IFA-534.14 rod 18 power,history,-0.0325,26.4909,0,#000080
IFA-534.14 rod 18 power,history,7.3262,26.4909,0,#000080
IFA-534.14 rod 18 power,history,7.3262,26.4909,0,#000080
IFA-534.14 rod 18 power,history,14.4292,25.5261,0,#000080
IFA-534.14 rod 18 power,history,22.0436,27.4674,0,#000080
IFA-534.14 rod 18 power,history,29.4023,26.4909,0,#000080
IFA-534.14 rod 18 power,history,35.273,20.9142,0,#000080
IFA-534.14 rod 18 power,history,40.8763,19.9495,0,#000080
IFA-534.14 rod 18 power,history,46.3983,19.9495,0,#000080
IFA-534.14 rod 18 power,history,52.0016,19.9494,0,#000080
IFA-534.14 rod 18 power,history,52.0016,0.0,0,#000080
IFA-534.14 rod 18 power,history,52.0016,0.0,0,#000080
IFA-534.14 rod 18 power,history,52.0016,1.9723,0,#000080
IFA-534.14 rod 18 power,history,52.0016,1.9723,0,#000080
IFA-534.14 rod 18 power,history,52.0016,5.6077,0,#000080
IFA-534.14 rod 18 power,history,52.0016,7.1137,0,#000080
IFA-534.14 rod 18 power,history,52.0016,4.5371,0,#000080
IFA-534.14 rod 18 power,history,52.0016,4.5371,0,#000080
IFA-534.14 rod 18 power,history,52.0016,0.0,0,#000080
IFA-534.14 rod 18 power,history,52.0016,0.0,0,#000080
IFA-534.14 rod 18 power,history,52.0016,1.3605,0,#000080
IFA-534.14 rod 18 power,history,52.0016,0.0,0,#000080
IFA-534.14 rod 18 power,history,52.0016,0.0,0,#000080
IFA-534.14 rod 18 power,history,52.0016,2.8547,0,#000080
IFA-534.14 rod 18 power,history,52.0016,0.0,0,#000080
IFA-534.14 rod 18 power,history,52.0016,0.0,0,#000080
IFA-534.14 rod 18 power,history,52.0016,1.6194,0,#000080
IFA-534.14 rod 18 power,history,52.0016,1.6194,0,#000080
IFA-534.14 rod 18 power,history,52.0016,5.8666,0,#000080
IFA-534.14 rod 18 power,history,52.0016,7.3725,0,#000080
IFA-534.14 rod 18 power,history,52.0016,5.1607,0,#000080
IFA-534.14 rod 18 power,history,52.0016,2.2429,0,#000080
IFA-534.14 rod 18 power,history,52.0016,2.2429,0,#000080
IFA-534.14 rod 18 power,history,52.0016,0.0,0,#000080
IFA-534.14 rod 18 power,history,52.0016,0.0,0,#000080
IFA-534.14 rod 18 power,history,52.0016,1.1723,0,#000080
IFA-534.14 rod 18 power,history,52.0016,19.9495,0,#000080
IFA-534.14 rod 18 power,history,52.0946,3.6547,0,#000080
IFA-534.14 rod 18 power,history,52.0946,0.0,0,#000080
IFA-534.14 rod 18 power,history,52.0946,0.0,0,#000080
IFA-534.14 rod 18 power,history,52.0946,1.537,0,#000080
IFA-534.14 rod 18 power,history,52.0946,1.537,0,#000080
IFA-534.14 rod 18 power,history,52.0946,6.6666,0,#000080
IFA-534.14 rod 18 power,history,52.0946,10.4785,0,#000080
IFA-534.14 rod 18 power,history,52.0946,15.3375,0,#000080
IFA-534.14 rod 18 power,history,52.0946,20.3848,0,#000080
IFA-534.14 rod 18 power,history,52.0946,27.2085,0,#000080
IFA-534.14 rod 18 power,history,52.176,28.3498,0,#000080
IFA-534.14 rod 18 power,history,52.176,29.6792,0,#000080
IFA-534.14 rod 18 power,history,52.176,26.9379,0,#000080
IFA-534.14 rod 18 power,history,52.176,21.4554,0,#000080
IFA-534.14 rod 18 power,history,52.176,18.7024,0,#000080
IFA-534.14 rod 18 power,history,52.176,21.6319,0,#000080
IFA-534.14 rod 18 power,history,52.176,26.3144,0,#000080
IFA-534.14 rod 18 power,history,52.269,29.5028,0,#000080
IFA-534.14 rod 18 power,history,52.3504,28.7968,0,#000080
IFA-534.14 rod 18 power,history,52.3504,26.1379,0,#000080
IFA-534.14 rod 18 power,history,52.4433,28.7145,0,#000080
IFA-534.14 rod 18 power,history,52.4433,27.9145,0,#000080
IFA-534.14 rod 18 power,history,52.4433,28.5262,0,#000080
IFA-534.14 rod 18 power,history,52.4433,26.8556,0,#000080
IFA-534.14 rod 18 power,history,52.5247,28.3498,0,#000080
IFA-534.14 rod 18 power,history,52.5247,27.2085,0,#000080
IFA-534.14 rod 18 power,history,52.5247,26.8556,0,#000080
IFA-534.14 rod 18 power,history,52.6177,26.9379,0,#000080
IFA-534.14 rod 18 power,history,52.6177,25.432,0,#000080
IFA-534.14 rod 18 power,history,52.6177,24.279,0,#000080
IFA-534.14 rod 18 power,history,53.1409,25.5261,0,#000080
IFA-534.14 rod 18 power,history,53.1409,24.9849,0,#000080
IFA-534.14 rod 18 power,history,53.2339,22.9496,0,#000080
IFA-534.14 rod 18 power,history,53.757,22.1613,0,#000080
IFA-534.14 rod 18 power,history,54.0127,20.8318,0,#000080
IFA-534.14 rod 18 power,history,54.1987,20.1259,0,#000080
IFA-534.14 rod 18 power,history,54.1987,18.7024,0,#000080
IFA-534.14 rod 18 power,history,54.1987,15.514,0,#000080
IFA-534.14 rod 18 power,history,54.1987,15.514,0,#000080
IFA-534.14 rod 18 power,history,54.1987,0.0,0,#000080
IFA-534.14 rod 18 power,history,54.1987,0.0,0,#000080
IFA-534.14 rod 18 power,history,54.1987,1.7135,0,#000080
IFA-534.14 rod 18 power,history,54.1987,1.7135,0,#000080
IFA-534.14 rod 18 power,history,54.1987,4.4548,0,#000080
IFA-534.14 rod 18 power,history,54.1987,7.7255,0,#000080
IFA-534.14 rod 18 power,history,54.1987,11.5374,0,#000080
IFA-534.14 rod 18 power,history,54.1987,14.7257,0,#000080
IFA-534.14 rod 18 power,history,54.1987,18.267,0,#000080
IFA-534.14 rod 18 power,history,54.1987,20.3024,0,#000080
IFA-534.14 rod 18 power,history,54.2801,20.8318,0,#000080
IFA-534.14 rod 18 power,history,54.5475,19.5965,0,#000080
IFA-534.14 rod 18 power,history,54.5475,19.0553,0,#000080
IFA-534.14 rod 18 power,history,54.5475,19.8553,0,#000080
IFA-534.14 rod 18 power,history,54.5475,15.6081,0,#000080
IFA-534.14 rod 18 power,history,54.5475,12.5962,0,#000080
IFA-534.14 rod 18 power,history,54.5475,8.4314,0,#000080
IFA-534.14 rod 18 power,history,54.5475,5.0783,0,#000080
IFA-534.14 rod 18 power,history,54.5475,5.0783,0,#000080
IFA-534.14 rod 18 power,history,54.5475,0.0,0,#000080
IFA-534.14 rod 18 power,history,54.5475,0.0,0,#000080
IFA-534.14 rod 18 power,history,54.5475,1.1723,0,#000080
IFA-534.14 rod 18 power,history,54.5475,0.0,0,#000080
IFA-534.14 rod 18 power,history,54.5475,0.0,0,#000080
IFA-534.14 rod 18 power,history,54.5475,1.4429,0,#000080
IFA-534.14 rod 18 power,history,54.5475,1.4429,0,#000080
IFA-534.14 rod 18 power,history,54.5475,4.3606,0,#000080
IFA-534.14 rod 18 power,history,54.5475,9.149,0,#000080
IFA-534.14 rod 18 power,history,54.5475,5.5136,0,#000080
IFA-534.14 rod 18 power,history,54.5475,5.5136,0,#000080
IFA-534.14 rod 18 power,history,54.5475,0.0,0,#000080
IFA-534.14 rod 18 power,history,54.5475,0.0,0,#000080
IFA-534.14 rod 18 power,history,54.5475,3.2194,0,#000080
IFA-534.14 rod 18 power,history,54.5475,3.2194,0,#000080
IFA-534.14 rod 18 power,history,54.5475,7.549,0,#000080
IFA-534.14 rod 18 power,history,54.5475,10.9138,0,#000080
IFA-534.14 rod 18 power,history,54.5475,14.6316,0,#000080
IFA-534.14 rod 18 power,history,54.5475,17.9964,0,#000080
IFA-534.14 rod 18 power,history,54.5475,19.9495,0,#000080
IFA-534.14 rod 18 power,history,54.8963,18.62,0,#000080
IFA-534.14 rod 18 power,history,54.9776,17.9964,0,#000080
IFA-534.14 rod 18 power,history,54.9776,19.2318,0,#000080
IFA-534.14 rod 18 power,history,54.9776,17.9964,0,#000080
IFA-534.14 rod 18 power,history,54.9776,15.3375,0,#000080
IFA-534.14 rod 18 power,history,54.9776,11.5374,0,#000080
IFA-534.14 rod 18 power,history,54.9776,8.9726,0,#000080
IFA-534.14 rod 18 power,history,54.9776,7.549,0,#000080
IFA-534.14 rod 18 FGR transient,measured,0,4.811,0,#ff0000
IFA-534.14 rod 18 FGR transient,code 1,1,1.229,0,#ff0000
IFA-534.14 rod 18 FGR final,code 1,1,1.229,0,#ff00ff
IFA-534.14 rod 18 FGR final,code 2,2,5.918,0,#ff00ff
IFA-534.14 rod 18 FGR transient,code 2,2,5.918,0,#ff0000
IFA-534.14 rod 18 FGR base,code 3,3,1.294,0,#000080
IFA-534.14 rod 18 FGR transient,code 3,3,0.441,0,#ff0000
IFA-534.14 rod 18 FGR final,code 3,3,1.742,0,#ff00ff
IFA-534.14 rod 18 FGR base,code 4,4,2.254,0,#000080
IFA-534.14 rod 18 FGR final,code 4,4,2.977,0,#ff00ff
IFA-534.14 rod 18 FGR transient,code 4,4,0.72,0,#ff0000
IFA-534.14 rod 18 FGR base,code 6,6,8.007,0,#000080
IFA-534.14 rod 18 FGR final,code 6,6,8.007,0,#ff00ff
IFA-534.14 rod 18 FGR base,code 7,7,0.506,0,#000080
IFA-534.14 rod 18 FGR final,code 7,7,3.104,0,#ff00ff
IFA-534.14 rod 18 FGR transient,code 7,7,2.595,0,#ff0000
IFA-534.14 rod 18 FGR base,code 9,9,4.938,0,#000080
IFA-534.14 rod 18 FGR final,code 9,9,6.409,0,#ff00ff
IFA-534.14 rod 18 FGR transient,code 9,9,1.463,0,#ff0000
IFA-534.14 rod 18 FGR final,code 11,11,6.686,0,#ff00ff
IFA-534.14 rod 18 FGR transient,code 11,11,5.918,0,#ff0000
IFA-534.14 rod 18 FGR base,code 11,11,0.761,0,#000080
IFA-534.14 rod 18 FGR base,code 12,12,0.228,0,#000080
IFA-534.14 rod 18 FGR final,code 12,12,2.124,0,#ff00ff
IFA-534.14 rod 18 FGR transient,code 12,12,1.89,0,#ff0000
IFA-534.14 rod 18 FGR final,code 14,14,5.003,0,#ff00ff
IFA-534.14 rod 18 FGR transient,code 14,14,1.208,0,#ff0000
IFA-534.14 rod 18 FGR base,code 14,14,3.809,0,#000080
IFA-534.14 rod 18 FGR final,code 15,15,3.424,0,#ff00ff
IFA-534.14 rod 18 FGR transient,code 15,15,3.424,0,#ff0000
IFA-534.14 rod 18 FGR transient,code 17,17,4.618,0,#ff0000
IFA-534.14 rod 18 FGR final,code 17,17,4.618,0,#ff00ff
IFA-534.14 rod 18 FGR final,code 18,18,3.128,0,#ff00ff
IFA-534.14 rod 18 FGR transient,code 18,18,3.126,0,#ff0000
IFA-534.14 rod 18 FGR base,code 19,19,7.176,0,#000080
IFA-534.14 rod 18 FGR transient,code 19,19,2.103,0,#ff0000
IFA-534.14 rod 18 FGR final,code 19,19,9.286,0,#ff00ff
IFA-534.14 rod 18 FGR base,code 20,20,4.214,0,#000080
IFA-534.14 rod 18 FGR final,code 20,20,4.852,0,#ff00ff
IFA-534.14 rod 18 FGR transient,code 20,20,0.634,0,#ff0000
IFA-534.14 rod 18 FGR transient,code 21,21,4.341,0,#ff0000
IFA-534.14 rod 18 FGR final,code 21,21,4.342,0,#ff00ff
IFA-534.14 rod 18 FGR final,code 22,22,5.045,0,#ff00ff
IFA-534.14 rod 18 FGR transient,code 22,22,5.045,0,#ff0000
IFA-534.14 rod 18 FGR base,code 23,23,2.275,0,#000080
IFA-534.14 rod 18 FGR final,code 23,23,4.683,0,#ff00ff
IFA-534.14 rod 18 FGR transient,code 23,23,2.402,0,#ff0000
IFA-534.14 rod 18 FGR base,code 24,24,2.616,0,#000080
IFA-534.14 rod 18 FGR final,code 24,24,6.259,0,#ff00ff
IFA-534.14 rod 18 FGR transient,code 24,24,3.658,0,#ff0000
IFA-534.14 rod 18 FGR transient,code 26,26,1.508,0,#ff0000
IFA-534.14 rod 18 FGR final,code 26,26,4.064,0,#ff00ff
IFA-534.14 rod 18 FGR base,code 26,26,2.55,0,#000080
IFA-534.14 rod 18 FGR base,code 28,28,0.74,0,#000080
IFA-534.14 rod 18 FGR transient,code 28,28,3.552,0,#ff0000
IFA-534.14 rod 18 FGR final,code 28,28,4.277,0,#ff00ff
IFA-534.14 rod 19 FGR transient,measured,0,8.907,0,#800000
IFA-534.14 rod 19 FGR final,code 1,1,0.613,0,#ff0000
IFA-534.14 rod 19 FGR transient,code 1,1,0.61,0,#800000
IFA-534.14 rod 19 FGR final,code 2,2,10.15,0,#ff0000
IFA-534.14 rod 19 FGR transient,code 2,2,10.15,0,#800000
IFA-534.14 rod 19 FGR base,code 3,3,3.515,0,#00ffff
IFA-534.14 rod 19 FGR final,code 3,3,4.302,0,#ff0000
IFA-534.14 rod 19 FGR transient,code 3,3,0.821,0,#800000
IFA-534.14 rod 19 FGR base,code 4,4,4.969,0,#00ffff
IFA-534.14 rod 19 FGR final,code 4,4,6.046,0,#ff0000
IFA-534.14 rod 19 FGR transient,code 4,4,1.11,0,#800000
IFA-534.14 rod 19 FGR base,code 6,6,11.019,0,#00ffff
IFA-534.14 rod 19 FGR final,code 6,6,11.019,0,#ff0000
IFA-534.14 rod 19 FGR base,code 7,7,1.734,0,#00ffff
IFA-534.14 rod 19 FGR final,code 7,7,7.163,0,#ff0000
IFA-534.14 rod 19 FGR transient,code 7,7,5.425,0,#800000
IFA-534.14 rod 19 FGR base,code 8,8,10.978,0,#00ffff
IFA-534.14 rod 19 FGR final,code 8,8,14.091,0,#ff0000
IFA-534.14 rod 19 FGR transient,code 8,8,3.103,0,#800000
IFA-534.14 rod 19 FGR base,code 11,11,0.698,0,#00ffff
IFA-534.14 rod 19 FGR final,code 11,11,13.593,0,#ff0000
IFA-534.14 rod 19 FGR transient,code 11,11,12.885,0,#800000
IFA-534.14 rod 19 FGR base,code 12,12,0.364,0,#00ffff
IFA-534.14 rod 19 FGR final,code 12,12,4.22,0,#ff0000
IFA-534.14 rod 19 FGR transient,code 12,12,3.846,0,#800000
IFA-534.14 rod 19 FGR base,code 14,14,3.018,0,#00ffff
IFA-534.14 rod 19 FGR final,code 14,14,4.097,0,#ff0000
IFA-534.14 rod 19 FGR transient,code 14,14,1.11,0,#800000
IFA-534.14 rod 19 FGR final,code 15,15,7.704,0,#ff0000
IFA-534.14 rod 19 FGR transient,code 15,15,7.702,0,#800000
IFA-534.14 rod 19 FGR final,code 17,17,9.445,0,#ff0000
IFA-534.14 rod 19 FGR transient,code 17,17,9.445,0,#800000
IFA-534.14 rod 19 FGR final,code 18,18,7.994,0,#ff0000
IFA-534.14 rod 19 FGR transient,code 18,18,7.994,0,#800000
IFA-534.14 rod 19 FGR base,code 19,19,11.393,0,#00ffff
IFA-534.14 rod 19 FGR final,code 19,19,15.419,0,#ff0000
IFA-534.14 rod 19 FGR transient,code 19,19,4.056,0,#800000
IFA-534.14 rod 19 FGR final,code 20,20,4.925,0,#ff0000
IFA-534.14 rod 19 FGR transient,code 20,20,0.364,0,#800000
IFA-534.14 rod 19 FGR base,code 20,20,4.554,0,#00ffff
IFA-534.14 rod 19 FGR final,code 21,21,7.538,0,#ff0000
IFA-534.14 rod 19 FGR transient,code 21,21,7.538,0,#800000
IFA-534.14 rod 19 FGR final,code 22,22,7.245,0,#ff0000
IFA-534.14 rod 19 FGR transient,code 22,22,7.245,0,#800000
IFA-534.14 rod 19 FGR final,code 23,23,5.712,0,#ff0000
IFA-534.14 rod 19 FGR transient,code 23,23,3.518,0,#800000
IFA-534.14 rod 19 FGR base,code 23,23,2.19,0,#00ffff
IFA-534.14 rod 19 FGR final,code 24,24,9.155,0,#ff0000
IFA-534.14 rod 19 FGR transient,code 24,24,6.707,0,#800000
IFA-534.14 rod 19 FGR base,code 24,24,2.436,0,#00ffff
IFA-534.14 rod 19 FGR base,code 25,25,2.728,0,#00ffff
IFA-534.14 rod 19 FGR final,code 25,25,3.682,0,#ff0000
IFA-534.14 rod 19 FGR transient,code 25,25,0.985,0,#800000
IFA-534.14 rod 19 FGR final,code 27,27,8.076,0,#ff0000
IFA-534.14 rod 19 FGR base,code 27,27,0.739,0,#00ffff
IFA-534.14 rod 19 FGR transient,code 27,27,7.374,0,#800000
