# IFA-677.1 rods 1 and 5, fuel centre temperature (K) at the upper and
# lower thermocouples against time (days), measured and BISON, digitised
# from the raster Figs. 9(a,b) and 12(a,b) of CASL-U-2019-1870-000 Rev. 0
# (middle of the uppermost band in each column).
rod,position,series,time_days,temperature_K
1,upper,measured,5.983,1591.4
1,upper,measured,6.838,1623.3
1,upper,measured,7.692,1623.3
1,upper,measured,8.547,1630.0
1,upper,measured,9.402,1631.7
1,upper,measured,13.675,1636.2
1,upper,measured,14.530,1633.3
1,upper,measured,15.385,1633.3
1,upper,measured,16.239,1640.0
1,upper,measured,17.094,1641.7
1,upper,measured,17.949,1638.4
1,upper,measured,18.803,1635.0
1,upper,measured,19.658,1638.4
1,upper,measured,20.513,1638.4
1,upper,measured,21.368,1635.0
1,upper,measured,22.222,1633.3
1,upper,measured,23.077,1631.7
1,upper,measured,23.932,1636.7
1,upper,measured,24.786,1633.3
1,upper,measured,25.641,1640.0
1,upper,measured,26.496,1635.0
1,upper,measured,27.350,1631.7
1,upper,measured,28.205,1635.0
1,upper,measured,29.060,1636.7
1,upper,measured,29.915,1633.3
1,upper,measured,30.769,1638.4
1,upper,measured,32.479,1631.7
1,upper,measured,33.333,1631.7
1,upper,measured,34.188,1641.7
1,upper,measured,35.043,1640.0
1,upper,measured,35.897,1638.4
1,upper,measured,36.752,1642.3
1,upper,measured,37.607,1646.3
1,upper,measured,38.462,1644.5
1,upper,measured,39.316,1633.8
1,upper,measured,40.171,1635.5
1,upper,measured,41.026,1633.3
1,upper,measured,41.880,1635.0
1,upper,measured,42.735,1636.7
1,upper,measured,43.590,1636.7
1,upper,measured,44.444,1630.0
1,upper,measured,45.299,1631.7
1,upper,measured,46.154,1635.0
1,upper,measured,47.009,1631.7
1,upper,measured,47.863,1623.3
1,upper,measured,48.718,1628.3
1,upper,measured,49.573,1630.0
1,upper,measured,50.427,1631.7
1,upper,measured,51.282,1639.4
1,upper,measured,52.137,1635.0
1,upper,measured,52.991,1636.7
1,upper,measured,53.846,1638.4
1,upper,measured,54.701,1630.0
1,upper,measured,55.556,1635.0
1,upper,measured,56.410,1635.0
1,upper,measured,57.265,1633.3
1,upper,measured,58.120,1630.0
1,upper,measured,58.974,1623.3
1,upper,measured,59.829,947.1
1,upper,measured,60.684,947.1
1,upper,measured,61.538,1638.7
1,upper,measured,62.393,1619.2
1,upper,measured,63.248,1625.9
1,upper,measured,64.103,1627.9
1,upper,measured,64.957,1634.5
1,upper,measured,65.812,1632.3
1,upper,measured,66.667,1623.6
1,upper,measured,67.521,1618.2
1,upper,measured,68.376,1605.0
1,upper,measured,69.231,1601.5
1,upper,measured,70.085,1614.9
1,upper,measured,70.940,1611.5
1,upper,measured,71.795,1621.6
1,upper,measured,72.650,1638.6
1,upper,measured,73.504,1646.9
1,upper,measured,74.359,1634.7
1,upper,measured,75.214,1632.7
1,upper,measured,76.068,1648.4
1,upper,measured,76.923,1642.1
1,upper,measured,77.778,1642.1
1,upper,measured,78.632,1651.8
1,upper,measured,79.487,1656.8
1,upper,measured,80.342,1656.8
1,upper,measured,81.197,1656.8
1,upper,measured,82.051,1650.1
1,upper,measured,82.906,1652.2
1,upper,measured,83.761,1662.2
1,upper,measured,84.615,1660.5
1,upper,measured,85.470,1657.5
1,upper,measured,86.325,1659.6
1,upper,measured,87.179,1661.5
1,upper,measured,88.034,1661.9
1,upper,measured,88.889,1660.7
1,upper,measured,89.744,1656.8
1,upper,measured,90.598,1663.0
1,upper,measured,91.453,1664.9
1,upper,measured,92.308,1664.2
1,upper,measured,93.162,1658.1
1,upper,measured,94.017,1673.3
1,upper,measured,94.872,1700.4
1,upper,measured,95.726,1702.1
1,upper,measured,96.581,391.7
1,upper,measured,97.436,408.5
1,upper,measured,98.291,418.6
1,upper,measured,100.000,401.8
1,upper,measured,101.709,1419.1
1,upper,measured,102.564,1425.3
1,upper,measured,103.419,1430.3
1,upper,measured,104.274,1430.3
1,upper,measured,105.128,1440.4
1,upper,measured,105.983,1447.1
1,upper,measured,106.838,1447.1
1,upper,measured,107.692,1447.1
1,upper,measured,108.547,1452.1
1,upper,measured,109.402,1455.5
1,upper,measured,110.256,1453.8
1,upper,measured,111.111,1457.2
1,upper,measured,111.966,1472.3
1,upper,measured,112.821,1475.6
1,upper,measured,113.675,1458.8
1,upper,measured,114.530,1458.8
1,upper,measured,115.385,1396.7
1,upper,measured,116.239,1399.8
1,upper,measured,117.094,1463.9
1,upper,measured,117.949,1463.9
1,upper,measured,118.803,1466.7
1,upper,measured,119.658,1472.3
1,upper,measured,120.513,1473.9
1,upper,measured,121.368,1482.3
1,upper,measured,122.222,1484.0
1,upper,measured,123.077,1482.3
1,upper,measured,123.932,1473.9
1,upper,measured,124.786,1467.8
1,upper,measured,125.641,1467.2
1,upper,measured,126.496,1496.5
1,upper,measured,127.350,1507.4
1,upper,measured,128.205,1549.4
1,upper,measured,129.060,1562.9
1,upper,measured,129.915,1574.6
1,upper,measured,130.769,1566.2
1,upper,measured,131.624,1566.1
1,upper,measured,132.479,1572.9
1,upper,measured,133.333,1571.3
1,upper,measured,134.188,1561.2
1,upper,measured,135.043,1561.2
1,upper,measured,135.897,1560.9
1,upper,measured,136.752,1492.9
1,upper,measured,137.607,1496.4
1,upper,measured,138.462,1544.3
1,upper,measured,139.316,1546.5
1,upper,measured,140.171,1554.5
1,upper,measured,141.026,1554.5
1,upper,measured,141.880,1554.5
1,upper,measured,142.735,1550.8
1,upper,measured,143.590,1554.5
1,upper,measured,144.444,1593.1
1,upper,measured,145.299,1593.1
1,upper,measured,146.154,1544.4
1,upper,measured,147.009,1489.0
1,upper,measured,147.863,1505.1
1,upper,measured,148.718,1499.6
1,upper,measured,149.573,1482.6
1,upper,measured,150.427,1468.2
1,upper,measured,151.282,1476.2
1,upper,measured,152.137,1473.2
1,upper,measured,152.991,1470.2
1,upper,measured,153.846,1470.6
1,upper,measured,154.701,1460.5
1,upper,measured,155.556,1425.3
1,upper,measured,156.410,1437.0
1,upper,measured,157.265,1438.7
1,upper,measured,158.120,1445.4
1,upper,measured,158.974,1478.1
1,upper,measured,159.829,1485.7
1,upper,measured,160.684,1499.1
1,upper,measured,161.538,1504.1
1,upper,measured,162.393,1519.2
1,upper,measured,163.248,1529.3
1,upper,measured,164.103,1522.6
1,upper,measured,164.957,1492.3
1,upper,measured,165.812,1494.1
1,upper,measured,166.667,1509.2
1,upper,measured,167.521,1500.8
1,upper,measured,168.376,1499.1
1,upper,measured,169.231,1499.1
1,upper,measured,170.085,1495.7
1,upper,measured,170.940,1499.1
1,upper,measured,171.795,1510.8
1,upper,measured,172.650,1510.8
1,upper,measured,173.504,1504.1
1,upper,measured,174.359,1499.1
1,upper,measured,175.214,1492.0
1,upper,measured,176.068,1499.1
1,upper,measured,176.923,1495.3
1,upper,measured,177.778,1500.8
1,upper,measured,178.632,1505.8
1,upper,measured,179.487,1510.8
1,upper,measured,180.342,1497.4
1,upper,measured,181.197,1495.7
1,upper,measured,182.051,1500.8
1,upper,measured,182.906,1504.1
1,upper,measured,183.761,1504.1
1,upper,measured,184.615,1505.8
1,upper,measured,185.470,1490.7
1,upper,measured,186.325,1485.7
1,upper,measured,187.179,1485.7
1,upper,measured,188.034,1489.0
1,upper,measured,188.889,1500.8
1,upper,measured,189.744,1510.8
1,upper,measured,190.598,1512.5
1,upper,measured,191.453,1519.2
1,upper,measured,192.308,1522.6
1,upper,measured,193.162,1500.8
1,upper,measured,194.017,1312.9
1,upper,measured,195.726,1408.5
1,upper,measured,196.581,1369.9
1,upper,measured,197.436,1329.6
1,upper,measured,198.291,1334.7
1,upper,measured,199.145,1336.4
1,upper,measured,200.000,1312.9
1,upper,measured,200.855,1403.9
1,upper,measured,201.709,1405.1
1,upper,measured,202.564,1416.9
1,upper,measured,203.419,1425.3
1,upper,measured,204.274,1430.3
1,upper,measured,205.128,1435.3
1,upper,measured,205.983,1443.7
1,upper,measured,206.838,1455.5
1,upper,measured,207.692,1514.2
1,upper,measured,208.547,1515.9
1,upper,measured,209.402,1517.6
1,upper,measured,210.256,1536.0
1,upper,measured,211.111,1537.7
1,upper,measured,211.966,1536.7
1,upper,measured,212.821,1541.1
1,upper,measured,213.675,1536.0
1,upper,measured,214.530,1457.2
1,upper,measured,215.385,1443.7
1,upper,measured,216.239,1435.3
1,upper,measured,217.094,1432.0
1,upper,measured,217.949,1435.3
1,upper,measured,218.803,1435.3
1,upper,measured,219.658,1438.7
1,upper,measured,220.513,1440.4
1,upper,measured,221.368,1435.3
1,upper,measured,222.222,1432.0
1,upper,measured,223.077,1427.5
1,upper,measured,223.932,1427.5
1,upper,measured,224.786,1437.0
1,upper,measured,225.641,1439.6
1,upper,measured,226.496,1439.6
1,upper,measured,227.350,1433.5
1,upper,measured,228.205,1431.7
1,upper,measured,229.060,1442.1
1,upper,measured,229.915,1439.3
1,upper,measured,230.769,1441.5
1,upper,measured,231.624,1447.1
1,upper,measured,232.479,1444.9
1,upper,measured,233.333,1448.3
1,upper,measured,234.188,1453.8
1,upper,measured,235.043,1462.9
1,upper,measured,235.897,1468.9
1,upper,measured,236.752,1472.3
1,upper,measured,237.607,1472.3
1,upper,measured,238.462,1472.3
1,upper,measured,239.316,1480.6
1,upper,measured,240.171,1477.3
1,upper,measured,241.026,1472.3
1,upper,measured,241.880,1472.3
1,upper,measured,242.735,1475.6
1,upper,measured,243.590,1479.0
1,upper,measured,244.444,1473.7
1,upper,measured,245.299,1465.5
1,upper,measured,246.154,1462.2
1,upper,measured,247.009,1432.0
1,upper,measured,247.863,1435.3
1,upper,measured,248.718,1463.9
1,upper,measured,249.573,1477.3
1,upper,measured,250.427,1475.6
1,upper,measured,251.282,1473.9
1,upper,measured,252.137,1465.5
1,upper,measured,252.991,1457.2
1,upper,measured,253.846,1457.2
1,upper,measured,254.701,1455.5
1,upper,measured,255.556,1495.7
1,upper,measured,256.410,1494.1
1,upper,measured,257.265,1430.3
1,upper,measured,258.120,1427.0
1,upper,measured,258.974,1440.4
1,upper,measured,259.829,1445.4
1,upper,measured,260.684,1448.8
1,upper,measured,261.538,1452.1
1,upper,measured,262.393,1447.1
1,upper,measured,263.248,1442.1
1,upper,measured,264.103,1442.1
1,upper,measured,264.957,1437.0
1,upper,measured,265.812,1432.0
1,upper,measured,266.667,1433.7
1,upper,measured,267.521,1437.0
1,upper,measured,268.376,1437.0
1,upper,measured,269.231,1445.4
1,upper,measured,270.085,1452.1
1,upper,measured,270.940,1450.4
1,upper,measured,271.795,1437.0
1,upper,measured,272.650,1437.0
1,upper,measured,275.214,487.4
1,upper,measured,277.778,1401.8
1,upper,measured,279.487,883.3
1,upper,measured,280.342,883.3
1,upper,measured,281.197,398.4
1,upper,measured,282.051,1656.8
1,upper,measured,283.761,1609.8
1,upper,measured,284.615,1631.7
1,upper,measured,285.470,1636.7
1,upper,measured,286.325,1619.9
1,upper,measured,287.179,1621.6
1,upper,measured,288.034,1616.6
1,upper,measured,288.889,1613.2
1,upper,measured,289.744,1614.9
1,upper,measured,290.598,1608.2
1,upper,measured,291.453,1606.5
1,upper,measured,292.308,1601.5
1,upper,measured,293.162,1589.7
1,upper,measured,294.017,1583.0
1,upper,measured,294.872,1566.2
1,upper,measured,295.726,1576.3
1,upper,measured,296.581,1578.0
1,upper,measured,297.436,1564.5
1,upper,measured,298.291,1559.5
1,upper,measured,299.145,1567.9
1,upper,measured,300.000,1569.6
1,upper,measured,300.855,1578.0
1,upper,measured,301.709,1578.0
1,upper,measured,302.564,1556.2
1,upper,measured,303.419,1552.8
1,upper,measured,304.274,1559.9
1,upper,measured,305.128,1556.2
1,upper,measured,308.547,1544.4
1,upper,measured,309.402,1547.8
1,upper,measured,310.256,1551.1
1,upper,measured,311.111,1549.4
1,upper,measured,312.821,383.3
1,upper,measured,313.675,403.5
1,upper,measured,315.385,1596.4
1,upper,measured,316.239,1594.7
1,upper,measured,317.094,1579.6
1,upper,measured,317.949,1586.4
1,upper,measured,318.803,1578.0
1,upper,measured,319.658,1596.4
1,upper,measured,320.513,1608.2
1,upper,measured,321.368,1608.2
1,upper,measured,322.222,1589.7
1,upper,measured,323.077,1586.4
1,upper,measured,323.932,1584.7
1,upper,measured,324.786,1584.7
1,upper,measured,325.641,1586.4
1,upper,measured,326.496,1594.7
1,upper,measured,327.350,1596.4
1,upper,measured,328.205,1579.6
1,upper,measured,329.060,1596.4
1,upper,measured,332.479,1596.4
1,upper,measured,333.333,1583.0
1,upper,measured,334.188,1569.6
1,upper,measured,335.043,1572.9
1,upper,measured,335.897,1576.3
1,upper,measured,336.752,1579.6
1,upper,measured,337.607,1579.6
1,upper,measured,338.462,1586.4
1,upper,measured,339.316,1581.3
1,upper,measured,340.171,1578.0
1,upper,measured,341.026,1578.0
1,upper,measured,341.880,1536.0
1,upper,measured,342.735,1715.5
1,upper,measured,343.590,1712.2
1,upper,measured,344.444,515.9
1,upper,measured,345.299,395.1
1,upper,measured,346.154,395.1
1,upper,measured,347.863,1635.0
1,upper,measured,349.573,410.2
1,upper,measured,350.427,1241.8
1,upper,measured,351.282,792.7
1,upper,measured,352.991,1395.1
1,upper,measured,353.846,1400.5
1,upper,measured,354.701,1416.9
1,upper,measured,355.556,1448.8
1,upper,measured,356.410,1458.8
1,upper,measured,357.265,1474.7
1,upper,measured,358.120,1487.4
1,upper,measured,358.974,1497.4
1,upper,measured,360.684,663.5
1,upper,measured,361.538,663.5
1,upper,measured,362.393,1531.0
1,upper,measured,363.248,1526.0
1,upper,measured,364.103,1554.5
1,upper,measured,364.957,1581.3
1,upper,measured,365.812,1566.2
1,upper,measured,366.667,1554.5
1,upper,measured,367.521,1549.4
1,upper,measured,368.376,1549.4
1,upper,measured,369.231,1547.8
1,upper,measured,370.085,1547.8
1,upper,measured,370.940,1546.1
1,upper,measured,374.359,492.4
1,upper,measured,376.068,1505.8
1,upper,measured,376.923,1505.8
1,upper,measured,377.778,1504.1
1,upper,measured,378.632,1499.1
1,upper,measured,379.487,1500.8
1,upper,measured,383.761,1482.3
1,upper,measured,384.615,1494.1
1,upper,measured,385.470,1492.4
1,upper,measured,386.325,1490.7
1,upper,measured,387.179,1489.0
1,upper,measured,388.034,1494.1
1,upper,measured,388.889,1487.4
1,upper,measured,389.744,1480.6
1,upper,measured,390.598,1470.6
1,upper,measured,391.453,1468.9
1,upper,measured,392.308,1468.9
1,upper,measured,393.162,1470.6
1,upper,measured,394.017,1468.9
1,upper,measured,394.872,1462.2
1,upper,measured,395.726,1460.5
1,upper,measured,396.581,1457.2
1,upper,measured,398.291,400.1
1,upper,measured,399.145,1225.6
1,upper,measured,400.000,1328.0
1,upper,measured,400.855,1116.6
1,upper,measured,402.564,1371.6
1,upper,measured,403.419,1386.7
1,upper,measured,404.274,1391.7
1,upper,measured,407.692,1363.2
1,upper,measured,408.547,1430.3
1,upper,measured,411.966,1437.0
1,upper,measured,412.821,1427.0
1,upper,measured,413.675,1416.9
1,upper,measured,414.530,1411.9
1,upper,measured,415.385,1403.5
1,upper,measured,416.239,1406.8
1,upper,measured,417.094,1400.1
1,upper,measured,417.949,1395.1
1,upper,measured,418.803,1393.4
1,upper,measured,419.658,1396.8
1,upper,measured,420.513,1391.7
1,upper,measured,421.368,1388.4
1,upper,measured,422.222,1386.7
1,upper,measured,423.077,1388.4
1,upper,measured,424.786,396.8
1,upper,measured,426.496,480.7
1,upper,measured,428.205,1427.0
1,upper,measured,429.060,1430.3
1,upper,measured,429.915,1430.3
1,upper,measured,430.769,1418.6
1,upper,measured,431.624,1416.9
1,upper,measured,432.479,1416.9
1,upper,measured,433.333,1415.2
1,upper,measured,434.188,1416.9
1,upper,measured,435.043,1416.9
1,upper,measured,435.897,1406.8
1,upper,measured,436.752,1408.5
1,upper,measured,437.607,1406.8
1,upper,measured,438.462,1408.5
1,upper,measured,439.316,1405.1
1,upper,measured,440.171,1401.8
1,upper,measured,442.735,1403.5
1,upper,measured,443.590,1328.0
1,upper,measured,444.444,1386.7
1,upper,measured,446.154,391.7
1,upper,measured,447.863,1571.3
1,upper,measured,448.718,1588.0
1,upper,measured,451.282,1614.9
1,upper,measured,452.137,1619.9
1,upper,measured,452.991,1614.9
1,upper,measured,455.556,1601.5
1,upper,measured,456.410,1598.1
1,upper,measured,457.265,1598.1
1,upper,measured,458.120,1589.7
1,upper,measured,458.974,1598.1
1,upper,measured,459.829,1594.7
1,upper,measured,460.684,1596.4
1,upper,measured,461.538,1591.4
1,upper,measured,464.103,1594.7
1,upper,measured,464.957,1588.0
1,upper,measured,465.812,1584.7
1,upper,measured,466.667,1586.4
1,upper,measured,467.521,1584.7
1,upper,measured,468.376,1579.6
1,upper,measured,469.231,1583.0
1,upper,measured,470.085,1588.0
1,upper,measured,470.940,1584.7
1,upper,measured,471.795,1591.4
1,upper,measured,472.650,1594.7
1,upper,measured,473.504,1572.9
1,upper,measured,474.359,1554.5
1,upper,measured,475.214,1557.8
1,upper,measured,476.068,1566.2
1,upper,measured,476.923,1556.2
1,upper,measured,477.778,1554.5
1,upper,measured,482.051,1526.0
1,upper,measured,485.470,1557.8
1,upper,measured,486.325,1551.1
1,upper,measured,487.179,1556.2
1,upper,measured,488.034,1556.2
1,upper,measured,488.889,1541.1
1,upper,measured,489.744,1542.7
1,upper,measured,490.598,1546.1
1,upper,measured,491.453,1539.4
1,upper,measured,492.308,1537.7
1,upper,measured,493.162,1549.4
1,upper,measured,494.017,1546.1
1,upper,measured,494.872,1544.4
1,upper,measured,495.726,1536.0
1,upper,measured,496.581,1520.9
1,upper,measured,497.436,1522.6
1,upper,measured,498.291,1561.2
1,upper,measured,499.145,1591.4
1,upper,measured,500.000,1588.0
1,upper,measured,500.855,1576.3
1,upper,measured,501.709,1571.3
1,upper,measured,502.564,1583.0
1,upper,measured,503.419,1588.0
1,upper,measured,504.274,1589.7
1,upper,BISON,6.838,1671.9
1,upper,BISON,7.692,1671.9
1,upper,BISON,8.547,1671.9
1,upper,BISON,9.402,1670.2
1,upper,BISON,10.256,1668.6
1,upper,BISON,11.966,1680.3
1,upper,BISON,13.675,1668.6
1,upper,BISON,14.530,1668.6
1,upper,BISON,15.385,1668.6
1,upper,BISON,16.239,1668.6
1,upper,BISON,17.094,1668.6
1,upper,BISON,17.949,1668.6
1,upper,BISON,18.803,1668.6
1,upper,BISON,19.658,1668.6
1,upper,BISON,20.513,1668.6
1,upper,BISON,21.368,1668.6
1,upper,BISON,22.222,1668.6
1,upper,BISON,23.077,1665.2
1,upper,BISON,23.932,1665.2
1,upper,BISON,24.786,1665.2
1,upper,BISON,25.641,1665.2
1,upper,BISON,26.496,1665.2
1,upper,BISON,27.350,1665.2
1,upper,BISON,28.205,1665.2
1,upper,BISON,29.060,1665.2
1,upper,BISON,29.915,1665.2
1,upper,BISON,30.769,1663.5
1,upper,BISON,31.624,1661.9
1,upper,BISON,32.479,1661.9
1,upper,BISON,33.333,1661.9
1,upper,BISON,34.188,1661.9
1,upper,BISON,35.043,1661.9
1,upper,BISON,35.897,1661.9
1,upper,BISON,36.752,1661.9
1,upper,BISON,37.607,1661.9
1,upper,BISON,38.462,1661.9
1,upper,BISON,39.316,1660.2
1,upper,BISON,40.171,1660.2
1,upper,BISON,41.026,1658.5
1,upper,BISON,41.880,1658.5
1,upper,BISON,42.735,1658.5
1,upper,BISON,43.590,1658.5
1,upper,BISON,44.444,1658.5
1,upper,BISON,45.299,1658.5
1,upper,BISON,46.154,1658.5
1,upper,BISON,47.009,1658.5
1,upper,BISON,47.863,1658.5
1,upper,BISON,48.718,1658.5
1,upper,BISON,49.573,1658.5
1,upper,BISON,50.427,1656.8
1,upper,BISON,51.282,1656.8
1,upper,BISON,52.137,1655.1
1,upper,BISON,52.991,1655.1
1,upper,BISON,53.846,1655.1
1,upper,BISON,54.701,1655.1
1,upper,BISON,55.556,1655.1
1,upper,BISON,56.410,1655.1
1,upper,BISON,57.265,1655.1
1,upper,BISON,58.120,1655.1
1,upper,BISON,58.974,1653.5
1,upper,BISON,61.538,1628.3
1,upper,BISON,62.393,1628.3
1,upper,BISON,63.248,1628.3
1,upper,BISON,64.103,1630.0
1,upper,BISON,64.957,1630.0
1,upper,BISON,65.812,1631.7
1,upper,BISON,66.667,1631.7
1,upper,BISON,67.521,1631.7
1,upper,BISON,68.376,1631.7
1,upper,BISON,69.231,1633.3
1,upper,BISON,70.085,1635.0
1,upper,BISON,70.940,1635.0
1,upper,BISON,71.795,1635.0
1,upper,BISON,72.650,1635.0
1,upper,BISON,73.504,1636.7
1,upper,BISON,74.359,1636.7
1,upper,BISON,75.214,1638.4
1,upper,BISON,76.068,1638.4
1,upper,BISON,76.923,1638.4
1,upper,BISON,77.778,1640.0
1,upper,BISON,78.632,1640.0
1,upper,BISON,81.197,1648.4
1,upper,BISON,82.051,1648.4
1,upper,BISON,82.906,1650.1
1,upper,BISON,83.761,1651.8
1,upper,BISON,84.615,1651.8
1,upper,BISON,85.470,1651.8
1,upper,BISON,86.325,1653.5
1,upper,BISON,87.179,1653.5
1,upper,BISON,88.034,1655.1
1,upper,BISON,88.889,1655.1
1,upper,BISON,89.744,1656.8
1,upper,BISON,90.598,1656.8
1,upper,BISON,91.453,1658.5
1,upper,BISON,92.308,1658.5
1,upper,BISON,93.162,1660.2
1,upper,BISON,94.017,1660.2
1,upper,BISON,94.872,1660.2
1,upper,BISON,101.709,1405.1
1,upper,BISON,102.564,1408.5
1,upper,BISON,103.419,1411.9
1,upper,BISON,104.274,1415.2
1,upper,BISON,105.128,1418.6
1,upper,BISON,105.983,1421.9
1,upper,BISON,106.838,1425.3
1,upper,BISON,107.692,1428.6
1,upper,BISON,108.547,1432.0
1,upper,BISON,109.402,1435.3
1,upper,BISON,110.256,1438.7
1,upper,BISON,111.111,1442.1
1,upper,BISON,113.675,1405.1
1,upper,BISON,114.530,1411.9
1,upper,BISON,115.385,1416.9
1,upper,BISON,116.239,1423.6
1,upper,BISON,117.094,1428.6
1,upper,BISON,117.949,1435.3
1,upper,BISON,118.803,1438.7
1,upper,BISON,119.658,1445.4
1,upper,BISON,120.513,1452.1
1,upper,BISON,121.368,1457.2
1,upper,BISON,122.222,1462.2
1,upper,BISON,123.077,1468.9
1,upper,BISON,123.932,1473.9
1,upper,BISON,124.786,1480.6
1,upper,BISON,125.641,1485.7
1,upper,BISON,126.496,1490.7
1,upper,BISON,127.350,1497.4
1,upper,BISON,128.205,1502.5
1,upper,BISON,129.060,1509.2
1,upper,BISON,129.915,1514.2
1,upper,BISON,130.769,1519.2
1,upper,BISON,133.333,1522.6
1,upper,BISON,134.188,1524.3
1,upper,BISON,135.043,1524.3
1,upper,BISON,135.897,1522.6
1,upper,BISON,136.752,1522.6
1,upper,BISON,137.607,1522.6
1,upper,BISON,138.462,1522.6
1,upper,BISON,139.316,1520.9
1,upper,BISON,140.171,1520.9
1,upper,BISON,141.026,1520.9
1,upper,BISON,141.880,1520.9
1,upper,BISON,142.735,1520.9
1,upper,BISON,143.590,1517.6
1,upper,BISON,147.863,1457.2
1,upper,BISON,148.718,1455.5
1,upper,BISON,149.573,1452.1
1,upper,BISON,150.427,1448.8
1,upper,BISON,151.282,1447.1
1,upper,BISON,152.137,1445.4
1,upper,BISON,152.991,1442.1
1,upper,BISON,157.265,1393.4
1,upper,BISON,158.120,1405.1
1,upper,BISON,158.974,1418.6
1,upper,BISON,159.829,1432.0
1,upper,BISON,160.684,1445.4
1,upper,BISON,161.538,1457.2
1,upper,BISON,162.393,1500.8
1,upper,BISON,164.103,1475.6
1,upper,BISON,164.957,1472.3
1,upper,BISON,165.812,1472.3
1,upper,BISON,166.667,1470.6
1,upper,BISON,167.521,1468.9
1,upper,BISON,168.376,1467.2
1,upper,BISON,169.231,1467.2
1,upper,BISON,170.085,1463.9
1,upper,BISON,172.650,1473.9
1,upper,BISON,173.504,1473.9
1,upper,BISON,174.359,1472.3
1,upper,BISON,175.214,1470.6
1,upper,BISON,176.068,1468.9
1,upper,BISON,176.923,1468.9
1,upper,BISON,177.778,1467.2
1,upper,BISON,178.632,1467.2
1,upper,BISON,179.487,1465.5
1,upper,BISON,180.342,1463.9
1,upper,BISON,181.197,1463.9
1,upper,BISON,182.051,1462.2
1,upper,BISON,182.906,1460.5
1,upper,BISON,183.761,1460.5
1,upper,BISON,184.615,1460.5
1,upper,BISON,185.470,1458.8
1,upper,BISON,186.325,1457.2
1,upper,BISON,187.179,1457.2
1,upper,BISON,188.034,1455.5
1,upper,BISON,188.889,1457.2
1,upper,BISON,189.744,1468.9
1,upper,BISON,196.581,1286.0
1,upper,BISON,197.436,1297.8
1,upper,BISON,198.291,1311.2
1,upper,BISON,199.145,1319.6
1,upper,BISON,200.000,1333.0
1,upper,BISON,200.855,1343.1
1,upper,BISON,201.709,1356.5
1,upper,BISON,202.564,1368.2
1,upper,BISON,203.419,1378.3
1,upper,BISON,204.274,1391.7
1,upper,BISON,205.128,1403.5
1,upper,BISON,205.983,1415.2
1,upper,BISON,206.838,1427.0
1,upper,BISON,207.692,1438.7
1,upper,BISON,208.547,1450.4
1,upper,BISON,211.111,1507.5
1,upper,BISON,211.966,1512.5
1,upper,BISON,215.385,1401.8
1,upper,BISON,216.239,1403.5
1,upper,BISON,217.094,1403.5
1,upper,BISON,217.949,1405.1
1,upper,BISON,218.803,1406.8
1,upper,BISON,219.658,1406.8
1,upper,BISON,220.513,1408.5
1,upper,BISON,221.368,1410.2
1,upper,BISON,222.222,1410.2
1,upper,BISON,223.077,1411.9
1,upper,BISON,223.932,1413.5
1,upper,BISON,224.786,1413.5
1,upper,BISON,225.641,1415.2
1,upper,BISON,226.496,1416.9
1,upper,BISON,227.350,1416.9
1,upper,BISON,228.205,1418.6
1,upper,BISON,229.060,1420.2
1,upper,BISON,229.915,1420.2
1,upper,BISON,230.769,1421.9
1,upper,BISON,231.624,1423.6
1,upper,BISON,232.479,1423.6
1,upper,BISON,233.333,1425.3
1,upper,BISON,234.188,1427.0
1,upper,BISON,235.043,1427.0
1,upper,BISON,235.897,1430.3
1,upper,BISON,236.752,1430.3
1,upper,BISON,237.607,1430.3
1,upper,BISON,238.462,1433.7
1,upper,BISON,239.316,1433.7
1,upper,BISON,240.171,1433.7
1,upper,BISON,241.026,1437.0
1,upper,BISON,241.880,1437.0
1,upper,BISON,242.735,1437.0
1,upper,BISON,243.590,1440.4
1,upper,BISON,244.444,1440.4
1,upper,BISON,247.009,1408.5
1,upper,BISON,247.863,1411.9
1,upper,BISON,248.718,1413.5
1,upper,BISON,249.573,1416.9
1,upper,BISON,250.427,1420.2
1,upper,BISON,251.282,1423.6
1,upper,BISON,252.137,1427.0
1,upper,BISON,252.991,1430.3
1,upper,BISON,253.846,1432.0
1,upper,BISON,257.265,1400.1
1,upper,BISON,258.120,1400.1
1,upper,BISON,258.974,1400.1
1,upper,BISON,259.829,1396.8
1,upper,BISON,260.684,1396.8
1,upper,BISON,261.538,1396.8
1,upper,BISON,262.393,1393.4
1,upper,BISON,263.248,1393.4
1,upper,BISON,264.103,1393.4
1,upper,BISON,264.957,1391.7
1,upper,BISON,265.812,1390.0
1,upper,BISON,266.667,1390.0
1,upper,BISON,267.521,1390.0
1,upper,BISON,268.376,1386.7
1,upper,BISON,270.940,1405.1
1,upper,BISON,279.487,1735.7
1,upper,BISON,283.761,1707.2
1,upper,BISON,284.615,1713.9
1,upper,BISON,285.470,1707.2
1,upper,BISON,286.325,1700.4
1,upper,BISON,287.179,1697.1
1,upper,BISON,288.034,1690.4
1,upper,BISON,288.889,1685.3
1,upper,BISON,289.744,1680.3
1,upper,BISON,290.598,1673.6
1,upper,BISON,291.453,1666.9
1,upper,BISON,292.308,1663.5
1,upper,BISON,293.162,1656.8
1,upper,BISON,294.017,1650.1
1,upper,BISON,294.872,1645.1
1,upper,BISON,295.726,1640.0
1,upper,BISON,296.581,1633.3
1,upper,BISON,297.436,1626.6
1,upper,BISON,298.291,1621.6
1,upper,BISON,299.145,1616.6
1,upper,BISON,300.000,1609.8
1,upper,BISON,300.855,1603.1
1,upper,BISON,301.709,1598.1
1,upper,BISON,302.564,1591.4
1,upper,BISON,303.419,1586.4
1,upper,BISON,304.274,1581.3
1,upper,BISON,305.128,1574.6
1,upper,BISON,305.983,1567.9
1,upper,BISON,306.838,1564.5
1,upper,BISON,307.692,1567.9
1,upper,BISON,308.547,1576.3
1,upper,BISON,309.402,1584.7
1,upper,BISON,310.256,1591.4
1,upper,BISON,311.111,1598.1
1,upper,BISON,311.966,1604.8
1,upper,BISON,315.385,1682.0
1,upper,BISON,316.239,1682.0
1,upper,BISON,317.094,1685.3
1,upper,BISON,317.949,1685.3
1,upper,BISON,318.803,1685.3
1,upper,BISON,319.658,1685.3
1,upper,BISON,320.513,1688.7
1,upper,BISON,321.368,1688.7
1,upper,BISON,322.222,1688.7
1,upper,BISON,323.077,1688.7
1,upper,BISON,323.932,1692.1
1,upper,BISON,324.786,1692.1
1,upper,BISON,325.641,1692.1
1,upper,BISON,326.496,1692.1
1,upper,BISON,327.350,1695.4
1,upper,BISON,328.205,1695.4
1,upper,BISON,329.060,1695.4
1,upper,BISON,332.479,1695.4
1,upper,BISON,333.333,1695.4
1,upper,BISON,334.188,1695.4
1,upper,BISON,335.043,1695.4
1,upper,BISON,335.897,1695.4
1,upper,BISON,336.752,1692.1
1,upper,BISON,337.607,1692.1
1,upper,BISON,338.462,1692.1
1,upper,BISON,339.316,1692.1
1,upper,BISON,340.171,1692.1
1,upper,BISON,341.026,1692.1
1,upper,BISON,341.880,1692.1
1,upper,BISON,352.991,1442.1
1,upper,BISON,353.846,1462.2
1,upper,BISON,354.701,1485.7
1,upper,BISON,355.556,1512.5
1,upper,BISON,356.410,1539.4
1,upper,BISON,357.265,1561.2
1,upper,BISON,358.120,1572.9
1,upper,BISON,358.974,1578.0
1,upper,BISON,359.829,1581.3
1,upper,BISON,362.393,1665.2
1,upper,BISON,363.248,1666.9
1,upper,BISON,364.103,1668.6
1,upper,BISON,364.957,1668.6
1,upper,BISON,365.812,1671.9
1,upper,BISON,366.667,1671.9
1,upper,BISON,367.521,1675.3
1,upper,BISON,368.376,1675.3
1,upper,BISON,369.231,1677.0
1,upper,BISON,370.085,1678.6
1,upper,BISON,370.940,1680.3
1,upper,BISON,371.795,1680.3
1,upper,BISON,375.214,1619.9
1,upper,BISON,376.068,1618.2
1,upper,BISON,376.923,1618.2
1,upper,BISON,377.778,1616.6
1,upper,BISON,378.632,1614.9
1,upper,BISON,379.487,1614.9
1,upper,BISON,383.761,1611.5
1,upper,BISON,384.615,1608.2
1,upper,BISON,385.470,1604.8
1,upper,BISON,386.325,1601.5
1,upper,BISON,387.179,1598.1
1,upper,BISON,388.034,1594.7
1,upper,BISON,388.889,1591.4
1,upper,BISON,389.744,1588.0
1,upper,BISON,390.598,1583.0
1,upper,BISON,391.453,1579.6
1,upper,BISON,392.308,1576.3
1,upper,BISON,393.162,1572.9
1,upper,BISON,394.017,1569.6
1,upper,BISON,394.872,1566.2
1,upper,BISON,395.726,1562.9
1,upper,BISON,396.581,1559.5
1,upper,BISON,397.436,1556.2
1,upper,BISON,407.692,1526.0
1,upper,BISON,408.547,1522.6
1,upper,BISON,409.402,1517.6
1,upper,BISON,411.966,1522.6
1,upper,BISON,412.821,1517.6
1,upper,BISON,413.675,1512.5
1,upper,BISON,414.530,1509.2
1,upper,BISON,415.385,1505.8
1,upper,BISON,416.239,1500.8
1,upper,BISON,417.094,1495.7
1,upper,BISON,417.949,1492.4
1,upper,BISON,418.803,1489.0
1,upper,BISON,419.658,1484.0
1,upper,BISON,420.513,1480.6
1,upper,BISON,421.368,1475.6
1,upper,BISON,422.222,1472.3
1,upper,BISON,423.077,1468.9
1,upper,BISON,423.932,1463.9
1,upper,BISON,427.350,1532.7
1,upper,BISON,428.205,1531.0
1,upper,BISON,429.060,1527.6
1,upper,BISON,429.915,1526.0
1,upper,BISON,430.769,1522.6
1,upper,BISON,431.624,1519.2
1,upper,BISON,432.479,1517.6
1,upper,BISON,433.333,1514.2
1,upper,BISON,434.188,1510.8
1,upper,BISON,435.043,1507.5
1,upper,BISON,435.897,1505.8
1,upper,BISON,436.752,1502.5
1,upper,BISON,437.607,1499.1
1,upper,BISON,438.462,1497.4
1,upper,BISON,439.316,1494.1
1,upper,BISON,440.171,1490.7
1,upper,BISON,441.026,1487.4
1,upper,BISON,442.735,472.3
1,upper,BISON,443.590,460.5
1,upper,BISON,447.863,1801.1
1,upper,BISON,448.718,1824.6
1,upper,BISON,451.282,1876.6
1,upper,BISON,452.137,1876.6
1,upper,BISON,452.991,1873.3
1,upper,BISON,453.846,1873.3
1,upper,BISON,454.701,1873.3
1,upper,BISON,455.556,1869.9
1,upper,BISON,456.410,1869.9
1,upper,BISON,457.265,1866.6
1,upper,BISON,458.120,1863.2
1,upper,BISON,458.974,1861.5
1,upper,BISON,459.829,1859.8
1,upper,BISON,460.684,1856.5
1,upper,BISON,461.538,1853.1
1,upper,BISON,464.103,1874.9
1,upper,BISON,464.957,1871.6
1,upper,BISON,465.812,1868.2
1,upper,BISON,466.667,1864.9
1,upper,BISON,467.521,1861.5
1,upper,BISON,468.376,1858.2
1,upper,BISON,469.231,1854.8
1,upper,BISON,470.085,1851.5
1,upper,BISON,470.940,1848.1
1,upper,BISON,471.795,1843.1
1,upper,BISON,472.650,1839.7
1,upper,BISON,473.504,1836.4
1,upper,BISON,474.359,1833.0
1,upper,BISON,475.214,1829.6
1,upper,BISON,476.068,1826.3
1,upper,BISON,476.923,1822.9
1,upper,BISON,477.778,1819.6
1,upper,BISON,481.197,1765.9
1,upper,BISON,482.051,1754.1
1,upper,BISON,485.470,1781.0
1,upper,BISON,486.325,1786.0
1,upper,BISON,487.179,1791.0
1,upper,BISON,488.034,1794.4
1,upper,BISON,488.889,1797.8
1,upper,BISON,489.744,1802.8
1,upper,BISON,490.598,1807.8
1,upper,BISON,491.453,1811.2
1,upper,BISON,492.308,1816.2
1,upper,BISON,493.162,1821.3
1,upper,BISON,494.017,1824.6
1,upper,BISON,494.872,1831.3
1,upper,BISON,495.726,1834.7
1,upper,BISON,496.581,1838.0
1,upper,BISON,497.436,1844.7
1,upper,BISON,498.291,1848.1
1,upper,BISON,499.145,1853.1
1,upper,BISON,500.000,1858.2
1,upper,BISON,500.855,1861.5
1,upper,BISON,501.709,1868.2
1,upper,BISON,502.564,1871.6
1,upper,BISON,503.419,1878.3
1,upper,BISON,504.274,1881.7
1,upper,BISON,505.128,1886.7
1,lower,measured,6.838,1666.9
1,lower,measured,7.692,1672.4
1,lower,measured,8.547,1670.2
1,lower,measured,9.402,1669.5
1,lower,measured,10.256,1692.1
1,lower,measured,13.675,1685.1
1,lower,measured,14.530,1668.6
1,lower,measured,15.385,1668.6
1,lower,measured,16.239,1673.6
1,lower,measured,17.094,1678.6
1,lower,measured,17.949,1671.4
1,lower,measured,18.803,1669.2
1,lower,measured,19.658,1673.1
1,lower,measured,20.513,1670.9
1,lower,measured,21.368,1665.2
1,lower,measured,22.222,1665.2
1,lower,measured,23.077,1663.5
1,lower,measured,23.932,1666.9
1,lower,measured,24.786,1663.5
1,lower,measured,25.641,1665.2
1,lower,measured,26.496,1660.2
1,lower,measured,27.350,1660.2
1,lower,measured,28.205,1658.5
1,lower,measured,29.060,1660.2
1,lower,measured,29.915,1658.5
1,lower,measured,30.769,1665.2
1,lower,measured,32.479,1656.0
1,lower,measured,33.333,1653.9
1,lower,measured,34.188,1665.2
1,lower,measured,35.043,1664.6
1,lower,measured,35.897,1661.5
1,lower,measured,36.752,1665.5
1,lower,measured,37.607,1665.8
1,lower,measured,38.462,1664.1
1,lower,measured,39.316,1653.8
1,lower,measured,40.171,1660.7
1,lower,measured,41.026,1654.6
1,lower,measured,41.880,1652.4
1,lower,measured,42.735,1654.1
1,lower,measured,43.590,1653.5
1,lower,measured,44.444,1645.1
1,lower,measured,45.299,1645.1
1,lower,measured,46.154,1654.3
1,lower,measured,47.009,1651.8
1,lower,measured,47.863,1645.1
1,lower,measured,48.718,1641.7
1,lower,measured,49.573,1643.4
1,lower,measured,50.427,1646.8
1,lower,measured,51.282,1655.9
1,lower,measured,52.137,1647.9
1,lower,measured,52.991,1653.6
1,lower,measured,53.846,1653.1
1,lower,measured,54.701,1643.4
1,lower,measured,55.556,1649.4
1,lower,measured,56.410,1644.1
1,lower,measured,57.265,1644.1
1,lower,measured,58.120,1641.7
1,lower,measured,58.974,1666.9
1,lower,measured,59.829,942.1
1,lower,measured,60.684,943.7
1,lower,measured,61.538,1655.1
1,lower,measured,62.393,1636.7
1,lower,measured,63.248,1642.8
1,lower,measured,64.103,1646.9
1,lower,measured,64.957,1647.5
1,lower,measured,65.812,1643.2
1,lower,measured,66.667,1638.8
1,lower,measured,67.521,1634.6
1,lower,measured,68.376,1615.8
1,lower,measured,69.231,1611.5
1,lower,measured,70.085,1624.9
1,lower,measured,70.940,1623.3
1,lower,measured,71.795,1632.3
1,lower,measured,72.650,1651.5
1,lower,measured,73.504,1656.2
1,lower,measured,74.359,1646.0
1,lower,measured,75.214,1642.1
1,lower,measured,76.068,1654.4
1,lower,measured,76.923,1647.9
1,lower,measured,77.778,1646.0
1,lower,measured,78.632,1653.5
1,lower,measured,79.487,1656.8
1,lower,measured,80.342,1658.5
1,lower,measured,81.197,1658.5
1,lower,measured,82.051,1648.8
1,lower,measured,82.906,1650.9
1,lower,measured,83.761,1657.0
1,lower,measured,84.615,1658.5
1,lower,measured,85.470,1654.8
1,lower,measured,86.325,1657.0
1,lower,measured,87.179,1652.9
1,lower,measured,88.034,1657.2
1,lower,measured,88.889,1652.6
1,lower,measured,89.744,1646.1
1,lower,measured,90.598,1646.1
1,lower,measured,91.453,1654.1
1,lower,measured,92.308,1654.1
1,lower,measured,93.162,1650.1
1,lower,measured,94.017,1663.2
1,lower,measured,94.872,1692.1
1,lower,measured,95.726,1702.1
1,lower,measured,96.581,391.7
1,lower,measured,97.436,408.5
1,lower,measured,98.291,418.6
1,lower,measured,100.000,403.5
1,lower,measured,101.709,1457.2
1,lower,measured,102.564,1458.8
1,lower,measured,103.419,1463.9
1,lower,measured,104.274,1468.9
1,lower,measured,105.128,1487.4
1,lower,measured,105.983,1490.7
1,lower,measured,106.838,1497.4
1,lower,measured,107.692,1497.4
1,lower,measured,108.547,1504.1
1,lower,measured,109.402,1505.8
1,lower,measured,110.256,1505.8
1,lower,measured,111.111,1510.8
1,lower,measured,111.966,1526.0
1,lower,measured,112.821,1529.3
1,lower,measured,113.675,1510.8
1,lower,measured,114.530,1507.5
1,lower,measured,115.385,1438.5
1,lower,measured,116.239,1438.2
1,lower,measured,117.094,1507.5
1,lower,measured,117.949,1512.5
1,lower,measured,118.803,1514.2
1,lower,measured,119.658,1519.2
1,lower,measured,120.513,1524.3
1,lower,measured,121.368,1524.3
1,lower,measured,122.222,1522.6
1,lower,measured,123.077,1522.6
1,lower,measured,123.932,1522.6
1,lower,measured,124.786,1517.9
1,lower,measured,125.641,1516.7
1,lower,measured,126.496,1542.7
1,lower,measured,127.350,1516.1
1,lower,measured,128.205,1552.3
1,lower,measured,129.060,1559.5
1,lower,measured,129.915,1564.5
1,lower,measured,130.769,1559.5
1,lower,measured,131.624,1559.5
1,lower,measured,132.479,1567.9
1,lower,measured,133.333,1561.2
1,lower,measured,134.188,1554.5
1,lower,measured,135.043,1556.2
1,lower,measured,135.897,1554.2
1,lower,measured,136.752,1489.6
1,lower,measured,137.607,1493.1
1,lower,measured,138.462,1541.3
1,lower,measured,139.316,1539.6
1,lower,measured,140.171,1547.8
1,lower,measured,141.026,1547.8
1,lower,measured,141.880,1544.0
1,lower,measured,142.735,1542.0
1,lower,measured,143.590,1547.8
1,lower,measured,144.444,1583.0
1,lower,measured,145.299,1581.3
1,lower,measured,146.154,1541.1
1,lower,measured,147.009,1479.0
1,lower,measured,147.863,1493.1
1,lower,measured,148.718,1487.6
1,lower,measured,149.573,1470.8
1,lower,measured,150.427,1451.8
1,lower,measured,151.282,1460.2
1,lower,measured,152.137,1457.7
1,lower,measured,152.991,1456.4
1,lower,measured,153.846,1458.8
1,lower,measured,154.701,1448.8
1,lower,measured,155.556,1423.6
1,lower,measured,156.410,1450.4
1,lower,measured,157.265,1458.8
1,lower,measured,158.120,1403.9
1,lower,measured,158.974,1472.3
1,lower,measured,159.829,1459.2
1,lower,measured,160.684,1487.4
1,lower,measured,161.538,1490.7
1,lower,measured,163.248,1532.7
1,lower,measured,164.103,1531.0
1,lower,measured,164.957,1504.0
1,lower,measured,165.812,1507.2
1,lower,measured,166.667,1520.9
1,lower,measured,167.521,1512.5
1,lower,measured,168.376,1514.2
1,lower,measured,169.231,1514.2
1,lower,measured,170.085,1510.8
1,lower,measured,170.940,1514.2
1,lower,measured,171.795,1526.0
1,lower,measured,172.650,1524.3
1,lower,measured,173.504,1517.2
1,lower,measured,174.359,1510.1
1,lower,measured,175.214,1502.2
1,lower,measured,176.068,1511.9
1,lower,measured,176.923,1505.0
1,lower,measured,177.778,1512.5
1,lower,measured,178.632,1517.6
1,lower,measured,179.487,1517.6
1,lower,measured,180.342,1509.2
1,lower,measured,181.197,1502.5
1,lower,measured,182.051,1509.2
1,lower,measured,182.906,1509.2
1,lower,measured,183.761,1512.5
1,lower,measured,184.615,1510.8
1,lower,measured,185.470,1497.0
1,lower,measured,186.325,1491.9
1,lower,measured,187.179,1494.1
1,lower,measured,188.034,1495.4
1,lower,measured,188.889,1509.2
1,lower,measured,189.744,1520.9
1,lower,measured,190.598,1522.6
1,lower,measured,191.453,1534.3
1,lower,measured,192.308,1534.3
1,lower,measured,193.162,1510.8
1,lower,measured,194.017,1331.3
1,lower,measured,195.726,1437.0
1,lower,measured,196.581,1385.0
1,lower,measured,197.436,1344.7
1,lower,measured,198.291,1348.1
1,lower,measured,199.145,1322.9
1,lower,measured,200.000,1326.3
1,lower,measured,200.855,1411.8
1,lower,measured,201.709,1411.9
1,lower,measured,202.564,1415.2
1,lower,measured,203.419,1418.6
1,lower,measured,204.274,1421.9
1,lower,measured,205.128,1428.6
1,lower,measured,205.983,1433.7
1,lower,measured,206.838,1445.4
1,lower,measured,207.692,1502.5
1,lower,measured,208.547,1505.8
1,lower,measured,209.402,1504.1
1,lower,measured,210.256,1534.3
1,lower,measured,211.111,1532.7
1,lower,measured,211.966,1523.1
1,lower,measured,212.821,1534.3
1,lower,measured,213.675,1529.3
1,lower,measured,214.530,1443.7
1,lower,measured,215.385,1425.5
1,lower,measured,216.239,1420.8
1,lower,measured,217.094,1423.6
1,lower,measured,217.949,1421.4
1,lower,measured,218.803,1425.3
1,lower,measured,219.658,1430.3
1,lower,measured,220.513,1426.4
1,lower,measured,221.368,1425.3
1,lower,measured,222.222,1416.6
1,lower,measured,223.077,1410.5
1,lower,measured,223.932,1411.9
1,lower,measured,224.786,1417.8
1,lower,measured,225.641,1421.4
1,lower,measured,226.496,1420.8
1,lower,measured,227.350,1416.9
1,lower,measured,228.205,1416.7
1,lower,measured,229.060,1424.4
1,lower,measured,229.915,1424.3
1,lower,measured,230.769,1425.8
1,lower,measured,231.624,1433.9
1,lower,measured,232.479,1429.2
1,lower,measured,233.333,1436.6
1,lower,measured,234.188,1446.1
1,lower,measured,235.043,1460.5
1,lower,measured,235.897,1463.9
1,lower,measured,236.752,1463.9
1,lower,measured,237.607,1467.2
1,lower,measured,238.462,1468.9
1,lower,measured,239.316,1467.2
1,lower,measured,240.171,1467.2
1,lower,measured,241.026,1465.1
1,lower,measured,241.880,1463.9
1,lower,measured,242.735,1467.2
1,lower,measured,243.590,1470.6
1,lower,measured,244.444,1472.3
1,lower,measured,245.299,1465.5
1,lower,measured,246.154,1460.5
1,lower,measured,247.009,1450.2
1,lower,measured,247.863,1427.6
1,lower,measured,248.718,1449.1
1,lower,measured,249.573,1460.5
1,lower,measured,250.427,1463.9
1,lower,measured,251.282,1463.9
1,lower,measured,252.137,1455.8
1,lower,measured,252.991,1445.3
1,lower,measured,253.846,1453.8
1,lower,measured,254.701,1482.3
1,lower,measured,255.556,1505.8
1,lower,measured,256.410,1499.1
1,lower,measured,257.265,1435.3
1,lower,measured,258.120,1416.2
1,lower,measured,258.974,1432.1
1,lower,measured,259.829,1433.0
1,lower,measured,260.684,1437.0
1,lower,measured,261.538,1437.0
1,lower,measured,262.393,1432.0
1,lower,measured,263.248,1425.3
1,lower,measured,264.103,1425.3
1,lower,measured,264.957,1421.9
1,lower,measured,265.812,1418.6
1,lower,measured,266.667,1416.9
1,lower,measured,267.521,1418.6
1,lower,measured,268.376,1416.9
1,lower,measured,269.231,1433.7
1,lower,measured,270.085,1438.7
1,lower,measured,270.940,1433.7
1,lower,measured,271.795,1413.5
1,lower,measured,272.650,1406.8
1,lower,measured,277.778,1383.3
1,lower,measured,279.487,871.6
1,lower,measured,280.342,864.9
1,lower,measured,281.197,398.4
1,lower,measured,282.051,400.1
1,lower,measured,283.761,1579.6
1,lower,measured,284.615,1594.7
1,lower,measured,285.470,1598.1
1,lower,measured,286.325,1583.0
1,lower,measured,287.179,1583.0
1,lower,measured,288.034,1578.0
1,lower,measured,288.889,1578.0
1,lower,measured,289.744,1578.0
1,lower,measured,290.598,1571.3
1,lower,measured,291.453,1566.2
1,lower,measured,292.308,1564.5
1,lower,measured,293.162,1549.4
1,lower,measured,294.017,1542.7
1,lower,measured,294.872,1522.6
1,lower,measured,295.726,1536.0
1,lower,measured,296.581,1537.7
1,lower,measured,297.436,1524.3
1,lower,measured,298.291,1519.2
1,lower,measured,299.145,1526.0
1,lower,measured,300.000,1527.6
1,lower,measured,300.855,1539.4
1,lower,measured,301.709,1539.4
1,lower,measured,302.564,1519.2
1,lower,measured,303.419,1515.9
1,lower,measured,304.274,1522.6
1,lower,measured,305.128,1515.9
1,lower,measured,308.547,1500.8
1,lower,measured,309.402,1509.2
1,lower,measured,310.256,1499.1
1,lower,measured,311.111,1505.8
1,lower,measured,312.821,383.3
1,lower,measured,313.675,383.3
1,lower,measured,315.385,1557.8
1,lower,measured,316.239,1559.5
1,lower,measured,317.094,1541.1
1,lower,measured,317.949,1551.1
1,lower,measured,318.803,1542.7
1,lower,measured,319.658,1561.2
1,lower,measured,320.513,1564.5
1,lower,measured,321.368,1574.6
1,lower,measured,322.222,1552.8
1,lower,measured,323.077,1551.1
1,lower,measured,323.932,1544.4
1,lower,measured,324.786,1547.8
1,lower,measured,325.641,1547.8
1,lower,measured,326.496,1556.2
1,lower,measured,327.350,1557.8
1,lower,measured,328.205,1537.7
1,lower,measured,329.060,1557.8
1,lower,measured,332.479,1554.5
1,lower,measured,333.333,1534.3
1,lower,measured,334.188,1524.3
1,lower,measured,335.043,1524.3
1,lower,measured,335.897,1534.3
1,lower,measured,336.752,1532.7
1,lower,measured,337.607,1537.7
1,lower,measured,338.462,1541.1
1,lower,measured,339.316,1532.7
1,lower,measured,340.171,1531.0
1,lower,measured,341.026,1534.3
1,lower,measured,341.880,1485.7
1,lower,measured,342.735,1678.6
1,lower,measured,343.590,1678.6
1,lower,measured,344.444,510.9
1,lower,measured,345.299,395.1
1,lower,measured,346.154,395.1
1,lower,measured,349.573,408.5
1,lower,measured,350.427,411.9
1,lower,measured,351.282,769.2
1,lower,measured,352.991,1348.1
1,lower,measured,353.846,1363.0
1,lower,measured,354.701,1378.3
1,lower,measured,355.556,1395.1
1,lower,measured,356.410,1408.5
1,lower,measured,357.265,1432.0
1,lower,measured,358.120,1438.7
1,lower,measured,358.974,1443.7
1,lower,measured,360.684,653.5
1,lower,measured,361.538,655.1
1,lower,measured,362.393,1482.3
1,lower,measured,363.248,1485.7
1,lower,measured,364.103,1510.8
1,lower,measured,364.957,1536.0
1,lower,measured,365.812,1524.3
1,lower,measured,366.667,1510.8
1,lower,measured,367.521,1505.8
1,lower,measured,368.376,1505.8
1,lower,measured,369.231,1504.1
1,lower,measured,370.085,1502.5
1,lower,measured,370.940,1497.4
1,lower,measured,376.068,1460.5
1,lower,measured,376.923,1460.5
1,lower,measured,377.778,1457.2
1,lower,measured,378.632,1450.4
1,lower,measured,379.487,1453.8
1,lower,measured,383.761,1433.7
1,lower,measured,384.615,1445.4
1,lower,measured,385.470,1445.4
1,lower,measured,386.325,1442.1
1,lower,measured,387.179,1440.4
1,lower,measured,388.034,1443.7
1,lower,measured,388.889,1440.4
1,lower,measured,389.744,1432.0
1,lower,measured,390.598,1420.2
1,lower,measured,391.453,1418.6
1,lower,measured,392.308,1420.2
1,lower,measured,393.162,1420.2
1,lower,measured,394.017,1418.6
1,lower,measured,394.872,1413.5
1,lower,measured,395.726,1410.2
1,lower,measured,396.581,1403.5
1,lower,measured,398.291,400.1
1,lower,measured,399.145,1203.8
1,lower,measured,400.855,1171.9
1,lower,measured,401.709,1272.6
1,lower,measured,402.564,1319.6
1,lower,measured,403.419,1333.0
1,lower,measured,404.274,1358.2
1,lower,measured,408.547,1378.3
1,lower,measured,411.966,1381.7
1,lower,measured,412.821,1371.6
1,lower,measured,413.675,1361.5
1,lower,measured,414.530,1356.5
1,lower,measured,415.385,1344.7
1,lower,measured,416.239,1349.8
1,lower,measured,417.094,1344.7
1,lower,measured,417.949,1331.3
1,lower,measured,418.803,1334.7
1,lower,measured,419.658,1339.7
1,lower,measured,420.513,1334.7
1,lower,measured,421.368,1331.3
1,lower,measured,422.222,1331.3
1,lower,measured,423.077,1331.3
1,lower,measured,424.786,396.8
1,lower,measured,426.496,480.7
1,lower,measured,428.205,1368.2
1,lower,measured,429.060,1369.9
1,lower,measured,429.915,1368.2
1,lower,measured,430.769,1359.8
1,lower,measured,431.624,1356.5
1,lower,measured,432.479,1354.8
1,lower,measured,433.333,1353.1
1,lower,measured,434.188,1353.1
1,lower,measured,435.043,1358.2
1,lower,measured,435.897,1349.8
1,lower,measured,436.752,1351.5
1,lower,measured,437.607,1348.1
1,lower,measured,438.462,1348.1
1,lower,measured,439.316,1344.7
1,lower,measured,440.171,1341.4
1,lower,measured,442.735,1346.4
1,lower,measured,444.444,1326.3
1,lower,measured,446.154,391.7
1,lower,measured,447.863,1559.5
1,lower,measured,448.718,1581.3
1,lower,measured,451.282,1608.2
1,lower,measured,452.137,1609.8
1,lower,measured,452.991,1604.8
1,lower,measured,455.556,1588.0
1,lower,measured,456.410,1579.6
1,lower,measured,457.265,1579.6
1,lower,measured,458.120,1574.6
1,lower,measured,458.974,1581.3
1,lower,measured,459.829,1578.0
1,lower,measured,460.684,1581.3
1,lower,measured,461.538,1572.9
1,lower,measured,464.103,1574.6
1,lower,measured,464.957,1564.5
1,lower,measured,465.812,1562.9
1,lower,measured,466.667,1561.2
1,lower,measured,467.521,1561.2
1,lower,measured,468.376,1556.2
1,lower,measured,469.231,1557.8
1,lower,measured,470.085,1564.5
1,lower,measured,470.940,1564.5
1,lower,measured,471.795,1566.2
1,lower,measured,472.650,1569.6
1,lower,measured,473.504,1547.8
1,lower,measured,474.359,1529.3
1,lower,measured,475.214,1534.3
1,lower,measured,476.068,1539.4
1,lower,measured,476.923,1522.6
1,lower,measured,477.778,1497.4
1,lower,measured,482.051,1462.2
1,lower,measured,485.470,1497.4
1,lower,measured,486.325,1494.1
1,lower,measured,487.179,1497.4
1,lower,measured,488.034,1494.1
1,lower,measured,488.889,1484.0
1,lower,measured,489.744,1489.0
1,lower,measured,490.598,1499.1
1,lower,measured,491.453,1492.4
1,lower,measured,492.308,1490.7
1,lower,measured,493.162,1502.5
1,lower,measured,494.017,1497.4
1,lower,measured,494.872,1495.7
1,lower,measured,495.726,1489.0
1,lower,measured,496.581,1475.6
1,lower,measured,497.436,1480.6
1,lower,measured,498.291,1492.4
1,lower,measured,499.145,1512.5
1,lower,measured,500.000,1510.8
1,lower,measured,500.855,1504.1
1,lower,measured,501.709,1497.4
1,lower,measured,502.564,1505.8
1,lower,measured,503.419,1510.8
1,lower,measured,504.274,1514.2
1,lower,BISON,5.128,1698.8
1,lower,BISON,5.983,1690.4
1,lower,BISON,6.838,1697.1
1,lower,BISON,7.692,1693.7
1,lower,BISON,8.547,1692.1
1,lower,BISON,9.402,1688.7
1,lower,BISON,10.256,1687.0
1,lower,BISON,11.966,1702.1
1,lower,BISON,13.675,1688.7
1,lower,BISON,14.530,1688.7
1,lower,BISON,15.385,1688.7
1,lower,BISON,16.239,1688.7
1,lower,BISON,17.094,1688.7
1,lower,BISON,17.949,1688.7
1,lower,BISON,18.803,1687.0
1,lower,BISON,19.658,1685.3
1,lower,BISON,20.513,1685.3
1,lower,BISON,21.368,1685.3
1,lower,BISON,22.222,1685.3
1,lower,BISON,23.077,1685.3
1,lower,BISON,23.932,1682.0
1,lower,BISON,24.786,1682.0
1,lower,BISON,25.641,1682.0
1,lower,BISON,26.496,1682.0
1,lower,BISON,27.350,1682.0
1,lower,BISON,28.205,1678.6
1,lower,BISON,29.060,1678.6
1,lower,BISON,29.915,1678.6
1,lower,BISON,30.769,1678.6
1,lower,BISON,31.624,1678.6
1,lower,BISON,32.479,1678.6
1,lower,BISON,33.333,1675.3
1,lower,BISON,34.188,1675.3
1,lower,BISON,35.043,1675.3
1,lower,BISON,35.897,1675.3
1,lower,BISON,36.752,1675.3
1,lower,BISON,37.607,1671.9
1,lower,BISON,38.462,1671.9
1,lower,BISON,39.316,1671.9
1,lower,BISON,40.171,1671.9
1,lower,BISON,41.026,1671.9
1,lower,BISON,41.880,1670.2
1,lower,BISON,42.735,1668.6
1,lower,BISON,43.590,1668.6
1,lower,BISON,44.444,1668.6
1,lower,BISON,45.299,1668.6
1,lower,BISON,46.154,1668.6
1,lower,BISON,47.009,1665.2
1,lower,BISON,47.863,1665.2
1,lower,BISON,48.718,1665.2
1,lower,BISON,49.573,1665.2
1,lower,BISON,50.427,1665.2
1,lower,BISON,51.282,1661.9
1,lower,BISON,52.137,1661.9
1,lower,BISON,52.991,1661.9
1,lower,BISON,53.846,1661.9
1,lower,BISON,54.701,1661.9
1,lower,BISON,55.556,1661.9
1,lower,BISON,56.410,1658.5
1,lower,BISON,57.265,1658.5
1,lower,BISON,58.120,1658.5
1,lower,BISON,58.974,1658.5
1,lower,BISON,61.538,1635.0
1,lower,BISON,62.393,1635.0
1,lower,BISON,63.248,1635.0
1,lower,BISON,64.103,1635.0
1,lower,BISON,64.957,1635.0
1,lower,BISON,65.812,1635.0
1,lower,BISON,66.667,1638.4
1,lower,BISON,67.521,1638.4
1,lower,BISON,68.376,1638.4
1,lower,BISON,69.231,1638.4
1,lower,BISON,70.085,1638.4
1,lower,BISON,70.940,1638.4
1,lower,BISON,71.795,1638.4
1,lower,BISON,72.650,1638.4
1,lower,BISON,73.504,1638.4
1,lower,BISON,74.359,1638.4
1,lower,BISON,75.214,1638.4
1,lower,BISON,76.068,1641.7
1,lower,BISON,76.923,1641.7
1,lower,BISON,77.778,1641.7
1,lower,BISON,78.632,1641.7
1,lower,BISON,81.197,1645.1
1,lower,BISON,82.051,1645.1
1,lower,BISON,82.906,1645.1
1,lower,BISON,83.761,1645.1
1,lower,BISON,84.615,1648.4
1,lower,BISON,85.470,1648.4
1,lower,BISON,86.325,1648.4
1,lower,BISON,87.179,1648.4
1,lower,BISON,88.034,1648.4
1,lower,BISON,88.889,1648.4
1,lower,BISON,89.744,1648.4
1,lower,BISON,90.598,1648.4
1,lower,BISON,91.453,1648.4
1,lower,BISON,92.308,1648.4
1,lower,BISON,93.162,1648.4
1,lower,BISON,94.017,1648.4
1,lower,BISON,94.872,1648.4
1,lower,BISON,101.709,1438.7
1,lower,BISON,102.564,1445.4
1,lower,BISON,103.419,1448.8
1,lower,BISON,104.274,1453.8
1,lower,BISON,105.128,1458.8
1,lower,BISON,105.983,1462.2
1,lower,BISON,106.838,1468.9
1,lower,BISON,107.692,1472.3
1,lower,BISON,108.547,1479.0
1,lower,BISON,109.402,1482.3
1,lower,BISON,110.256,1489.0
1,lower,BISON,111.111,1492.4
1,lower,BISON,111.966,1497.4
1,lower,BISON,113.675,1463.9
1,lower,BISON,114.530,1467.2
1,lower,BISON,115.385,1470.6
1,lower,BISON,116.239,1473.9
1,lower,BISON,117.094,1477.3
1,lower,BISON,117.949,1480.6
1,lower,BISON,118.803,1484.0
1,lower,BISON,119.658,1487.4
1,lower,BISON,120.513,1490.7
1,lower,BISON,121.368,1494.1
1,lower,BISON,122.222,1495.7
1,lower,BISON,123.077,1499.1
1,lower,BISON,123.932,1502.5
1,lower,BISON,124.786,1505.8
1,lower,BISON,125.641,1509.2
1,lower,BISON,126.496,1512.5
1,lower,BISON,127.350,1514.2
1,lower,BISON,128.205,1517.6
1,lower,BISON,129.060,1520.9
1,lower,BISON,129.915,1524.3
1,lower,BISON,130.769,1527.6
1,lower,BISON,133.333,1517.6
1,lower,BISON,134.188,1517.6
1,lower,BISON,135.043,1517.6
1,lower,BISON,135.897,1517.6
1,lower,BISON,136.752,1517.6
1,lower,BISON,137.607,1517.6
1,lower,BISON,138.462,1517.6
1,lower,BISON,139.316,1517.6
1,lower,BISON,140.171,1514.2
1,lower,BISON,141.026,1514.2
1,lower,BISON,141.880,1514.2
1,lower,BISON,142.735,1514.2
1,lower,BISON,143.590,1514.2
1,lower,BISON,147.863,1447.1
1,lower,BISON,148.718,1443.7
1,lower,BISON,149.573,1442.1
1,lower,BISON,150.427,1440.4
1,lower,BISON,151.282,1437.0
1,lower,BISON,152.137,1435.3
1,lower,BISON,152.991,1433.7
1,lower,BISON,153.846,1428.6
1,lower,BISON,156.410,1410.2
1,lower,BISON,157.265,1410.2
1,lower,BISON,158.120,1416.9
1,lower,BISON,158.974,1425.3
1,lower,BISON,159.829,1433.7
1,lower,BISON,160.684,1440.4
1,lower,BISON,161.538,1447.1
1,lower,BISON,162.393,1500.8
1,lower,BISON,164.103,1492.4
1,lower,BISON,164.957,1490.7
1,lower,BISON,165.812,1487.4
1,lower,BISON,166.667,1487.4
1,lower,BISON,167.521,1485.7
1,lower,BISON,168.376,1484.0
1,lower,BISON,169.231,1482.3
1,lower,BISON,170.085,1480.6
1,lower,BISON,172.650,1489.0
1,lower,BISON,173.504,1487.4
1,lower,BISON,174.359,1487.4
1,lower,BISON,175.214,1485.7
1,lower,BISON,176.068,1484.0
1,lower,BISON,176.923,1484.0
1,lower,BISON,177.778,1480.6
1,lower,BISON,178.632,1480.6
1,lower,BISON,179.487,1479.0
1,lower,BISON,180.342,1477.3
1,lower,BISON,181.197,1477.3
1,lower,BISON,182.051,1473.9
1,lower,BISON,182.906,1473.9
1,lower,BISON,183.761,1470.6
1,lower,BISON,184.615,1470.6
1,lower,BISON,185.470,1470.6
1,lower,BISON,186.325,1467.2
1,lower,BISON,187.179,1467.2
1,lower,BISON,188.034,1463.9
1,lower,BISON,188.889,1465.5
1,lower,BISON,189.744,1479.0
1,lower,BISON,196.581,1309.5
1,lower,BISON,197.436,1319.6
1,lower,BISON,198.291,1328.0
1,lower,BISON,199.145,1338.0
1,lower,BISON,200.000,1346.4
1,lower,BISON,200.855,1356.5
1,lower,BISON,201.709,1366.6
1,lower,BISON,202.564,1376.6
1,lower,BISON,203.419,1386.7
1,lower,BISON,204.274,1396.8
1,lower,BISON,205.128,1405.1
1,lower,BISON,205.983,1413.5
1,lower,BISON,206.838,1423.6
1,lower,BISON,207.692,1433.7
1,lower,BISON,208.547,1443.7
1,lower,BISON,211.111,1509.2
1,lower,BISON,211.966,1512.5
1,lower,BISON,212.821,1514.2
1,lower,BISON,215.385,1396.8
1,lower,BISON,216.239,1398.4
1,lower,BISON,217.094,1400.1
1,lower,BISON,217.949,1400.1
1,lower,BISON,218.803,1403.5
1,lower,BISON,219.658,1403.5
1,lower,BISON,220.513,1405.1
1,lower,BISON,221.368,1406.8
1,lower,BISON,222.222,1406.8
1,lower,BISON,223.077,1410.2
1,lower,BISON,223.932,1410.2
1,lower,BISON,224.786,1413.5
1,lower,BISON,225.641,1413.5
1,lower,BISON,226.496,1413.5
1,lower,BISON,227.350,1416.9
1,lower,BISON,228.205,1416.9
1,lower,BISON,229.060,1420.2
1,lower,BISON,229.915,1420.2
1,lower,BISON,230.769,1421.9
1,lower,BISON,231.624,1423.6
1,lower,BISON,232.479,1423.6
1,lower,BISON,233.333,1427.0
1,lower,BISON,234.188,1427.0
1,lower,BISON,235.043,1430.3
1,lower,BISON,235.897,1430.3
1,lower,BISON,236.752,1430.3
1,lower,BISON,237.607,1433.7
1,lower,BISON,238.462,1433.7
1,lower,BISON,239.316,1437.0
1,lower,BISON,240.171,1437.0
1,lower,BISON,241.026,1438.7
1,lower,BISON,241.880,1440.4
1,lower,BISON,242.735,1440.4
1,lower,BISON,243.590,1443.7
1,lower,BISON,244.444,1443.7
1,lower,BISON,247.009,1423.6
1,lower,BISON,247.863,1423.6
1,lower,BISON,248.718,1427.0
1,lower,BISON,249.573,1428.6
1,lower,BISON,250.427,1430.3
1,lower,BISON,251.282,1432.0
1,lower,BISON,252.137,1433.7
1,lower,BISON,252.991,1435.3
1,lower,BISON,253.846,1437.0
1,lower,BISON,257.265,1408.5
1,lower,BISON,258.120,1408.5
1,lower,BISON,258.974,1406.8
1,lower,BISON,259.829,1405.1
1,lower,BISON,260.684,1403.5
1,lower,BISON,261.538,1401.8
1,lower,BISON,262.393,1400.1
1,lower,BISON,263.248,1400.1
1,lower,BISON,264.103,1396.8
1,lower,BISON,264.957,1396.8
1,lower,BISON,265.812,1393.4
1,lower,BISON,266.667,1393.4
1,lower,BISON,267.521,1390.0
1,lower,BISON,268.376,1390.0
1,lower,BISON,270.940,1405.1
1,lower,BISON,279.487,1717.2
1,lower,BISON,283.761,1687.0
1,lower,BISON,284.615,1690.4
1,lower,BISON,285.470,1687.0
1,lower,BISON,286.325,1680.3
1,lower,BISON,287.179,1677.0
1,lower,BISON,288.034,1670.2
1,lower,BISON,288.889,1663.5
1,lower,BISON,289.744,1658.5
1,lower,BISON,290.598,1653.5
1,lower,BISON,291.453,1646.8
1,lower,BISON,292.308,1640.0
1,lower,BISON,293.162,1635.0
1,lower,BISON,294.017,1630.0
1,lower,BISON,294.872,1623.3
1,lower,BISON,295.726,1616.6
1,lower,BISON,296.581,1609.8
1,lower,BISON,297.436,1606.5
1,lower,BISON,298.291,1599.8
1,lower,BISON,299.145,1593.1
1,lower,BISON,300.000,1586.4
1,lower,BISON,300.855,1581.3
1,lower,BISON,301.709,1576.3
1,lower,BISON,302.564,1569.6
1,lower,BISON,303.419,1562.9
1,lower,BISON,304.274,1557.8
1,lower,BISON,305.128,1552.8
1,lower,BISON,305.983,1546.1
1,lower,BISON,306.838,1542.7
1,lower,BISON,307.692,1546.1
1,lower,BISON,308.547,1552.8
1,lower,BISON,309.402,1559.5
1,lower,BISON,310.256,1566.2
1,lower,BISON,311.111,1571.3
1,lower,BISON,311.966,1578.0
1,lower,BISON,315.385,1671.9
1,lower,BISON,316.239,1671.9
1,lower,BISON,317.094,1671.9
1,lower,BISON,317.949,1671.9
1,lower,BISON,318.803,1673.6
1,lower,BISON,319.658,1675.3
1,lower,BISON,320.513,1675.3
1,lower,BISON,321.368,1675.3
1,lower,BISON,322.222,1675.3
1,lower,BISON,323.077,1677.0
1,lower,BISON,323.932,1678.6
1,lower,BISON,324.786,1678.6
1,lower,BISON,325.641,1678.6
1,lower,BISON,326.496,1678.6
1,lower,BISON,327.350,1682.0
1,lower,BISON,328.205,1682.0
1,lower,BISON,329.060,1682.0
1,lower,BISON,332.479,1682.0
1,lower,BISON,333.333,1678.6
1,lower,BISON,334.188,1678.6
1,lower,BISON,335.043,1678.6
1,lower,BISON,335.897,1677.0
1,lower,BISON,336.752,1675.3
1,lower,BISON,337.607,1675.3
1,lower,BISON,338.462,1675.3
1,lower,BISON,339.316,1673.6
1,lower,BISON,340.171,1671.9
1,lower,BISON,341.026,1671.9
1,lower,BISON,341.880,1671.9
1,lower,BISON,347.863,1589.7
1,lower,BISON,352.991,1432.0
1,lower,BISON,353.846,1453.8
1,lower,BISON,354.701,1475.6
1,lower,BISON,355.556,1500.8
1,lower,BISON,356.410,1524.3
1,lower,BISON,357.265,1546.1
1,lower,BISON,358.120,1559.5
1,lower,BISON,358.974,1562.9
1,lower,BISON,359.829,1567.9
1,lower,BISON,362.393,1655.1
1,lower,BISON,363.248,1658.5
1,lower,BISON,364.103,1658.5
1,lower,BISON,364.957,1660.2
1,lower,BISON,365.812,1661.9
1,lower,BISON,366.667,1661.9
1,lower,BISON,367.521,1665.2
1,lower,BISON,368.376,1665.2
1,lower,BISON,369.231,1666.9
1,lower,BISON,370.085,1668.6
1,lower,BISON,370.940,1668.6
1,lower,BISON,371.795,1670.2
1,lower,BISON,375.214,1609.8
1,lower,BISON,376.068,1609.8
1,lower,BISON,376.923,1608.2
1,lower,BISON,377.778,1604.8
1,lower,BISON,378.632,1604.8
1,lower,BISON,379.487,1601.5
1,lower,BISON,383.761,1598.1
1,lower,BISON,384.615,1594.7
1,lower,BISON,385.470,1591.4
1,lower,BISON,386.325,1588.0
1,lower,BISON,387.179,1584.7
1,lower,BISON,388.034,1581.3
1,lower,BISON,388.889,1578.0
1,lower,BISON,389.744,1574.6
1,lower,BISON,390.598,1571.3
1,lower,BISON,391.453,1567.9
1,lower,BISON,392.308,1564.5
1,lower,BISON,393.162,1561.2
1,lower,BISON,394.017,1557.8
1,lower,BISON,394.872,1554.5
1,lower,BISON,395.726,1551.1
1,lower,BISON,396.581,1547.8
1,lower,BISON,397.436,1542.7
1,lower,BISON,407.692,1517.6
1,lower,BISON,408.547,1512.5
1,lower,BISON,409.402,1509.2
1,lower,BISON,411.966,1509.2
1,lower,BISON,412.821,1505.8
1,lower,BISON,413.675,1499.1
1,lower,BISON,414.530,1495.7
1,lower,BISON,415.385,1492.4
1,lower,BISON,416.239,1487.4
1,lower,BISON,417.094,1482.3
1,lower,BISON,417.949,1479.0
1,lower,BISON,418.803,1473.9
1,lower,BISON,419.658,1468.9
1,lower,BISON,420.513,1465.5
1,lower,BISON,421.368,1462.2
1,lower,BISON,422.222,1455.5
1,lower,BISON,423.077,1452.1
1,lower,BISON,423.932,1448.8
1,lower,BISON,427.350,1515.9
1,lower,BISON,428.205,1514.2
1,lower,BISON,429.060,1512.5
1,lower,BISON,429.915,1509.2
1,lower,BISON,430.769,1505.8
1,lower,BISON,431.624,1502.5
1,lower,BISON,432.479,1500.8
1,lower,BISON,433.333,1497.4
1,lower,BISON,434.188,1494.1
1,lower,BISON,435.043,1490.7
1,lower,BISON,435.897,1489.0
1,lower,BISON,436.752,1485.7
1,lower,BISON,437.607,1482.3
1,lower,BISON,438.462,1479.0
1,lower,BISON,439.316,1477.3
1,lower,BISON,440.171,1473.9
1,lower,BISON,441.026,1470.6
1,lower,BISON,442.735,472.3
1,lower,BISON,443.590,460.5
1,lower,BISON,447.863,1851.5
1,lower,BISON,448.718,1874.9
1,lower,BISON,451.282,1930.3
1,lower,BISON,452.137,1930.3
1,lower,BISON,452.991,1930.3
1,lower,BISON,453.846,1928.6
1,lower,BISON,454.701,1927.0
1,lower,BISON,455.556,1925.3
1,lower,BISON,456.410,1923.6
1,lower,BISON,457.265,1920.2
1,lower,BISON,458.120,1916.9
1,lower,BISON,458.974,1913.5
1,lower,BISON,459.829,1910.2
1,lower,BISON,460.684,1908.5
1,lower,BISON,461.538,1905.1
1,lower,BISON,464.103,1928.6
1,lower,BISON,464.957,1921.9
1,lower,BISON,465.812,1918.6
1,lower,BISON,466.667,1911.9
1,lower,BISON,467.521,1908.5
1,lower,BISON,468.376,1901.8
1,lower,BISON,469.231,1898.4
1,lower,BISON,470.085,1891.7
1,lower,BISON,470.940,1888.4
1,lower,BISON,471.795,1881.7
1,lower,BISON,472.650,1874.9
1,lower,BISON,473.504,1871.6
1,lower,BISON,474.359,1864.9
1,lower,BISON,475.214,1861.5
1,lower,BISON,476.068,1854.8
1,lower,BISON,476.923,1851.5
1,lower,BISON,477.778,1844.7
1,lower,BISON,481.197,1762.5
1,lower,BISON,482.051,1760.8
1,lower,BISON,485.470,1799.4
1,lower,BISON,486.325,1802.8
1,lower,BISON,487.179,1806.2
1,lower,BISON,488.034,1807.8
1,lower,BISON,488.889,1811.2
1,lower,BISON,489.744,1814.5
1,lower,BISON,490.598,1816.2
1,lower,BISON,491.453,1819.6
1,lower,BISON,492.308,1822.9
1,lower,BISON,493.162,1826.3
1,lower,BISON,494.017,1829.6
1,lower,BISON,494.872,1831.3
1,lower,BISON,495.726,1834.7
1,lower,BISON,496.581,1838.0
1,lower,BISON,497.436,1841.4
1,lower,BISON,498.291,1844.7
1,lower,BISON,499.145,1846.4
1,lower,BISON,500.000,1849.8
1,lower,BISON,500.855,1853.1
1,lower,BISON,501.709,1856.5
1,lower,BISON,502.564,1859.8
1,lower,BISON,503.419,1863.2
1,lower,BISON,504.274,1866.6
1,lower,BISON,505.128,1868.2
5,upper,measured,5.128,1643.4
5,upper,measured,5.983,1658.5
5,upper,measured,6.838,1663.5
5,upper,measured,7.692,1668.6
5,upper,measured,8.547,1680.3
5,upper,measured,9.402,1653.5
5,upper,measured,11.966,1671.9
5,upper,measured,12.821,1687.0
5,upper,measured,13.675,1667.7
5,upper,measured,14.530,1671.4
5,upper,measured,15.385,1671.9
5,upper,measured,16.239,1677.0
5,upper,measured,17.094,1682.0
5,upper,measured,17.949,1682.0
5,upper,measured,18.803,1678.6
5,upper,measured,19.658,1680.3
5,upper,measured,20.513,1673.6
5,upper,measured,21.368,1673.6
5,upper,measured,22.222,1670.2
5,upper,measured,23.077,1677.0
5,upper,measured,23.932,1677.0
5,upper,measured,24.786,1677.0
5,upper,measured,25.641,1678.6
5,upper,measured,26.496,1675.3
5,upper,measured,27.350,1671.9
5,upper,measured,28.205,1675.3
5,upper,measured,29.060,1673.6
5,upper,measured,29.915,1673.6
5,upper,measured,30.769,1678.6
5,upper,measured,32.479,1677.0
5,upper,measured,33.333,1673.6
5,upper,measured,34.188,1685.3
5,upper,measured,35.043,1687.0
5,upper,measured,35.897,1680.3
5,upper,measured,36.752,1688.7
5,upper,measured,37.607,1688.7
5,upper,measured,38.462,1687.0
5,upper,measured,39.316,1682.0
5,upper,measured,40.171,1680.3
5,upper,measured,41.026,1677.0
5,upper,measured,41.880,1677.0
5,upper,measured,42.735,1675.3
5,upper,measured,43.590,1675.3
5,upper,measured,44.444,1668.6
5,upper,measured,45.299,1670.2
5,upper,measured,46.154,1671.9
5,upper,measured,47.009,1671.9
5,upper,measured,47.863,1665.2
5,upper,measured,48.718,1665.2
5,upper,measured,49.573,1666.9
5,upper,measured,50.427,1668.6
5,upper,measured,51.282,1678.6
5,upper,measured,52.137,1673.6
5,upper,measured,52.991,1680.3
5,upper,measured,53.846,1678.6
5,upper,measured,54.701,1673.6
5,upper,measured,55.556,1673.6
5,upper,measured,56.410,1671.9
5,upper,measured,57.265,1670.2
5,upper,measured,58.120,1668.6
5,upper,measured,58.974,1673.6
5,upper,measured,59.829,1666.9
5,upper,measured,60.684,1668.6
5,upper,measured,61.538,1677.0
5,upper,measured,62.393,1661.9
5,upper,measured,63.248,1666.9
5,upper,measured,64.103,1670.2
5,upper,measured,64.957,1671.9
5,upper,measured,65.812,1670.2
5,upper,measured,66.667,1665.2
5,upper,measured,67.521,1656.8
5,upper,measured,68.376,1645.9
5,upper,measured,69.231,1641.2
5,upper,measured,70.085,1648.4
5,upper,measured,70.940,1648.4
5,upper,measured,71.795,1661.9
5,upper,measured,72.650,1673.6
5,upper,measured,73.504,1678.6
5,upper,measured,74.359,1673.6
5,upper,measured,75.214,1671.9
5,upper,measured,76.068,1677.0
5,upper,measured,76.923,1678.6
5,upper,measured,77.778,1678.6
5,upper,measured,78.632,1677.0
5,upper,measured,79.487,1663.5
5,upper,measured,80.342,1683.7
5,upper,measured,81.197,1687.0
5,upper,measured,82.051,1683.7
5,upper,measured,82.906,1687.0
5,upper,measured,83.761,1692.1
5,upper,measured,84.615,1695.4
5,upper,measured,85.470,1692.1
5,upper,measured,86.325,1692.1
5,upper,measured,87.179,1693.7
5,upper,measured,88.034,1693.7
5,upper,measured,88.889,1692.1
5,upper,measured,89.744,1688.7
5,upper,measured,90.598,1690.4
5,upper,measured,91.453,1697.1
5,upper,measured,92.308,1698.8
5,upper,measured,93.162,1692.1
5,upper,measured,94.017,1703.8
5,upper,measured,94.872,1722.3
5,upper,measured,95.726,1710.5
5,upper,measured,96.581,1490.7
5,upper,measured,97.436,408.5
5,upper,measured,98.291,418.6
5,upper,measured,100.000,1427.0
5,upper,measured,100.855,1415.2
5,upper,measured,101.709,1423.6
5,upper,measured,102.564,1433.7
5,upper,measured,103.419,1440.4
5,upper,measured,104.274,1443.7
5,upper,measured,105.128,1452.1
5,upper,measured,105.983,1455.5
5,upper,measured,106.838,1460.5
5,upper,measured,107.692,1463.9
5,upper,measured,108.547,1462.2
5,upper,measured,109.402,1470.6
5,upper,measured,110.256,1462.2
5,upper,measured,111.111,1468.9
5,upper,measured,111.966,1480.6
5,upper,measured,112.821,1462.2
5,upper,measured,113.675,1467.2
5,upper,measured,114.530,1468.9
5,upper,measured,115.385,1411.4
5,upper,measured,116.239,1422.7
5,upper,measured,117.094,1472.3
5,upper,measured,117.949,1475.6
5,upper,measured,118.803,1476.4
5,upper,measured,119.658,1479.0
5,upper,measured,120.513,1484.0
5,upper,measured,121.368,1492.4
5,upper,measured,122.222,1487.4
5,upper,measured,123.077,1494.1
5,upper,measured,123.932,1489.0
5,upper,measured,124.786,1482.3
5,upper,measured,125.641,1484.0
5,upper,measured,126.496,1515.9
5,upper,measured,127.350,1536.0
5,upper,measured,128.205,1574.6
5,upper,measured,129.060,1591.4
5,upper,measured,129.915,1603.1
5,upper,measured,130.769,1596.4
5,upper,measured,131.624,1596.4
5,upper,measured,132.479,1579.6
5,upper,measured,133.333,1601.5
5,upper,measured,134.188,1589.7
5,upper,measured,135.043,1589.7
5,upper,measured,135.897,1589.7
5,upper,measured,136.752,1523.8
5,upper,measured,137.607,1525.2
5,upper,measured,138.462,1569.6
5,upper,measured,139.316,1571.3
5,upper,measured,140.171,1579.6
5,upper,measured,141.026,1581.3
5,upper,measured,141.880,1579.6
5,upper,measured,142.735,1578.0
5,upper,measured,143.590,1578.0
5,upper,measured,144.444,1601.5
5,upper,measured,145.299,1599.8
5,upper,measured,146.154,1551.1
5,upper,measured,147.009,1509.2
5,upper,measured,147.863,1534.3
5,upper,measured,148.718,1529.3
5,upper,measured,149.573,1510.8
5,upper,measured,150.427,1499.1
5,upper,measured,151.282,1505.8
5,upper,measured,152.137,1505.8
5,upper,measured,152.991,1500.8
5,upper,measured,153.846,1495.7
5,upper,measured,154.701,1484.0
5,upper,measured,155.556,1403.5
5,upper,measured,156.410,1420.2
5,upper,measured,157.265,1445.4
5,upper,measured,158.120,1443.7
5,upper,measured,158.974,1482.1
5,upper,measured,159.829,1494.1
5,upper,measured,160.684,1532.7
5,upper,measured,161.538,1529.3
5,upper,measured,162.393,1514.2
5,upper,measured,163.248,1527.6
5,upper,measured,164.103,1534.3
5,upper,measured,164.957,1517.6
5,upper,measured,165.812,1515.9
5,upper,measured,166.667,1527.6
5,upper,measured,167.521,1526.0
5,upper,measured,168.376,1522.6
5,upper,measured,169.231,1524.3
5,upper,measured,170.085,1522.6
5,upper,measured,170.940,1499.1
5,upper,measured,171.795,1510.8
5,upper,measured,172.650,1524.3
5,upper,measured,173.504,1526.0
5,upper,measured,174.359,1520.9
5,upper,measured,175.214,1515.9
5,upper,measured,176.068,1522.6
5,upper,measured,176.923,1517.6
5,upper,measured,177.778,1526.0
5,upper,measured,178.632,1531.0
5,upper,measured,179.487,1536.0
5,upper,measured,180.342,1524.3
5,upper,measured,181.197,1520.9
5,upper,measured,182.051,1527.6
5,upper,measured,182.906,1531.0
5,upper,measured,183.761,1531.0
5,upper,measured,184.615,1531.0
5,upper,measured,185.470,1517.6
5,upper,measured,186.325,1509.2
5,upper,measured,187.179,1512.5
5,upper,measured,188.034,1512.5
5,upper,measured,188.889,1520.9
5,upper,measured,189.744,1529.3
5,upper,measured,190.598,1531.0
5,upper,measured,191.453,1499.1
5,upper,measured,193.162,1519.2
5,upper,measured,194.017,1386.7
5,upper,measured,195.726,1512.5
5,upper,measured,196.581,1457.2
5,upper,measured,197.436,1415.2
5,upper,measured,198.291,1416.9
5,upper,measured,199.145,1410.2
5,upper,measured,200.000,1411.9
5,upper,measured,200.855,1489.9
5,upper,measured,201.709,1492.4
5,upper,measured,202.564,1500.8
5,upper,measured,203.419,1512.5
5,upper,measured,204.274,1512.5
5,upper,measured,205.128,1519.2
5,upper,measured,205.983,1519.2
5,upper,measured,206.838,1532.7
5,upper,measured,207.692,1608.2
5,upper,measured,208.547,1593.1
5,upper,measured,209.402,1593.1
5,upper,measured,210.256,1619.9
5,upper,measured,211.111,1630.0
5,upper,measured,211.966,1626.6
5,upper,measured,212.821,1630.0
5,upper,measured,213.675,1628.3
5,upper,measured,214.530,1554.5
5,upper,measured,215.385,1537.7
5,upper,measured,216.239,1527.6
5,upper,measured,217.094,1527.6
5,upper,measured,217.949,1531.0
5,upper,measured,218.803,1531.0
5,upper,measured,219.658,1531.0
5,upper,measured,220.513,1531.0
5,upper,measured,221.368,1527.6
5,upper,measured,222.222,1522.6
5,upper,measured,223.077,1517.6
5,upper,measured,223.932,1517.6
5,upper,measured,224.786,1526.0
5,upper,measured,225.641,1531.0
5,upper,measured,226.496,1531.0
5,upper,measured,227.350,1524.3
5,upper,measured,228.205,1520.9
5,upper,measured,229.060,1532.7
5,upper,measured,229.915,1529.3
5,upper,measured,230.769,1529.3
5,upper,measured,231.624,1531.0
5,upper,measured,232.479,1531.0
5,upper,measured,233.333,1536.0
5,upper,measured,234.188,1544.4
5,upper,measured,235.043,1557.8
5,upper,measured,235.897,1566.2
5,upper,measured,236.752,1564.5
5,upper,measured,237.607,1566.2
5,upper,measured,238.462,1566.2
5,upper,measured,239.316,1571.3
5,upper,measured,240.171,1569.6
5,upper,measured,241.026,1564.5
5,upper,measured,241.880,1562.9
5,upper,measured,242.735,1567.9
5,upper,measured,243.590,1569.6
5,upper,measured,244.444,1564.5
5,upper,measured,245.299,1541.1
5,upper,measured,246.154,1536.0
5,upper,measured,247.009,1519.7
5,upper,measured,247.863,1526.0
5,upper,measured,248.718,1551.1
5,upper,measured,249.573,1562.9
5,upper,measured,250.427,1562.9
5,upper,measured,251.282,1564.5
5,upper,measured,252.137,1552.8
5,upper,measured,252.991,1544.4
5,upper,measured,253.846,1546.1
5,upper,measured,254.701,1524.3
5,upper,measured,255.556,1569.6
5,upper,measured,256.410,1569.6
5,upper,measured,257.265,1505.8
5,upper,measured,258.120,1517.6
5,upper,measured,258.974,1532.7
5,upper,measured,259.829,1536.0
5,upper,measured,260.684,1534.3
5,upper,measured,261.538,1539.4
5,upper,measured,262.393,1536.0
5,upper,measured,263.248,1529.3
5,upper,measured,264.103,1529.3
5,upper,measured,264.957,1526.0
5,upper,measured,265.812,1520.9
5,upper,measured,266.667,1517.6
5,upper,measured,267.521,1520.9
5,upper,measured,268.376,1520.9
5,upper,measured,269.231,1495.7
5,upper,measured,270.085,1504.1
5,upper,measured,270.940,1532.7
5,upper,measured,271.795,1519.2
5,upper,measured,272.650,1520.9
5,upper,measured,275.214,1141.7
5,upper,measured,277.778,1369.9
5,upper,measured,278.632,1552.8
5,upper,measured,279.487,918.6
5,upper,measured,280.342,885.0
5,upper,measured,281.197,400.1
5,upper,measured,282.051,1588.0
5,upper,measured,282.906,1589.7
5,upper,measured,283.761,1581.6
5,upper,measured,284.615,1586.4
5,upper,measured,285.470,1593.1
5,upper,measured,286.325,1576.3
5,upper,measured,287.179,1581.3
5,upper,measured,288.034,1571.3
5,upper,measured,288.889,1567.9
5,upper,measured,289.744,1569.6
5,upper,measured,290.598,1564.5
5,upper,measured,291.453,1562.9
5,upper,measured,292.308,1559.5
5,upper,measured,293.162,1547.8
5,upper,measured,294.017,1538.4
5,upper,measured,294.872,1524.3
5,upper,measured,295.726,1539.4
5,upper,measured,296.581,1537.7
5,upper,measured,297.436,1526.0
5,upper,measured,298.291,1520.9
5,upper,measured,299.145,1531.0
5,upper,measured,300.000,1532.7
5,upper,measured,300.855,1542.7
5,upper,measured,301.709,1537.7
5,upper,measured,302.564,1519.2
5,upper,measured,303.419,1519.2
5,upper,measured,304.274,1527.6
5,upper,measured,305.128,1520.9
5,upper,measured,308.547,1507.5
5,upper,measured,309.402,1515.9
5,upper,measured,310.256,1515.9
5,upper,measured,311.111,1515.9
5,upper,measured,311.966,1497.4
5,upper,measured,312.821,1490.7
5,upper,measured,313.675,1537.7
5,upper,measured,316.239,1499.1
5,upper,measured,317.094,1564.5
5,upper,measured,317.949,1534.1
5,upper,measured,318.803,1532.8
5,upper,measured,319.658,1547.8
5,upper,measured,320.513,1549.4
5,upper,measured,321.368,1557.8
5,upper,measured,322.222,1542.8
5,upper,measured,323.077,1539.9
5,upper,measured,323.932,1537.4
5,upper,measured,324.786,1537.7
5,upper,measured,325.641,1536.6
5,upper,measured,326.496,1542.3
5,upper,measured,327.350,1545.9
5,upper,measured,328.205,1524.1
5,upper,measured,329.060,1546.6
5,upper,measured,329.915,1564.5
5,upper,measured,330.769,1579.6
5,upper,measured,333.333,1530.5
5,upper,measured,334.188,1517.2
5,upper,measured,335.043,1524.4
5,upper,measured,335.897,1528.0
5,upper,measured,336.752,1528.0
5,upper,measured,337.607,1529.6
5,upper,measured,338.462,1535.3
5,upper,measured,339.316,1527.8
5,upper,measured,340.171,1523.7
5,upper,measured,341.026,1527.4
5,upper,measured,341.880,1482.0
5,upper,measured,342.735,1598.1
5,upper,measured,343.590,1596.4
5,upper,measured,344.444,1467.2
5,upper,measured,345.299,1467.2
5,upper,measured,350.427,1222.3
5,upper,measured,352.137,1353.1
5,upper,measured,352.991,1353.1
5,upper,measured,353.846,1405.1
5,upper,measured,354.701,1398.4
5,upper,measured,355.556,1408.5
5,upper,measured,356.410,1428.6
5,upper,measured,357.265,1445.4
5,upper,measured,358.120,1460.5
5,upper,measured,358.974,1475.6
5,upper,measured,360.684,1492.4
5,upper,measured,361.538,1520.9
5,upper,measured,362.393,1517.6
5,upper,measured,363.248,1487.5
5,upper,measured,364.103,1511.0
5,upper,measured,364.957,1537.7
5,upper,measured,365.812,1532.7
5,upper,measured,366.667,1516.3
5,upper,measured,367.521,1513.9
5,upper,measured,368.376,1513.2
5,upper,measured,369.231,1511.6
5,upper,measured,370.085,1511.1
5,upper,measured,370.940,1509.0
5,upper,measured,374.359,1536.0
5,upper,measured,375.214,1512.5
5,upper,measured,376.068,1474.6
5,upper,measured,376.923,1475.6
5,upper,measured,377.778,1470.2
5,upper,measured,378.632,1465.3
5,upper,measured,379.487,1468.6
5,upper,measured,382.906,1502.5
5,upper,measured,383.761,1442.0
5,upper,measured,384.615,1457.5
5,upper,measured,385.470,1460.5
5,upper,measured,386.325,1457.2
5,upper,measured,387.179,1458.0
5,upper,measured,388.034,1464.5
5,upper,measured,388.889,1458.8
5,upper,measured,389.744,1449.9
5,upper,measured,390.598,1438.4
5,upper,measured,391.453,1437.0
5,upper,measured,392.308,1439.9
5,upper,measured,393.162,1442.9
5,upper,measured,394.017,1439.5
5,upper,measured,394.872,1435.6
5,upper,measured,395.726,1430.6
5,upper,measured,396.581,1427.2
5,upper,measured,397.436,1435.3
5,upper,measured,398.291,1432.0
5,upper,measured,400.000,1321.3
5,upper,measured,400.855,1356.5
5,upper,measured,401.709,1368.2
5,upper,measured,402.564,1358.2
5,upper,measured,403.419,1372.1
5,upper,measured,404.274,1396.8
5,upper,measured,405.128,1395.1
5,upper,measured,405.983,567.9
5,upper,measured,406.838,567.9
5,upper,measured,409.402,1398.4
5,upper,measured,410.256,1331.3
5,upper,measured,411.111,1432.0
5,upper,measured,411.966,1427.0
5,upper,measured,412.821,1403.7
5,upper,measured,413.675,1392.2
5,upper,measured,414.530,1388.8
5,upper,measured,415.385,1372.4
5,upper,measured,416.239,1379.6
5,upper,measured,417.094,1374.9
5,upper,measured,417.949,1362.8
5,upper,measured,418.803,1364.5
5,upper,measured,419.658,1371.6
5,upper,measured,420.513,1366.2
5,upper,measured,421.368,1357.8
5,upper,measured,422.222,1361.1
5,upper,measured,423.077,1364.2
5,upper,measured,423.932,1373.3
5,upper,measured,424.786,1366.6
5,upper,measured,425.641,495.8
5,upper,measured,426.496,1462.2
5,upper,measured,428.205,1405.1
5,upper,measured,429.060,1403.5
5,upper,measured,429.915,1400.1
5,upper,measured,430.769,1391.7
5,upper,measured,431.624,1413.5
5,upper,measured,432.479,1410.2
5,upper,measured,433.333,1403.5
5,upper,measured,434.188,1396.8
5,upper,measured,435.043,1396.8
5,upper,measured,435.897,1390.0
5,upper,measured,436.752,1391.7
5,upper,measured,437.607,1388.4
5,upper,measured,438.462,1388.4
5,upper,measured,439.316,1386.7
5,upper,measured,440.171,1383.3
5,upper,measured,441.026,1380.0
5,upper,measured,441.880,1391.7
5,upper,measured,443.590,406.8
5,upper,measured,444.444,405.1
5,upper,measured,446.154,1682.0
5,upper,measured,447.009,1683.7
5,upper,measured,447.863,1527.6
5,upper,measured,448.718,1541.1
5,upper,measured,451.282,1564.5
5,upper,measured,452.137,1567.9
5,upper,measured,452.991,1564.5
5,upper,measured,453.846,1494.1
5,upper,measured,454.701,1492.4
5,upper,measured,455.556,1552.8
5,upper,measured,456.410,1547.8
5,upper,measured,457.265,1549.4
5,upper,measured,458.120,1544.4
5,upper,measured,458.974,1549.4
5,upper,measured,459.829,1544.4
5,upper,measured,460.684,1547.8
5,upper,measured,461.538,1542.7
5,upper,measured,464.103,1527.6
5,upper,measured,464.957,1539.4
5,upper,measured,465.812,1537.7
5,upper,measured,466.667,1539.4
5,upper,measured,467.521,1537.7
5,upper,measured,468.376,1532.7
5,upper,measured,469.231,1537.7
5,upper,measured,470.085,1541.1
5,upper,measured,470.940,1539.4
5,upper,measured,471.795,1546.1
5,upper,measured,472.650,1549.4
5,upper,measured,473.504,1534.3
5,upper,measured,474.359,1515.9
5,upper,measured,475.214,1522.6
5,upper,measured,476.068,1527.6
5,upper,measured,476.923,1519.2
5,upper,measured,477.778,1517.6
5,upper,measured,482.051,1487.4
5,upper,measured,485.470,1517.6
5,upper,measured,486.325,1512.5
5,upper,measured,487.179,1515.9
5,upper,measured,488.034,1515.9
5,upper,measured,488.889,1504.1
5,upper,measured,489.744,1504.1
5,upper,measured,490.598,1509.2
5,upper,measured,491.453,1502.5
5,upper,measured,492.308,1500.8
5,upper,measured,493.162,1514.2
5,upper,measured,494.017,1509.2
5,upper,measured,494.872,1507.5
5,upper,measured,495.726,1502.5
5,upper,measured,496.581,1487.4
5,upper,measured,497.436,1487.4
5,upper,measured,498.291,1524.3
5,upper,measured,499.145,1549.4
5,upper,measured,500.000,1546.1
5,upper,measured,500.855,1539.4
5,upper,measured,501.709,1534.3
5,upper,measured,502.564,1544.4
5,upper,measured,503.419,1549.4
5,upper,measured,504.274,1559.5
5,upper,measured,505.128,1138.4
5,upper,BISON,5.128,1621.6
5,upper,BISON,5.983,1631.7
5,upper,BISON,6.838,1643.4
5,upper,BISON,7.692,1653.5
5,upper,BISON,8.547,1665.2
5,upper,BISON,9.402,1675.3
5,upper,BISON,10.256,1682.0
5,upper,BISON,11.966,1646.8
5,upper,BISON,13.675,1661.9
5,upper,BISON,14.530,1661.9
5,upper,BISON,15.385,1663.5
5,upper,BISON,16.239,1661.9
5,upper,BISON,17.094,1663.5
5,upper,BISON,17.949,1663.5
5,upper,BISON,18.803,1661.9
5,upper,BISON,19.658,1661.9
5,upper,BISON,20.513,1661.9
5,upper,BISON,21.368,1661.9
5,upper,BISON,22.222,1660.2
5,upper,BISON,23.077,1660.2
5,upper,BISON,23.932,1658.5
5,upper,BISON,24.786,1658.5
5,upper,BISON,25.641,1658.5
5,upper,BISON,26.496,1658.5
5,upper,BISON,27.350,1658.5
5,upper,BISON,28.205,1658.5
5,upper,BISON,29.060,1656.8
5,upper,BISON,29.915,1656.8
5,upper,BISON,30.769,1655.1
5,upper,BISON,31.624,1655.1
5,upper,BISON,32.479,1655.1
5,upper,BISON,33.333,1655.1
5,upper,BISON,34.188,1655.1
5,upper,BISON,35.043,1655.1
5,upper,BISON,35.897,1651.8
5,upper,BISON,36.752,1651.8
5,upper,BISON,37.607,1651.8
5,upper,BISON,38.462,1651.8
5,upper,BISON,39.316,1651.8
5,upper,BISON,40.171,1651.8
5,upper,BISON,41.026,1651.8
5,upper,BISON,41.880,1651.8
5,upper,BISON,42.735,1648.4
5,upper,BISON,43.590,1648.4
5,upper,BISON,44.444,1648.4
5,upper,BISON,45.299,1648.4
5,upper,BISON,46.154,1648.4
5,upper,BISON,47.009,1648.4
5,upper,BISON,47.863,1648.4
5,upper,BISON,48.718,1646.8
5,upper,BISON,49.573,1646.8
5,upper,BISON,50.427,1645.1
5,upper,BISON,51.282,1645.1
5,upper,BISON,52.137,1645.1
5,upper,BISON,52.991,1645.1
5,upper,BISON,53.846,1645.1
5,upper,BISON,54.701,1645.1
5,upper,BISON,55.556,1645.1
5,upper,BISON,56.410,1645.1
5,upper,BISON,57.265,1645.1
5,upper,BISON,58.120,1643.4
5,upper,BISON,58.974,1641.7
5,upper,BISON,61.538,1636.7
5,upper,BISON,62.393,1635.0
5,upper,BISON,63.248,1633.3
5,upper,BISON,64.103,1631.7
5,upper,BISON,64.957,1628.3
5,upper,BISON,65.812,1628.3
5,upper,BISON,66.667,1624.9
5,upper,BISON,67.521,1624.9
5,upper,BISON,68.376,1621.6
5,upper,BISON,69.231,1619.9
5,upper,BISON,70.085,1618.2
5,upper,BISON,70.940,1616.6
5,upper,BISON,71.795,1614.9
5,upper,BISON,72.650,1613.2
5,upper,BISON,73.504,1611.5
5,upper,BISON,74.359,1608.2
5,upper,BISON,75.214,1608.2
5,upper,BISON,76.068,1604.8
5,upper,BISON,76.923,1604.8
5,upper,BISON,77.778,1601.5
5,upper,BISON,78.632,1599.8
5,upper,BISON,79.487,1603.1
5,upper,BISON,80.342,1614.9
5,upper,BISON,81.197,1631.7
5,upper,BISON,82.051,1631.7
5,upper,BISON,82.906,1635.0
5,upper,BISON,83.761,1635.0
5,upper,BISON,84.615,1635.0
5,upper,BISON,85.470,1635.0
5,upper,BISON,86.325,1635.0
5,upper,BISON,87.179,1638.4
5,upper,BISON,88.034,1638.4
5,upper,BISON,88.889,1638.4
5,upper,BISON,89.744,1638.4
5,upper,BISON,90.598,1641.7
5,upper,BISON,91.453,1641.7
5,upper,BISON,92.308,1641.7
5,upper,BISON,93.162,1641.7
5,upper,BISON,94.017,1641.7
5,upper,BISON,94.872,1643.4
5,upper,BISON,101.709,1366.6
5,upper,BISON,102.564,1369.9
5,upper,BISON,103.419,1373.3
5,upper,BISON,104.274,1376.6
5,upper,BISON,105.128,1380.0
5,upper,BISON,105.983,1383.3
5,upper,BISON,106.838,1386.7
5,upper,BISON,107.692,1390.0
5,upper,BISON,108.547,1393.4
5,upper,BISON,109.402,1396.8
5,upper,BISON,110.256,1400.1
5,upper,BISON,111.111,1403.5
5,upper,BISON,113.675,1361.5
5,upper,BISON,114.530,1368.2
5,upper,BISON,115.385,1373.3
5,upper,BISON,116.239,1380.0
5,upper,BISON,117.094,1388.4
5,upper,BISON,117.949,1395.1
5,upper,BISON,118.803,1401.8
5,upper,BISON,119.658,1408.5
5,upper,BISON,120.513,1415.2
5,upper,BISON,121.368,1421.9
5,upper,BISON,122.222,1428.6
5,upper,BISON,123.077,1435.3
5,upper,BISON,123.932,1442.1
5,upper,BISON,124.786,1448.8
5,upper,BISON,125.641,1457.2
5,upper,BISON,126.496,1463.9
5,upper,BISON,127.350,1470.6
5,upper,BISON,128.205,1477.3
5,upper,BISON,129.060,1484.0
5,upper,BISON,129.915,1490.7
5,upper,BISON,130.769,1499.1
5,upper,BISON,133.333,1505.8
5,upper,BISON,134.188,1504.1
5,upper,BISON,135.043,1504.1
5,upper,BISON,135.897,1504.1
5,upper,BISON,136.752,1504.1
5,upper,BISON,137.607,1504.1
5,upper,BISON,138.462,1504.1
5,upper,BISON,139.316,1504.1
5,upper,BISON,140.171,1504.1
5,upper,BISON,141.026,1500.8
5,upper,BISON,141.880,1500.8
5,upper,BISON,142.735,1500.8
5,upper,BISON,143.590,1500.8
5,upper,BISON,147.863,1437.0
5,upper,BISON,148.718,1437.0
5,upper,BISON,149.573,1437.0
5,upper,BISON,150.427,1433.7
5,upper,BISON,151.282,1433.7
5,upper,BISON,152.137,1430.3
5,upper,BISON,152.991,1430.3
5,upper,BISON,157.265,1369.9
5,upper,BISON,158.120,1385.0
5,upper,BISON,158.974,1398.4
5,upper,BISON,159.829,1411.9
5,upper,BISON,160.684,1427.0
5,upper,BISON,161.538,1438.7
5,upper,BISON,164.103,1462.2
5,upper,BISON,164.957,1458.8
5,upper,BISON,165.812,1455.5
5,upper,BISON,166.667,1452.1
5,upper,BISON,167.521,1448.8
5,upper,BISON,168.376,1445.4
5,upper,BISON,169.231,1442.1
5,upper,BISON,170.085,1438.7
5,upper,BISON,172.650,1448.8
5,upper,BISON,173.504,1447.1
5,upper,BISON,174.359,1447.1
5,upper,BISON,175.214,1447.1
5,upper,BISON,176.068,1447.1
5,upper,BISON,176.923,1445.4
5,upper,BISON,177.778,1443.7
5,upper,BISON,178.632,1443.7
5,upper,BISON,179.487,1443.7
5,upper,BISON,180.342,1443.7
5,upper,BISON,181.197,1443.7
5,upper,BISON,182.051,1440.4
5,upper,BISON,182.906,1440.4
5,upper,BISON,183.761,1440.4
5,upper,BISON,184.615,1440.4
5,upper,BISON,185.470,1440.4
5,upper,BISON,186.325,1437.0
5,upper,BISON,187.179,1437.0
5,upper,BISON,188.034,1437.0
5,upper,BISON,188.889,1437.0
5,upper,BISON,189.744,1437.0
5,upper,BISON,192.308,455.5
5,upper,BISON,196.581,1333.0
5,upper,BISON,197.436,1344.7
5,upper,BISON,198.291,1358.2
5,upper,BISON,199.145,1368.2
5,upper,BISON,200.000,1383.3
5,upper,BISON,200.855,1393.4
5,upper,BISON,201.709,1406.8
5,upper,BISON,202.564,1418.6
5,upper,BISON,203.419,1432.0
5,upper,BISON,204.274,1442.1
5,upper,BISON,205.128,1455.5
5,upper,BISON,205.983,1468.9
5,upper,BISON,206.838,1479.0
5,upper,BISON,207.692,1492.4
5,upper,BISON,208.547,1505.8
5,upper,BISON,211.111,1569.6
5,upper,BISON,211.966,1583.0
5,upper,BISON,215.385,1453.8
5,upper,BISON,216.239,1457.2
5,upper,BISON,217.094,1457.2
5,upper,BISON,217.949,1457.2
5,upper,BISON,218.803,1460.5
5,upper,BISON,219.658,1460.5
5,upper,BISON,220.513,1460.5
5,upper,BISON,221.368,1463.9
5,upper,BISON,222.222,1463.9
5,upper,BISON,223.077,1463.9
5,upper,BISON,223.932,1467.2
5,upper,BISON,224.786,1467.2
5,upper,BISON,225.641,1467.2
5,upper,BISON,226.496,1470.6
5,upper,BISON,227.350,1470.6
5,upper,BISON,228.205,1470.6
5,upper,BISON,229.060,1473.9
5,upper,BISON,229.915,1473.9
5,upper,BISON,230.769,1473.9
5,upper,BISON,231.624,1477.3
5,upper,BISON,232.479,1477.3
5,upper,BISON,233.333,1477.3
5,upper,BISON,234.188,1480.6
5,upper,BISON,235.043,1480.6
5,upper,BISON,235.897,1480.6
5,upper,BISON,236.752,1484.0
5,upper,BISON,237.607,1484.0
5,upper,BISON,238.462,1484.0
5,upper,BISON,239.316,1485.7
5,upper,BISON,240.171,1487.4
5,upper,BISON,241.026,1487.4
5,upper,BISON,241.880,1489.0
5,upper,BISON,242.735,1490.7
5,upper,BISON,243.590,1490.7
5,upper,BISON,244.444,1492.4
5,upper,BISON,247.009,1455.5
5,upper,BISON,247.863,1458.8
5,upper,BISON,248.718,1462.2
5,upper,BISON,249.573,1465.5
5,upper,BISON,250.427,1468.9
5,upper,BISON,251.282,1472.3
5,upper,BISON,252.137,1475.6
5,upper,BISON,252.991,1479.0
5,upper,BISON,253.846,1482.3
5,upper,BISON,257.265,1450.4
5,upper,BISON,258.120,1450.4
5,upper,BISON,258.974,1448.8
5,upper,BISON,259.829,1447.1
5,upper,BISON,260.684,1447.1
5,upper,BISON,261.538,1443.7
5,upper,BISON,262.393,1443.7
5,upper,BISON,263.248,1442.1
5,upper,BISON,264.103,1440.4
5,upper,BISON,264.957,1440.4
5,upper,BISON,265.812,1437.0
5,upper,BISON,266.667,1437.0
5,upper,BISON,267.521,1433.7
5,upper,BISON,268.376,1433.7
5,upper,BISON,270.940,515.9
5,upper,BISON,271.795,536.0
5,upper,BISON,282.906,1552.8
5,upper,BISON,283.761,1549.4
5,upper,BISON,284.615,1546.1
5,upper,BISON,285.470,1542.7
5,upper,BISON,286.325,1539.4
5,upper,BISON,287.179,1536.0
5,upper,BISON,288.034,1532.7
5,upper,BISON,288.889,1529.3
5,upper,BISON,289.744,1524.3
5,upper,BISON,290.598,1520.9
5,upper,BISON,291.453,1517.6
5,upper,BISON,292.308,1514.2
5,upper,BISON,293.162,1510.8
5,upper,BISON,294.017,1505.8
5,upper,BISON,294.872,1502.5
5,upper,BISON,295.726,1499.1
5,upper,BISON,296.581,1495.7
5,upper,BISON,297.436,1492.4
5,upper,BISON,298.291,1489.0
5,upper,BISON,299.145,1485.7
5,upper,BISON,300.000,1482.3
5,upper,BISON,300.855,1477.3
5,upper,BISON,301.709,1473.9
5,upper,BISON,302.564,1470.6
5,upper,BISON,303.419,1467.2
5,upper,BISON,304.274,1462.2
5,upper,BISON,305.128,1458.8
5,upper,BISON,305.983,1455.5
5,upper,BISON,306.838,1452.1
5,upper,BISON,307.692,1448.8
5,upper,BISON,308.547,1445.4
5,upper,BISON,309.402,1442.1
5,upper,BISON,310.256,1438.7
5,upper,BISON,311.111,1433.7
5,upper,BISON,311.966,1430.3
5,upper,BISON,317.094,1515.9
5,upper,BISON,317.949,1517.6
5,upper,BISON,318.803,1519.2
5,upper,BISON,319.658,1520.9
5,upper,BISON,320.513,1520.9
5,upper,BISON,321.368,1524.3
5,upper,BISON,322.222,1526.0
5,upper,BISON,323.077,1527.6
5,upper,BISON,323.932,1529.3
5,upper,BISON,324.786,1531.0
5,upper,BISON,325.641,1532.7
5,upper,BISON,326.496,1534.3
5,upper,BISON,327.350,1536.0
5,upper,BISON,328.205,1537.7
5,upper,BISON,329.060,1539.4
5,upper,BISON,333.333,1520.9
5,upper,BISON,334.188,1520.9
5,upper,BISON,335.043,1522.6
5,upper,BISON,335.897,1524.3
5,upper,BISON,336.752,1524.3
5,upper,BISON,337.607,1524.3
5,upper,BISON,338.462,1526.0
5,upper,BISON,339.316,1527.6
5,upper,BISON,340.171,1527.6
5,upper,BISON,341.026,1529.3
5,upper,BISON,341.880,1529.3
5,upper,BISON,347.009,437.0
5,upper,BISON,347.863,443.7
5,upper,BISON,348.718,452.1
5,upper,BISON,352.137,1282.7
5,upper,BISON,352.991,1299.4
5,upper,BISON,353.846,1317.9
5,upper,BISON,354.701,1336.4
5,upper,BISON,355.556,1358.2
5,upper,BISON,356.410,1378.3
5,upper,BISON,357.265,1401.8
5,upper,BISON,358.120,1421.9
5,upper,BISON,358.974,1443.7
5,upper,BISON,362.393,1504.1
5,upper,BISON,363.248,1505.8
5,upper,BISON,364.103,1509.2
5,upper,BISON,364.957,1510.8
5,upper,BISON,365.812,1512.5
5,upper,BISON,366.667,1514.2
5,upper,BISON,367.521,1515.9
5,upper,BISON,368.376,1517.6
5,upper,BISON,369.231,1519.2
5,upper,BISON,370.085,1520.9
5,upper,BISON,370.940,1522.6
5,upper,BISON,374.359,1526.0
5,upper,BISON,376.068,1480.6
5,upper,BISON,376.923,1475.6
5,upper,BISON,377.778,1472.3
5,upper,BISON,378.632,1467.2
5,upper,BISON,379.487,1462.2
5,upper,BISON,383.761,1468.9
5,upper,BISON,384.615,1465.5
5,upper,BISON,385.470,1462.2
5,upper,BISON,386.325,1458.8
5,upper,BISON,387.179,1455.5
5,upper,BISON,388.034,1452.1
5,upper,BISON,388.889,1448.8
5,upper,BISON,389.744,1445.4
5,upper,BISON,390.598,1442.1
5,upper,BISON,391.453,1438.7
5,upper,BISON,392.308,1435.3
5,upper,BISON,393.162,1432.0
5,upper,BISON,394.017,1428.6
5,upper,BISON,394.872,1425.3
5,upper,BISON,395.726,1421.9
5,upper,BISON,396.581,1418.6
5,upper,BISON,402.564,1358.2
5,upper,BISON,403.419,1361.5
5,upper,BISON,404.274,1363.2
5,upper,BISON,411.966,1388.4
5,upper,BISON,412.821,1391.7
5,upper,BISON,413.675,1390.0
5,upper,BISON,414.530,1388.4
5,upper,BISON,415.385,1385.0
5,upper,BISON,416.239,1381.7
5,upper,BISON,417.094,1378.3
5,upper,BISON,417.949,1376.6
5,upper,BISON,418.803,1374.9
5,upper,BISON,419.658,1371.6
5,upper,BISON,420.513,1368.2
5,upper,BISON,421.368,1364.9
5,upper,BISON,422.222,1363.2
5,upper,BISON,423.077,1359.8
5,upper,BISON,423.932,1358.2
5,upper,BISON,427.350,1447.1
5,upper,BISON,428.205,1437.0
5,upper,BISON,429.060,1428.6
5,upper,BISON,429.915,1418.6
5,upper,BISON,430.769,1408.5
5,upper,BISON,431.624,1400.1
5,upper,BISON,432.479,1391.7
5,upper,BISON,433.333,1381.7
5,upper,BISON,434.188,1373.3
5,upper,BISON,435.043,1363.2
5,upper,BISON,435.897,1353.1
5,upper,BISON,436.752,1343.1
5,upper,BISON,437.607,1334.7
5,upper,BISON,438.462,1326.3
5,upper,BISON,439.316,1316.2
5,upper,BISON,440.171,1306.2
5,upper,BISON,441.026,1297.8
5,upper,BISON,447.863,1658.5
5,upper,BISON,448.718,1660.2
5,upper,BISON,451.282,1692.1
5,upper,BISON,452.137,1688.7
5,upper,BISON,452.991,1688.7
5,upper,BISON,453.846,1685.3
5,upper,BISON,454.701,1683.7
5,upper,BISON,455.556,1682.0
5,upper,BISON,456.410,1680.3
5,upper,BISON,457.265,1678.6
5,upper,BISON,458.120,1677.0
5,upper,BISON,458.974,1675.3
5,upper,BISON,459.829,1671.9
5,upper,BISON,460.684,1670.2
5,upper,BISON,461.538,1668.6
5,upper,BISON,464.103,1693.7
5,upper,BISON,464.957,1688.7
5,upper,BISON,465.812,1685.3
5,upper,BISON,466.667,1683.7
5,upper,BISON,467.521,1680.3
5,upper,BISON,468.376,1677.0
5,upper,BISON,469.231,1673.6
5,upper,BISON,470.085,1670.2
5,upper,BISON,470.940,1666.9
5,upper,BISON,471.795,1663.5
5,upper,BISON,472.650,1660.2
5,upper,BISON,473.504,1656.8
5,upper,BISON,474.359,1653.5
5,upper,BISON,475.214,1650.1
5,upper,BISON,476.068,1646.8
5,upper,BISON,476.923,1643.4
5,upper,BISON,477.778,1641.7
5,upper,BISON,482.051,1606.5
5,upper,BISON,485.470,1609.8
5,upper,BISON,486.325,1613.2
5,upper,BISON,487.179,1618.2
5,upper,BISON,488.034,1623.3
5,upper,BISON,488.889,1626.6
5,upper,BISON,489.744,1631.7
5,upper,BISON,490.598,1636.7
5,upper,BISON,491.453,1640.0
5,upper,BISON,492.308,1645.1
5,upper,BISON,493.162,1650.1
5,upper,BISON,494.017,1653.5
5,upper,BISON,494.872,1658.5
5,upper,BISON,495.726,1663.5
5,upper,BISON,496.581,1666.9
5,upper,BISON,497.436,1673.6
5,upper,BISON,498.291,1677.0
5,upper,BISON,499.145,1680.3
5,upper,BISON,500.000,1687.0
5,upper,BISON,500.855,1690.4
5,upper,BISON,501.709,1697.1
5,upper,BISON,502.564,1700.4
5,upper,BISON,503.419,1705.5
5,upper,BISON,504.274,1710.5
5,upper,BISON,505.128,1713.9
5,lower,measured,5.128,1683.7
5,lower,measured,5.983,1685.3
5,lower,measured,6.838,1666.3
5,lower,measured,7.692,1693.7
5,lower,measured,8.547,1663.5
5,lower,measured,9.402,1666.9
5,lower,measured,11.966,1692.1
5,lower,measured,12.821,1705.5
5,lower,measured,13.675,1691.2
5,lower,measured,14.530,1671.6
5,lower,measured,15.385,1673.8
5,lower,measured,16.239,1683.7
5,lower,measured,17.094,1686.6
5,lower,measured,17.949,1680.3
5,lower,measured,18.803,1678.3
5,lower,measured,19.658,1684.3
5,lower,measured,20.513,1681.0
5,lower,measured,21.368,1679.0
5,lower,measured,22.222,1674.8
5,lower,measured,23.077,1675.3
5,lower,measured,23.932,1679.8
5,lower,measured,24.786,1680.1
5,lower,measured,25.641,1683.5
5,lower,measured,26.496,1677.0
5,lower,measured,27.350,1670.2
5,lower,measured,28.205,1670.2
5,lower,measured,29.060,1672.3
5,lower,measured,29.915,1670.8
5,lower,measured,30.769,1676.6
5,lower,measured,32.479,1668.8
5,lower,measured,33.333,1665.2
5,lower,measured,34.188,1679.2
5,lower,measured,35.043,1679.2
5,lower,measured,35.897,1677.4
5,lower,measured,36.752,1683.7
5,lower,measured,37.607,1679.8
5,lower,measured,38.462,1679.4
5,lower,measured,39.316,1669.6
5,lower,measured,40.171,1672.6
5,lower,measured,41.026,1668.3
5,lower,measured,41.880,1666.7
5,lower,measured,42.735,1668.9
5,lower,measured,43.590,1669.0
5,lower,measured,44.444,1657.7
5,lower,measured,45.299,1659.6
5,lower,measured,46.154,1661.5
5,lower,measured,47.009,1659.0
5,lower,measured,47.863,1656.3
5,lower,measured,48.718,1654.1
5,lower,measured,49.573,1656.3
5,lower,measured,50.427,1666.9
5,lower,measured,51.282,1669.8
5,lower,measured,52.137,1664.6
5,lower,measured,52.991,1668.6
5,lower,measured,53.846,1668.6
5,lower,measured,54.701,1661.9
5,lower,measured,55.556,1663.5
5,lower,measured,56.410,1661.9
5,lower,measured,57.265,1659.5
5,lower,measured,58.120,1658.5
5,lower,measured,58.974,1663.5
5,lower,measured,59.829,1656.8
5,lower,measured,60.684,1661.9
5,lower,measured,61.538,1661.9
5,lower,measured,62.393,1645.6
5,lower,measured,63.248,1652.5
5,lower,measured,64.103,1655.1
5,lower,measured,64.957,1655.1
5,lower,measured,65.812,1651.8
5,lower,measured,66.667,1648.4
5,lower,measured,67.521,1643.4
5,lower,measured,68.376,1627.6
5,lower,measured,69.231,1624.4
5,lower,measured,70.085,1633.3
5,lower,measured,70.940,1631.7
5,lower,measured,71.795,1645.1
5,lower,measured,72.650,1655.1
5,lower,measured,73.504,1660.2
5,lower,measured,74.359,1655.1
5,lower,measured,75.214,1653.5
5,lower,measured,76.068,1656.8
5,lower,measured,76.923,1653.5
5,lower,measured,77.778,1653.5
5,lower,measured,78.632,1653.5
5,lower,measured,79.487,1648.4
5,lower,measured,80.342,1665.2
5,lower,measured,81.197,1658.5
5,lower,measured,82.051,1656.8
5,lower,measured,82.906,1655.1
5,lower,measured,83.761,1663.5
5,lower,measured,84.615,1663.5
5,lower,measured,85.470,1660.2
5,lower,measured,86.325,1660.2
5,lower,measured,87.179,1660.2
5,lower,measured,88.034,1661.9
5,lower,measured,88.889,1658.5
5,lower,measured,89.744,1655.1
5,lower,measured,90.598,1651.8
5,lower,measured,91.453,1656.8
5,lower,measured,92.308,1656.8
5,lower,measured,93.162,1656.8
5,lower,measured,94.017,1666.9
5,lower,measured,94.872,1685.3
5,lower,measured,95.726,1683.7
5,lower,measured,96.581,396.8
5,lower,measured,97.436,406.8
5,lower,measured,98.291,415.2
5,lower,measured,100.000,1440.4
5,lower,measured,100.855,1435.3
5,lower,measured,101.709,1425.3
5,lower,measured,102.564,1434.3
5,lower,measured,103.419,1438.7
5,lower,measured,104.274,1445.4
5,lower,measured,105.128,1460.5
5,lower,measured,105.983,1473.9
5,lower,measured,106.838,1480.6
5,lower,measured,107.692,1480.6
5,lower,measured,108.547,1489.0
5,lower,measured,109.402,1492.4
5,lower,measured,110.256,1484.0
5,lower,measured,111.111,1487.4
5,lower,measured,111.966,1505.8
5,lower,measured,112.821,1502.5
5,lower,measured,113.675,1484.0
5,lower,measured,114.530,1489.0
5,lower,measured,115.385,1421.4
5,lower,measured,116.239,1422.6
5,lower,measured,117.094,1489.0
5,lower,measured,117.949,1487.4
5,lower,measured,118.803,1494.1
5,lower,measured,119.658,1500.8
5,lower,measured,120.513,1509.2
5,lower,measured,121.368,1510.8
5,lower,measured,122.222,1505.8
5,lower,measured,123.077,1505.8
5,lower,measured,123.932,1502.5
5,lower,measured,124.786,1504.1
5,lower,measured,125.641,1500.8
5,lower,measured,126.496,1534.3
5,lower,measured,127.350,1523.4
5,lower,measured,128.205,1552.8
5,lower,measured,129.060,1564.5
5,lower,measured,129.915,1569.6
5,lower,measured,130.769,1561.2
5,lower,measured,131.624,1557.8
5,lower,measured,132.479,1561.2
5,lower,measured,133.333,1562.9
5,lower,measured,134.188,1554.5
5,lower,measured,135.043,1556.2
5,lower,measured,135.897,1552.8
5,lower,measured,136.752,1492.0
5,lower,measured,137.607,1495.5
5,lower,measured,138.462,1544.1
5,lower,measured,139.316,1544.4
5,lower,measured,140.171,1551.1
5,lower,measured,141.026,1552.8
5,lower,measured,141.880,1547.8
5,lower,measured,142.735,1544.4
5,lower,measured,143.590,1546.1
5,lower,measured,144.444,1578.0
5,lower,measured,145.299,1578.0
5,lower,measured,146.154,1534.3
5,lower,measured,147.009,1475.6
5,lower,measured,147.863,1492.4
5,lower,measured,148.718,1490.7
5,lower,measured,149.573,1478.6
5,lower,measured,150.427,1460.5
5,lower,measured,151.282,1467.2
5,lower,measured,152.137,1463.9
5,lower,measured,152.991,1460.5
5,lower,measured,153.846,1458.8
5,lower,measured,154.701,1448.8
5,lower,measured,155.556,1398.4
5,lower,measured,156.410,1427.0
5,lower,measured,157.265,1440.4
5,lower,measured,158.120,1445.4
5,lower,measured,158.974,1467.3
5,lower,measured,159.829,1475.6
5,lower,measured,160.684,1492.4
5,lower,measured,161.538,1492.4
5,lower,measured,162.393,1495.7
5,lower,measured,163.248,1515.9
5,lower,measured,164.103,1519.2
5,lower,measured,164.957,1501.5
5,lower,measured,165.812,1505.3
5,lower,measured,166.667,1515.9
5,lower,measured,167.521,1510.8
5,lower,measured,168.376,1504.1
5,lower,measured,169.231,1505.8
5,lower,measured,170.085,1502.5
5,lower,measured,170.940,1499.1
5,lower,measured,171.795,1509.2
5,lower,measured,172.650,1509.2
5,lower,measured,173.504,1510.8
5,lower,measured,174.359,1504.1
5,lower,measured,175.214,1500.8
5,lower,measured,176.068,1502.5
5,lower,measured,176.923,1499.1
5,lower,measured,177.778,1504.1
5,lower,measured,178.632,1509.2
5,lower,measured,179.487,1510.8
5,lower,measured,180.342,1500.8
5,lower,measured,181.197,1495.7
5,lower,measured,182.051,1500.8
5,lower,measured,182.906,1504.1
5,lower,measured,183.761,1507.5
5,lower,measured,184.615,1505.8
5,lower,measured,185.470,1490.7
5,lower,measured,186.325,1485.7
5,lower,measured,187.179,1487.4
5,lower,measured,188.034,1485.7
5,lower,measured,188.889,1495.7
5,lower,measured,189.744,1502.5
5,lower,measured,190.598,1492.4
5,lower,measured,191.453,1492.4
5,lower,measured,194.017,1386.7
5,lower,measured,196.581,1460.5
5,lower,measured,197.436,1415.2
5,lower,measured,198.291,1415.2
5,lower,measured,199.145,1416.9
5,lower,measured,200.000,1421.9
5,lower,measured,200.855,1490.2
5,lower,measured,201.709,1489.0
5,lower,measured,202.564,1487.4
5,lower,measured,203.419,1487.4
5,lower,measured,204.274,1490.7
5,lower,measured,205.128,1497.4
5,lower,measured,205.983,1502.5
5,lower,measured,206.838,1515.9
5,lower,measured,207.692,1578.0
5,lower,measured,208.547,1576.3
5,lower,measured,209.402,1591.4
5,lower,measured,210.256,1611.5
5,lower,measured,211.111,1611.5
5,lower,measured,211.966,1614.9
5,lower,measured,212.821,1616.6
5,lower,measured,213.675,1609.8
5,lower,measured,214.530,1514.2
5,lower,measured,215.385,1500.8
5,lower,measured,216.239,1495.7
5,lower,measured,217.094,1497.4
5,lower,measured,217.949,1499.1
5,lower,measured,218.803,1500.8
5,lower,measured,219.658,1500.8
5,lower,measured,220.513,1504.1
5,lower,measured,221.368,1497.4
5,lower,measured,222.222,1494.1
5,lower,measured,223.077,1490.2
5,lower,measured,223.932,1490.2
5,lower,measured,224.786,1499.1
5,lower,measured,225.641,1505.8
5,lower,measured,226.496,1507.5
5,lower,measured,227.350,1497.8
5,lower,measured,228.205,1494.3
5,lower,measured,229.060,1507.5
5,lower,measured,229.915,1509.2
5,lower,measured,230.769,1509.2
5,lower,measured,231.624,1510.8
5,lower,measured,232.479,1509.2
5,lower,measured,233.333,1514.2
5,lower,measured,234.188,1519.2
5,lower,measured,235.043,1531.0
5,lower,measured,235.897,1536.0
5,lower,measured,236.752,1537.7
5,lower,measured,237.607,1539.4
5,lower,measured,238.462,1539.4
5,lower,measured,239.316,1546.1
5,lower,measured,240.171,1542.7
5,lower,measured,241.026,1536.0
5,lower,measured,241.880,1536.0
5,lower,measured,242.735,1541.1
5,lower,measured,243.590,1544.4
5,lower,measured,244.444,1536.0
5,lower,measured,245.299,1529.3
5,lower,measured,246.154,1524.3
5,lower,measured,247.009,1534.3
5,lower,measured,247.863,1492.4
5,lower,measured,248.718,1514.2
5,lower,measured,249.573,1527.6
5,lower,measured,250.427,1529.3
5,lower,measured,251.282,1531.0
5,lower,measured,252.137,1519.2
5,lower,measured,252.991,1510.8
5,lower,measured,253.846,1514.2
5,lower,measured,254.701,1514.2
5,lower,measured,255.556,1566.2
5,lower,measured,256.410,1566.2
5,lower,measured,257.265,1497.4
5,lower,measured,258.120,1484.2
5,lower,measured,258.974,1497.1
5,lower,measured,259.829,1500.8
5,lower,measured,260.684,1495.7
5,lower,measured,261.538,1500.8
5,lower,measured,262.393,1494.1
5,lower,measured,263.248,1489.0
5,lower,measured,264.103,1489.0
5,lower,measured,264.957,1485.7
5,lower,measured,265.812,1473.9
5,lower,measured,266.667,1475.6
5,lower,measured,267.521,1479.0
5,lower,measured,268.376,1477.3
5,lower,measured,269.231,1473.9
5,lower,measured,270.085,1480.6
5,lower,measured,270.940,1485.7
5,lower,measured,271.795,1472.3
5,lower,measured,272.650,1473.9
5,lower,measured,276.068,593.1
5,lower,measured,277.778,1334.7
5,lower,measured,279.487,901.8
5,lower,measured,281.197,400.1
5,lower,measured,282.051,403.5
5,lower,measured,283.761,1493.4
5,lower,measured,284.615,1499.5
5,lower,measured,285.470,1512.0
5,lower,measured,286.325,1490.7
5,lower,measured,287.179,1495.7
5,lower,measured,288.034,1490.7
5,lower,measured,288.889,1487.4
5,lower,measured,289.744,1487.4
5,lower,measured,290.598,1484.0
5,lower,measured,291.453,1477.3
5,lower,measured,292.308,1475.6
5,lower,measured,293.162,1465.1
5,lower,measured,294.017,1445.4
5,lower,measured,294.872,1443.7
5,lower,measured,295.726,1451.0
5,lower,measured,296.581,1453.4
5,lower,measured,297.436,1440.4
5,lower,measured,298.291,1435.3
5,lower,measured,299.145,1448.8
5,lower,measured,300.000,1451.7
5,lower,measured,300.855,1462.2
5,lower,measured,301.709,1458.8
5,lower,measured,302.564,1437.6
5,lower,measured,303.419,1434.2
5,lower,measured,304.274,1448.1
5,lower,measured,305.128,1440.4
5,lower,measured,308.547,1426.1
5,lower,measured,309.402,1431.7
5,lower,measured,310.256,1433.7
5,lower,measured,311.111,1430.3
5,lower,measured,311.966,1420.2
5,lower,measured,312.821,1433.7
5,lower,measured,313.675,1452.1
5,lower,measured,316.239,1453.8
5,lower,measured,317.094,1447.1
5,lower,measured,317.949,1453.8
5,lower,measured,318.803,1452.1
5,lower,measured,319.658,1470.6
5,lower,measured,320.513,1473.9
5,lower,measured,321.368,1479.0
5,lower,measured,322.222,1462.2
5,lower,measured,323.077,1460.5
5,lower,measured,323.932,1457.2
5,lower,measured,324.786,1458.8
5,lower,measured,325.641,1458.8
5,lower,measured,326.496,1462.2
5,lower,measured,327.350,1467.2
5,lower,measured,328.205,1448.8
5,lower,measured,329.060,1465.5
5,lower,measured,331.624,497.4
5,lower,measured,333.333,1445.4
5,lower,measured,334.188,1437.0
5,lower,measured,335.043,1438.7
5,lower,measured,335.897,1447.1
5,lower,measured,336.752,1443.7
5,lower,measured,337.607,1445.4
5,lower,measured,338.462,1452.1
5,lower,measured,339.316,1445.4
5,lower,measured,340.171,1443.7
5,lower,measured,341.026,1447.1
5,lower,measured,341.880,1403.5
5,lower,measured,342.735,1537.7
5,lower,measured,343.590,1537.7
5,lower,measured,344.444,1416.9
5,lower,measured,345.299,1418.6
5,lower,measured,350.427,410.2
5,lower,measured,352.137,1301.1
5,lower,measured,352.991,1309.5
5,lower,measured,353.846,1333.0
5,lower,measured,354.701,1353.1
5,lower,measured,355.556,1312.9
5,lower,measured,356.410,1322.9
5,lower,measured,357.265,1346.4
5,lower,measured,358.120,1364.9
5,lower,measured,358.974,1376.6
5,lower,measured,360.684,703.8
5,lower,measured,361.538,705.5
5,lower,measured,362.393,1396.8
5,lower,measured,363.248,1418.6
5,lower,measured,364.103,1435.3
5,lower,measured,364.957,1457.2
5,lower,measured,365.812,1457.2
5,lower,measured,366.667,1442.1
5,lower,measured,367.521,1438.7
5,lower,measured,368.376,1437.0
5,lower,measured,369.231,1438.7
5,lower,measured,370.085,1435.3
5,lower,measured,370.940,1435.3
5,lower,measured,376.068,1400.1
5,lower,measured,376.923,1395.1
5,lower,measured,377.778,1391.7
5,lower,measured,378.632,1388.4
5,lower,measured,379.487,1390.0
5,lower,measured,383.761,1371.6
5,lower,measured,384.615,1380.0
5,lower,measured,385.470,1380.0
5,lower,measured,386.325,1378.3
5,lower,measured,387.179,1378.3
5,lower,measured,388.034,1380.0
5,lower,measured,388.889,1376.6
5,lower,measured,389.744,1368.2
5,lower,measured,390.598,1356.5
5,lower,measured,391.453,1356.5
5,lower,measured,392.308,1359.8
5,lower,measured,393.162,1359.8
5,lower,measured,394.017,1358.2
5,lower,measured,394.872,1351.5
5,lower,measured,395.726,1348.1
5,lower,measured,396.581,1344.7
5,lower,measured,398.291,388.4
5,lower,measured,399.145,1108.2
5,lower,measured,400.000,1247.4
5,lower,measured,402.564,1281.0
5,lower,measured,403.419,1294.4
5,lower,measured,404.274,1309.5
5,lower,measured,405.983,566.2
5,lower,measured,406.838,566.2
5,lower,measured,409.402,1334.7
5,lower,measured,410.256,1289.4
5,lower,measured,412.821,1316.2
5,lower,measured,413.675,1309.5
5,lower,measured,414.530,1304.5
5,lower,measured,415.385,1294.4
5,lower,measured,416.239,1297.8
5,lower,measured,417.094,1292.7
5,lower,measured,417.949,1286.0
5,lower,measured,418.803,1286.0
5,lower,measured,419.658,1287.7
5,lower,measured,420.513,1284.3
5,lower,measured,421.368,1277.6
5,lower,measured,422.222,1277.6
5,lower,measured,423.077,1281.0
5,lower,measured,424.786,445.4
5,lower,measured,425.641,499.1
5,lower,measured,426.496,572.9
5,lower,measured,428.205,1319.6
5,lower,measured,429.060,1321.3
5,lower,measured,429.915,1321.3
5,lower,measured,430.769,1309.5
5,lower,measured,431.624,1307.8
5,lower,measured,432.479,1307.8
5,lower,measured,433.333,1307.8
5,lower,measured,434.188,1309.5
5,lower,measured,435.043,1307.8
5,lower,measured,435.897,1301.1
5,lower,measured,436.752,1302.8
5,lower,measured,437.607,1292.7
5,lower,measured,438.462,1289.4
5,lower,measured,439.316,1311.2
5,lower,measured,440.171,1306.2
5,lower,measured,441.026,1301.1
5,lower,measured,443.590,406.8
5,lower,measured,444.444,405.1
5,lower,measured,446.154,390.0
5,lower,measured,447.863,1484.0
5,lower,measured,448.718,1502.5
5,lower,measured,451.282,1522.6
5,lower,measured,452.137,1526.0
5,lower,measured,452.991,1519.2
5,lower,measured,453.846,1443.7
5,lower,measured,454.701,1442.1
5,lower,measured,455.556,1504.1
5,lower,measured,456.410,1497.4
5,lower,measured,457.265,1497.4
5,lower,measured,458.120,1494.1
5,lower,measured,458.974,1495.7
5,lower,measured,459.829,1494.1
5,lower,measured,460.684,1495.7
5,lower,measured,461.538,1489.0
5,lower,measured,464.103,1494.1
5,lower,measured,464.957,1484.0
5,lower,measured,465.812,1480.6
5,lower,measured,466.667,1482.3
5,lower,measured,467.521,1482.3
5,lower,measured,468.376,1475.6
5,lower,measured,469.231,1477.3
5,lower,measured,470.085,1484.0
5,lower,measured,470.940,1480.6
5,lower,measured,471.795,1487.4
5,lower,measured,472.650,1490.7
5,lower,measured,473.504,1462.2
5,lower,measured,474.359,1452.1
5,lower,measured,475.214,1460.5
5,lower,measured,476.068,1463.9
5,lower,measured,476.923,1450.4
5,lower,measured,477.778,1427.0
5,lower,measured,482.051,1395.1
5,lower,measured,485.470,1430.3
5,lower,measured,486.325,1427.0
5,lower,measured,487.179,1428.6
5,lower,measured,488.034,1425.3
5,lower,measured,488.889,1420.2
5,lower,measured,489.744,1425.3
5,lower,measured,490.598,1430.3
5,lower,measured,491.453,1425.3
5,lower,measured,492.308,1423.6
5,lower,measured,493.162,1437.0
5,lower,measured,494.017,1435.3
5,lower,measured,494.872,1432.0
5,lower,measured,495.726,1423.6
5,lower,measured,496.581,1408.5
5,lower,measured,497.436,1423.6
5,lower,measured,498.291,1430.3
5,lower,measured,499.145,1448.8
5,lower,measured,500.000,1447.1
5,lower,measured,500.855,1437.0
5,lower,measured,501.709,1432.0
5,lower,measured,502.564,1443.7
5,lower,measured,503.419,1447.1
5,lower,measured,504.274,1455.5
5,lower,BISON,5.128,1655.1
5,lower,BISON,5.983,1661.9
5,lower,BISON,6.838,1668.6
5,lower,BISON,7.692,1677.0
5,lower,BISON,8.547,1685.3
5,lower,BISON,9.402,1692.1
5,lower,BISON,10.256,1700.4
5,lower,BISON,13.675,1682.0
5,lower,BISON,14.530,1682.0
5,lower,BISON,15.385,1682.0
5,lower,BISON,16.239,1682.0
5,lower,BISON,17.094,1682.0
5,lower,BISON,17.949,1682.0
5,lower,BISON,18.803,1680.3
5,lower,BISON,19.658,1678.6
5,lower,BISON,20.513,1678.6
5,lower,BISON,21.368,1678.6
5,lower,BISON,22.222,1675.3
5,lower,BISON,23.077,1675.3
5,lower,BISON,23.932,1675.3
5,lower,BISON,24.786,1673.6
5,lower,BISON,25.641,1671.9
5,lower,BISON,26.496,1671.9
5,lower,BISON,27.350,1671.9
5,lower,BISON,28.205,1668.6
5,lower,BISON,29.060,1668.6
5,lower,BISON,29.915,1668.6
5,lower,BISON,30.769,1668.6
5,lower,BISON,31.624,1665.2
5,lower,BISON,32.479,1665.2
5,lower,BISON,33.333,1665.2
5,lower,BISON,34.188,1665.2
5,lower,BISON,35.043,1661.9
5,lower,BISON,35.897,1661.9
5,lower,BISON,36.752,1661.9
5,lower,BISON,37.607,1661.9
5,lower,BISON,38.462,1658.5
5,lower,BISON,39.316,1658.5
5,lower,BISON,40.171,1658.5
5,lower,BISON,41.026,1658.5
5,lower,BISON,41.880,1655.1
5,lower,BISON,42.735,1655.1
5,lower,BISON,43.590,1655.1
5,lower,BISON,44.444,1655.1
5,lower,BISON,45.299,1651.8
5,lower,BISON,46.154,1651.8
5,lower,BISON,47.009,1651.8
5,lower,BISON,47.863,1651.8
5,lower,BISON,48.718,1651.8
5,lower,BISON,49.573,1648.4
5,lower,BISON,50.427,1648.4
5,lower,BISON,51.282,1648.4
5,lower,BISON,52.137,1648.4
5,lower,BISON,52.991,1645.1
5,lower,BISON,53.846,1645.1
5,lower,BISON,54.701,1645.1
5,lower,BISON,55.556,1645.1
5,lower,BISON,56.410,1643.4
5,lower,BISON,57.265,1641.7
5,lower,BISON,58.120,1641.7
5,lower,BISON,58.974,1641.7
5,lower,BISON,61.538,1638.4
5,lower,BISON,62.393,1636.7
5,lower,BISON,63.248,1635.0
5,lower,BISON,64.103,1631.7
5,lower,BISON,64.957,1630.0
5,lower,BISON,65.812,1628.3
5,lower,BISON,66.667,1624.9
5,lower,BISON,67.521,1623.3
5,lower,BISON,68.376,1621.6
5,lower,BISON,69.231,1618.2
5,lower,BISON,70.085,1616.6
5,lower,BISON,70.940,1614.9
5,lower,BISON,71.795,1611.5
5,lower,BISON,72.650,1609.8
5,lower,BISON,73.504,1608.2
5,lower,BISON,74.359,1604.8
5,lower,BISON,75.214,1604.8
5,lower,BISON,76.068,1601.5
5,lower,BISON,76.923,1599.8
5,lower,BISON,77.778,1598.1
5,lower,BISON,78.632,1594.7
5,lower,BISON,79.487,1593.1
5,lower,BISON,80.342,1611.5
5,lower,BISON,81.197,1624.9
5,lower,BISON,82.051,1624.9
5,lower,BISON,82.906,1624.9
5,lower,BISON,83.761,1624.9
5,lower,BISON,84.615,1624.9
5,lower,BISON,85.470,1624.9
5,lower,BISON,86.325,1624.9
5,lower,BISON,87.179,1628.3
5,lower,BISON,88.034,1628.3
5,lower,BISON,88.889,1628.3
5,lower,BISON,89.744,1628.3
5,lower,BISON,90.598,1628.3
5,lower,BISON,91.453,1628.3
5,lower,BISON,92.308,1628.3
5,lower,BISON,93.162,1628.3
5,lower,BISON,94.017,1628.3
5,lower,BISON,94.872,1628.3
5,lower,BISON,101.709,1398.4
5,lower,BISON,102.564,1405.1
5,lower,BISON,103.419,1408.5
5,lower,BISON,104.274,1415.2
5,lower,BISON,105.128,1420.2
5,lower,BISON,105.983,1425.3
5,lower,BISON,106.838,1432.0
5,lower,BISON,107.692,1435.3
5,lower,BISON,108.547,1442.1
5,lower,BISON,109.402,1445.4
5,lower,BISON,110.256,1452.1
5,lower,BISON,111.111,1458.8
5,lower,BISON,111.966,1460.5
5,lower,BISON,113.675,1421.9
5,lower,BISON,114.530,1425.3
5,lower,BISON,115.385,1432.0
5,lower,BISON,116.239,1435.3
5,lower,BISON,117.094,1438.7
5,lower,BISON,117.949,1445.4
5,lower,BISON,118.803,1448.8
5,lower,BISON,119.658,1452.1
5,lower,BISON,120.513,1458.8
5,lower,BISON,121.368,1462.2
5,lower,BISON,122.222,1465.5
5,lower,BISON,123.077,1470.6
5,lower,BISON,123.932,1475.6
5,lower,BISON,124.786,1479.0
5,lower,BISON,125.641,1484.0
5,lower,BISON,126.496,1489.0
5,lower,BISON,127.350,1492.4
5,lower,BISON,128.205,1495.7
5,lower,BISON,129.060,1500.8
5,lower,BISON,129.915,1505.8
5,lower,BISON,130.769,1509.2
5,lower,BISON,133.333,1504.1
5,lower,BISON,134.188,1504.1
5,lower,BISON,135.043,1504.1
5,lower,BISON,135.897,1504.1
5,lower,BISON,136.752,1504.1
5,lower,BISON,137.607,1504.1
5,lower,BISON,138.462,1504.1
5,lower,BISON,139.316,1500.8
5,lower,BISON,140.171,1500.8
5,lower,BISON,141.026,1500.8
5,lower,BISON,141.880,1500.8
5,lower,BISON,142.735,1500.8
5,lower,BISON,143.590,1500.8
5,lower,BISON,147.863,1433.7
5,lower,BISON,148.718,1432.0
5,lower,BISON,149.573,1430.3
5,lower,BISON,150.427,1430.3
5,lower,BISON,151.282,1427.0
5,lower,BISON,152.137,1427.0
5,lower,BISON,152.991,1427.0
5,lower,BISON,156.410,1369.9
5,lower,BISON,157.265,1386.7
5,lower,BISON,158.120,1396.8
5,lower,BISON,158.974,1408.5
5,lower,BISON,159.829,1418.6
5,lower,BISON,160.684,1428.6
5,lower,BISON,161.538,1437.0
5,lower,BISON,164.103,1473.9
5,lower,BISON,164.957,1472.3
5,lower,BISON,165.812,1468.9
5,lower,BISON,166.667,1467.2
5,lower,BISON,167.521,1463.9
5,lower,BISON,168.376,1460.5
5,lower,BISON,169.231,1458.8
5,lower,BISON,170.085,1455.5
5,lower,BISON,172.650,1463.9
5,lower,BISON,173.504,1463.9
5,lower,BISON,174.359,1460.5
5,lower,BISON,175.214,1460.5
5,lower,BISON,176.068,1460.5
5,lower,BISON,176.923,1460.5
5,lower,BISON,177.778,1457.2
5,lower,BISON,178.632,1457.2
5,lower,BISON,179.487,1457.2
5,lower,BISON,180.342,1457.2
5,lower,BISON,181.197,1453.8
5,lower,BISON,182.051,1453.8
5,lower,BISON,182.906,1453.8
5,lower,BISON,183.761,1452.1
5,lower,BISON,184.615,1450.4
5,lower,BISON,185.470,1450.4
5,lower,BISON,186.325,1450.4
5,lower,BISON,187.179,1447.1
5,lower,BISON,188.034,1447.1
5,lower,BISON,188.889,1447.1
5,lower,BISON,189.744,1447.1
5,lower,BISON,192.308,455.5
5,lower,BISON,196.581,1361.5
5,lower,BISON,197.436,1373.3
5,lower,BISON,198.291,1383.3
5,lower,BISON,199.145,1393.4
5,lower,BISON,200.000,1403.5
5,lower,BISON,200.855,1415.2
5,lower,BISON,201.709,1425.3
5,lower,BISON,202.564,1435.3
5,lower,BISON,203.419,1447.1
5,lower,BISON,204.274,1457.2
5,lower,BISON,205.128,1467.2
5,lower,BISON,205.983,1477.3
5,lower,BISON,206.838,1487.4
5,lower,BISON,207.692,1497.4
5,lower,BISON,208.547,1507.5
5,lower,BISON,211.111,1581.3
5,lower,BISON,211.966,1591.4
5,lower,BISON,215.385,1457.2
5,lower,BISON,216.239,1457.2
5,lower,BISON,217.094,1458.8
5,lower,BISON,217.949,1460.5
5,lower,BISON,218.803,1460.5
5,lower,BISON,219.658,1463.9
5,lower,BISON,220.513,1463.9
5,lower,BISON,221.368,1465.5
5,lower,BISON,222.222,1467.2
5,lower,BISON,223.077,1467.2
5,lower,BISON,223.932,1470.6
5,lower,BISON,224.786,1470.6
5,lower,BISON,225.641,1472.3
5,lower,BISON,226.496,1473.9
5,lower,BISON,227.350,1473.9
5,lower,BISON,228.205,1477.3
5,lower,BISON,229.060,1477.3
5,lower,BISON,229.915,1479.0
5,lower,BISON,230.769,1480.6
5,lower,BISON,231.624,1480.6
5,lower,BISON,232.479,1484.0
5,lower,BISON,233.333,1484.0
5,lower,BISON,234.188,1485.7
5,lower,BISON,235.043,1487.4
5,lower,BISON,235.897,1487.4
5,lower,BISON,236.752,1490.7
5,lower,BISON,237.607,1490.7
5,lower,BISON,238.462,1490.7
5,lower,BISON,239.316,1494.1
5,lower,BISON,240.171,1494.1
5,lower,BISON,241.026,1497.4
5,lower,BISON,241.880,1497.4
5,lower,BISON,242.735,1497.4
5,lower,BISON,243.590,1500.8
5,lower,BISON,244.444,1500.8
5,lower,BISON,247.009,1473.9
5,lower,BISON,247.863,1477.3
5,lower,BISON,248.718,1479.0
5,lower,BISON,249.573,1480.6
5,lower,BISON,250.427,1484.0
5,lower,BISON,251.282,1484.0
5,lower,BISON,252.137,1487.4
5,lower,BISON,252.991,1489.0
5,lower,BISON,253.846,1490.7
5,lower,BISON,257.265,1465.5
5,lower,BISON,258.120,1463.9
5,lower,BISON,258.974,1462.2
5,lower,BISON,259.829,1460.5
5,lower,BISON,260.684,1457.2
5,lower,BISON,261.538,1455.5
5,lower,BISON,262.393,1453.8
5,lower,BISON,263.248,1452.1
5,lower,BISON,264.103,1450.4
5,lower,BISON,264.957,1447.1
5,lower,BISON,265.812,1445.4
5,lower,BISON,266.667,1443.7
5,lower,BISON,267.521,1442.1
5,lower,BISON,268.376,1440.4
5,lower,BISON,270.085,502.5
5,lower,BISON,270.940,515.9
5,lower,BISON,271.795,536.0
5,lower,BISON,282.906,1526.0
5,lower,BISON,283.761,1522.6
5,lower,BISON,284.615,1519.2
5,lower,BISON,285.470,1515.9
5,lower,BISON,286.325,1512.5
5,lower,BISON,287.179,1509.2
5,lower,BISON,288.034,1504.1
5,lower,BISON,288.889,1500.8
5,lower,BISON,289.744,1497.4
5,lower,BISON,290.598,1494.1
5,lower,BISON,291.453,1489.0
5,lower,BISON,292.308,1485.7
5,lower,BISON,293.162,1482.3
5,lower,BISON,294.017,1479.0
5,lower,BISON,294.872,1475.6
5,lower,BISON,295.726,1472.3
5,lower,BISON,296.581,1467.2
5,lower,BISON,297.436,1463.9
5,lower,BISON,298.291,1460.5
5,lower,BISON,299.145,1457.2
5,lower,BISON,300.000,1452.1
5,lower,BISON,300.855,1448.8
5,lower,BISON,301.709,1445.4
5,lower,BISON,302.564,1442.1
5,lower,BISON,303.419,1438.7
5,lower,BISON,304.274,1435.3
5,lower,BISON,305.128,1432.0
5,lower,BISON,305.983,1427.0
5,lower,BISON,306.838,1423.6
5,lower,BISON,307.692,1420.2
5,lower,BISON,308.547,1416.9
5,lower,BISON,309.402,1411.9
5,lower,BISON,310.256,1408.5
5,lower,BISON,311.111,1405.1
5,lower,BISON,311.966,1401.8
5,lower,BISON,317.094,1494.1
5,lower,BISON,317.949,1494.1
5,lower,BISON,318.803,1497.4
5,lower,BISON,319.658,1497.4
5,lower,BISON,320.513,1500.8
5,lower,BISON,321.368,1500.8
5,lower,BISON,322.222,1504.1
5,lower,BISON,323.077,1504.1
5,lower,BISON,323.932,1505.8
5,lower,BISON,324.786,1507.5
5,lower,BISON,325.641,1509.2
5,lower,BISON,326.496,1510.8
5,lower,BISON,327.350,1510.8
5,lower,BISON,328.205,1514.2
5,lower,BISON,329.060,1514.2
5,lower,BISON,333.333,1494.1
5,lower,BISON,334.188,1494.1
5,lower,BISON,335.043,1497.4
5,lower,BISON,335.897,1497.4
5,lower,BISON,336.752,1497.4
5,lower,BISON,337.607,1497.4
5,lower,BISON,338.462,1500.8
5,lower,BISON,339.316,1500.8
5,lower,BISON,340.171,1500.8
5,lower,BISON,341.026,1500.8
5,lower,BISON,341.880,1504.1
5,lower,BISON,346.154,432.0
5,lower,BISON,347.009,437.0
5,lower,BISON,347.863,443.7
5,lower,BISON,348.718,452.1
5,lower,BISON,349.573,458.8
5,lower,BISON,352.137,1270.9
5,lower,BISON,352.991,1287.7
5,lower,BISON,353.846,1306.2
5,lower,BISON,354.701,1322.9
5,lower,BISON,355.556,1341.4
5,lower,BISON,356.410,1361.5
5,lower,BISON,357.265,1383.3
5,lower,BISON,358.120,1405.1
5,lower,BISON,358.974,1427.0
5,lower,BISON,359.829,1442.1
5,lower,BISON,362.393,1490.7
5,lower,BISON,363.248,1494.1
5,lower,BISON,364.103,1494.1
5,lower,BISON,364.957,1497.4
5,lower,BISON,365.812,1499.1
5,lower,BISON,366.667,1500.8
5,lower,BISON,367.521,1502.5
5,lower,BISON,368.376,1504.1
5,lower,BISON,369.231,1505.8
5,lower,BISON,370.085,1507.5
5,lower,BISON,370.940,1510.8
5,lower,BISON,371.795,1509.2
5,lower,BISON,374.359,1517.6
5,lower,BISON,376.068,1468.9
5,lower,BISON,376.923,1462.2
5,lower,BISON,377.778,1458.8
5,lower,BISON,378.632,1452.1
5,lower,BISON,379.487,1448.8
5,lower,BISON,382.906,1452.1
5,lower,BISON,383.761,1452.1
5,lower,BISON,384.615,1448.8
5,lower,BISON,385.470,1445.4
5,lower,BISON,386.325,1442.1
5,lower,BISON,387.179,1438.7
5,lower,BISON,388.034,1435.3
5,lower,BISON,388.889,1432.0
5,lower,BISON,389.744,1428.6
5,lower,BISON,390.598,1425.3
5,lower,BISON,391.453,1423.6
5,lower,BISON,392.308,1420.2
5,lower,BISON,393.162,1416.9
5,lower,BISON,394.017,1413.5
5,lower,BISON,394.872,1410.2
5,lower,BISON,395.726,1406.8
5,lower,BISON,396.581,1403.5
5,lower,BISON,397.436,1398.4
5,lower,BISON,402.564,1346.4
5,lower,BISON,403.419,1348.1
5,lower,BISON,404.274,1349.8
5,lower,BISON,405.128,1351.5
5,lower,BISON,411.966,1378.3
5,lower,BISON,412.821,1376.6
5,lower,BISON,413.675,1374.9
5,lower,BISON,414.530,1371.6
5,lower,BISON,415.385,1368.2
5,lower,BISON,416.239,1366.6
5,lower,BISON,417.094,1363.2
5,lower,BISON,417.949,1359.8
5,lower,BISON,418.803,1356.5
5,lower,BISON,419.658,1354.8
5,lower,BISON,420.513,1351.5
5,lower,BISON,421.368,1348.1
5,lower,BISON,422.222,1346.4
5,lower,BISON,423.077,1343.1
5,lower,BISON,423.932,1339.7
5,lower,BISON,427.350,1425.3
5,lower,BISON,428.205,1416.9
5,lower,BISON,429.060,1406.8
5,lower,BISON,429.915,1398.4
5,lower,BISON,430.769,1390.0
5,lower,BISON,431.624,1380.0
5,lower,BISON,432.479,1369.9
5,lower,BISON,433.333,1359.8
5,lower,BISON,434.188,1353.1
5,lower,BISON,435.043,1343.1
5,lower,BISON,435.897,1333.0
5,lower,BISON,436.752,1326.3
5,lower,BISON,437.607,1316.2
5,lower,BISON,438.462,1306.2
5,lower,BISON,439.316,1299.4
5,lower,BISON,440.171,1289.4
5,lower,BISON,441.026,1279.3
5,lower,BISON,447.863,1695.4
5,lower,BISON,448.718,1698.8
5,lower,BISON,451.282,1732.3
5,lower,BISON,452.137,1732.3
5,lower,BISON,452.991,1729.0
5,lower,BISON,453.846,1727.3
5,lower,BISON,454.701,1725.6
5,lower,BISON,455.556,1722.3
5,lower,BISON,456.410,1720.6
5,lower,BISON,457.265,1718.9
5,lower,BISON,458.120,1715.5
5,lower,BISON,458.974,1713.9
5,lower,BISON,459.829,1712.2
5,lower,BISON,460.684,1708.8
5,lower,BISON,461.538,1707.2
5,lower,BISON,464.103,1732.3
5,lower,BISON,464.957,1727.3
5,lower,BISON,465.812,1723.9
5,lower,BISON,466.667,1718.9
5,lower,BISON,467.521,1713.9
5,lower,BISON,468.376,1710.5
5,lower,BISON,469.231,1705.5
5,lower,BISON,470.085,1700.4
5,lower,BISON,470.940,1697.1
5,lower,BISON,471.795,1692.1
5,lower,BISON,472.650,1687.0
5,lower,BISON,473.504,1683.7
5,lower,BISON,474.359,1678.6
5,lower,BISON,475.214,1673.6
5,lower,BISON,476.068,1670.2
5,lower,BISON,476.923,1665.2
5,lower,BISON,477.778,1660.2
5,lower,BISON,482.051,1596.4
5,lower,BISON,485.470,1623.3
5,lower,BISON,486.325,1624.9
5,lower,BISON,487.179,1628.3
5,lower,BISON,488.034,1631.7
5,lower,BISON,488.889,1635.0
5,lower,BISON,489.744,1636.7
5,lower,BISON,490.598,1640.0
5,lower,BISON,491.453,1643.4
5,lower,BISON,492.308,1645.1
5,lower,BISON,493.162,1648.4
5,lower,BISON,494.017,1651.8
5,lower,BISON,494.872,1655.1
5,lower,BISON,495.726,1656.8
5,lower,BISON,496.581,1660.2
5,lower,BISON,497.436,1663.5
5,lower,BISON,498.291,1666.9
5,lower,BISON,499.145,1668.6
5,lower,BISON,500.000,1671.9
5,lower,BISON,500.855,1675.3
5,lower,BISON,501.709,1678.6
5,lower,BISON,502.564,1682.0
5,lower,BISON,503.419,1683.7
5,lower,BISON,504.274,1687.0
5,lower,BISON,505.128,1690.4
